Deprecation warning: The standalone 'grafana-server' program is deprecated and will be removed in the future. Please update all uses of 'grafana-server' to 'grafana server'
logger=settings t=2025-05-02T14:27:42.024032533-04:00 level=info msg="Starting Grafana" version=10.2.3 commit=1e84fede543acc892d2a2515187e545eb047f237 branch=HEAD compiled=2023-12-18T10:46:07-05:00
logger=settings t=2025-05-02T14:27:42.024263146-04:00 level=info msg="Config loaded from" file=/home/EValenc6/owl-monitoring/grafana/conf/defaults.ini
logger=settings t=2025-05-02T14:27:42.024272568-04:00 level=info msg=Target target=[all]
logger=settings t=2025-05-02T14:27:42.024282649-04:00 level=info msg="Path Home" path=/home/EValenc6/owl-monitoring/grafana
logger=settings t=2025-05-02T14:27:42.024287915-04:00 level=info msg="Path Data" path=/home/EValenc6/owl-monitoring/grafana/data
logger=settings t=2025-05-02T14:27:42.024293259-04:00 level=info msg="Path Logs" path=/home/EValenc6/owl-monitoring/grafana/data/log
logger=settings t=2025-05-02T14:27:42.02429876-04:00 level=info msg="Path Plugins" path=/home/EValenc6/owl-monitoring/grafana/data/plugins
logger=settings t=2025-05-02T14:27:42.02430399-04:00 level=info msg="Path Provisioning" path=/home/EValenc6/owl-monitoring/grafana/conf/provisioning
logger=settings t=2025-05-02T14:27:42.024309363-04:00 level=info msg="App mode production"
logger=sqlstore t=2025-05-02T14:27:42.02460493-04:00 level=info msg="Connecting to DB" dbtype=sqlite3
logger=migrator t=2025-05-02T14:27:42.025153491-04:00 level=info msg="Starting DB migrations"
logger=migrator t=2025-05-02T14:27:42.038819308-04:00 level=info msg="migrations completed" performed=0 skipped=523 duration=441.406µs
logger=secrets t=2025-05-02T14:27:42.039840479-04:00 level=info msg="Envelope encryption state" enabled=true currentprovider=secretKey.v1
logger=plugin.store t=2025-05-02T14:27:42.068261092-04:00 level=info msg="Loading plugins..."
logger=plugins.registration t=2025-05-02T14:27:42.092372986-04:00 level=info msg="Plugin registered" pluginId=input
logger=local.finder t=2025-05-02T14:27:42.092413818-04:00 level=warn msg="Skipping finding plugins as directory does not exist" path=/home/EValenc6/owl-monitoring/grafana/data/plugins
logger=plugin.store t=2025-05-02T14:27:42.092427205-04:00 level=info msg="Plugins loaded" count=56 duration=24.167163ms
logger=query_data t=2025-05-02T14:27:42.095881126-04:00 level=info msg="Query Service initialization"
logger=live.push_http t=2025-05-02T14:27:42.099508993-04:00 level=info msg="Live Push Gateway initialization"
logger=ngalert.migration t=2025-05-02T14:27:42.108223968-04:00 level=info msg=Starting
logger=ngalert.migration CurrentType=UnifiedAlerting DesiredType=UnifiedAlerting CleanOnDowngrade=false CleanOnUpgrade=false t=2025-05-02T14:27:42.108710837-04:00 level=info msg="Migration already complete"
logger=infra.usagestats.collector t=2025-05-02T14:27:42.124130368-04:00 level=info msg="registering usage stat providers" usageStatsProvidersLen=2
logger=provisioning.alerting t=2025-05-02T14:27:42.12482422-04:00 level=info msg="starting to provision alerting"
logger=provisioning.alerting t=2025-05-02T14:27:42.124856827-04:00 level=info msg="finished to provision alerting"
logger=ngalert.state.manager t=2025-05-02T14:27:42.125658462-04:00 level=info msg="Warming state cache for startup"
logger=ngalert.state.manager t=2025-05-02T14:27:42.125987762-04:00 level=info msg="State cache has been initialized" states=0 duration=328.393µs
logger=ngalert.scheduler t=2025-05-02T14:27:42.126027767-04:00 level=info msg="Starting scheduler" tickInterval=10s
logger=ticker t=2025-05-02T14:27:42.126099096-04:00 level=info msg=starting first_tick=2025-05-02T14:27:50-04:00
logger=http.server t=2025-05-02T14:27:42.126733358-04:00 level=info msg="HTTP Server Listen" address=[::]:3000 protocol=http subUrl= socket=
logger=grafanaStorageLogger t=2025-05-02T14:27:42.126844124-04:00 level=info msg="Storage starting"
logger=ngalert.multiorg.alertmanager t=2025-05-02T14:27:42.128266956-04:00 level=info msg="Starting MultiOrg Alertmanager"
logger=plugins.update.checker t=2025-05-02T14:27:42.188823113-04:00 level=info msg="Update check succeeded" duration=61.19764ms
logger=grafana.update.checker t=2025-05-02T14:27:42.294097957-04:00 level=info msg="Update check succeeded" duration=167.01568ms
logger=infra.usagestats t=2025-05-02T14:28:35.136760319-04:00 level=info msg="Usage stats are ready to report"
logger=cleanup t=2025-05-02T14:37:42.129609319-04:00 level=info msg="Completed cleanup jobs" duration=2.098005ms
logger=plugins.update.checker t=2025-05-02T14:37:42.233132111-04:00 level=info msg="Update check succeeded" duration=44.085656ms
logger=grafana.update.checker t=2025-05-02T14:37:42.351799904-04:00 level=info msg="Update check succeeded" duration=56.586104ms
logger=cleanup t=2025-05-02T14:47:42.134613061-04:00 level=info msg="Completed cleanup jobs" duration=7.468714ms
logger=plugins.update.checker t=2025-05-02T14:47:42.239451647-04:00 level=info msg="Update check succeeded" duration=50.047766ms
logger=grafana.update.checker t=2025-05-02T14:47:42.36142403-04:00 level=info msg="Update check succeeded" duration=66.86955ms
logger=cleanup t=2025-05-02T14:57:42.134433218-04:00 level=info msg="Completed cleanup jobs" duration=7.784171ms
logger=plugins.update.checker t=2025-05-02T14:57:42.245999154-04:00 level=info msg="Update check succeeded" duration=56.077004ms
logger=grafana.update.checker t=2025-05-02T14:57:42.362077202-04:00 level=info msg="Update check succeeded" duration=67.592162ms
logger=infra.usagestats t=2025-05-02T14:58:35.148544301-04:00 level=info msg="Usage stats are ready to report"
logger=cleanup t=2025-05-02T15:07:42.133290741-04:00 level=info msg="Completed cleanup jobs" duration=6.841392ms
logger=plugins.update.checker t=2025-05-02T15:07:42.238779759-04:00 level=info msg="Update check succeeded" duration=49.472708ms
logger=grafana.update.checker t=2025-05-02T15:07:42.363157285-04:00 level=info msg="Update check succeeded" duration=68.467733ms
logger=cleanup t=2025-05-02T15:17:42.134812402-04:00 level=info msg="Completed cleanup jobs" duration=7.046017ms
logger=plugins.update.checker t=2025-05-02T15:17:42.245431216-04:00 level=info msg="Update check succeeded" duration=55.638762ms
logger=grafana.update.checker t=2025-05-02T15:17:42.361108908-04:00 level=info msg="Update check succeeded" duration=65.932913ms
logger=cleanup t=2025-05-02T15:27:42.134267942-04:00 level=info msg="Completed cleanup jobs" duration=7.073041ms
logger=plugins.update.checker t=2025-05-02T15:27:42.241363229-04:00 level=info msg="Update check succeeded" duration=51.614022ms
logger=grafana.update.checker t=2025-05-02T15:27:42.366793349-04:00 level=info msg="Update check succeeded" duration=72.158024ms
logger=infra.usagestats t=2025-05-02T15:28:35.14829159-04:00 level=info msg="Usage stats are ready to report"
logger=cleanup t=2025-05-02T15:37:42.134800882-04:00 level=info msg="Completed cleanup jobs" duration=8.4799ms
logger=plugins.update.checker t=2025-05-02T15:37:42.2451235-04:00 level=info msg="Update check succeeded" duration=55.223915ms
logger=grafana.update.checker t=2025-05-02T15:37:42.364082152-04:00 level=info msg="Update check succeeded" duration=68.86487ms
logger=cleanup t=2025-05-02T15:47:42.134934474-04:00 level=info msg="Completed cleanup jobs" duration=7.783733ms
logger=plugins.update.checker t=2025-05-02T15:47:42.246751714-04:00 level=info msg="Update check succeeded" duration=56.817806ms
logger=grafana.update.checker t=2025-05-02T15:47:42.362842422-04:00 level=info msg="Update check succeeded" duration=67.627419ms
logger=cleanup t=2025-05-02T15:57:42.13539354-04:00 level=info msg="Completed cleanup jobs" duration=8.659623ms
logger=plugins.update.checker t=2025-05-02T15:57:42.241686142-04:00 level=info msg="Update check succeeded" duration=51.879465ms
logger=grafana.update.checker t=2025-05-02T15:57:42.359949904-04:00 level=info msg="Update check succeeded" duration=65.698266ms
logger=infra.usagestats t=2025-05-02T15:58:35.141939154-04:00 level=info msg="Usage stats are ready to report"
logger=cleanup t=2025-05-02T16:07:42.135991533-04:00 level=info msg="Completed cleanup jobs" duration=7.796149ms
logger=plugins.update.checker t=2025-05-02T16:07:42.244793037-04:00 level=info msg="Update check succeeded" duration=55.114456ms
logger=grafana.update.checker t=2025-05-02T16:07:42.372597893-04:00 level=info msg="Update check succeeded" duration=77.432919ms
logger=cleanup t=2025-05-02T16:17:42.134514795-04:00 level=info msg="Completed cleanup jobs" duration=8.016904ms
logger=plugins.update.checker t=2025-05-02T16:17:42.239244282-04:00 level=info msg="Update check succeeded" duration=49.696214ms
logger=grafana.update.checker t=2025-05-02T16:17:42.362597452-04:00 level=info msg="Update check succeeded" duration=68.041796ms
logger=cleanup t=2025-05-02T16:27:42.147385347-04:00 level=info msg="Completed cleanup jobs" duration=21.179412ms
logger=plugins.update.checker t=2025-05-02T16:27:42.245550775-04:00 level=info msg="Update check succeeded" duration=55.596172ms
logger=grafana.update.checker t=2025-05-02T16:27:42.36542268-04:00 level=info msg="Update check succeeded" duration=70.658809ms
logger=infra.usagestats t=2025-05-02T16:28:35.149142288-04:00 level=info msg="Usage stats are ready to report"
logger=cleanup t=2025-05-02T16:37:42.135983892-04:00 level=info msg="Completed cleanup jobs" duration=9.356888ms
logger=plugins.update.checker t=2025-05-02T16:37:42.238466223-04:00 level=info msg="Update check succeeded" duration=49.017556ms
logger=grafana.update.checker t=2025-05-02T16:37:42.361010654-04:00 level=info msg="Update check succeeded" duration=66.475439ms
logger=cleanup t=2025-05-02T16:47:42.135573212-04:00 level=info msg="Completed cleanup jobs" duration=8.815213ms
logger=plugins.update.checker t=2025-05-02T16:47:42.243824461-04:00 level=info msg="Update check succeeded" duration=54.46989ms
logger=grafana.update.checker t=2025-05-02T16:47:42.362581094-04:00 level=info msg="Update check succeeded" duration=67.711828ms
logger=cleanup t=2025-05-02T16:57:42.133471489-04:00 level=info msg="Completed cleanup jobs" duration=7.174874ms
logger=plugins.update.checker t=2025-05-02T16:57:42.240776132-04:00 level=info msg="Update check succeeded" duration=51.029266ms
logger=grafana.update.checker t=2025-05-02T16:57:42.362021553-04:00 level=info msg="Update check succeeded" duration=66.994108ms
logger=infra.usagestats t=2025-05-02T16:58:35.149604769-04:00 level=info msg="Usage stats are ready to report"
logger=cleanup t=2025-05-02T17:07:42.134993859-04:00 level=info msg="Completed cleanup jobs" duration=8.250172ms
logger=plugins.update.checker t=2025-05-02T17:07:42.237166448-04:00 level=info msg="Update check succeeded" duration=47.864768ms
logger=grafana.update.checker t=2025-05-02T17:07:42.362753869-04:00 level=info msg="Update check succeeded" duration=67.496756ms
logger=cleanup t=2025-05-02T17:17:42.134030578-04:00 level=info msg="Completed cleanup jobs" duration=7.701789ms
logger=plugins.update.checker t=2025-05-02T17:17:42.237835039-04:00 level=info msg="Update check succeeded" duration=48.74995ms
logger=grafana.update.checker t=2025-05-02T17:17:42.361043618-04:00 level=info msg="Update check succeeded" duration=66.116177ms
logger=cleanup t=2025-05-02T17:27:42.134491113-04:00 level=info msg="Completed cleanup jobs" duration=8.005434ms
logger=plugins.update.checker t=2025-05-02T17:27:42.241090776-04:00 level=info msg="Update check succeeded" duration=51.383044ms
logger=grafana.update.checker t=2025-05-02T17:27:42.465151605-04:00 level=info msg="Update check succeeded" duration=170.886969ms
logger=infra.usagestats t=2025-05-02T17:28:35.148128597-04:00 level=info msg="Usage stats are ready to report"
logger=cleanup t=2025-05-02T17:37:42.13468065-04:00 level=info msg="Completed cleanup jobs" duration=7.951683ms
logger=plugins.update.checker t=2025-05-02T17:37:42.241598781-04:00 level=info msg="Update check succeeded" duration=51.913926ms
logger=grafana.update.checker t=2025-05-02T17:37:42.362988316-04:00 level=info msg="Update check succeeded" duration=68.240762ms
logger=cleanup t=2025-05-02T17:47:42.135523787-04:00 level=info msg="Completed cleanup jobs" duration=8.479678ms
logger=plugins.update.checker t=2025-05-02T17:47:42.243149589-04:00 level=info msg="Update check succeeded" duration=53.897202ms
logger=grafana.update.checker t=2025-05-02T17:47:42.35958264-04:00 level=info msg="Update check succeeded" duration=64.97863ms
logger=cleanup t=2025-05-02T17:57:42.13463648-04:00 level=info msg="Completed cleanup jobs" duration=8.0073ms
logger=plugins.update.checker t=2025-05-02T17:57:42.248457099-04:00 level=info msg="Update check succeeded" duration=58.535714ms
logger=grafana.update.checker t=2025-05-02T17:57:42.362352797-04:00 level=info msg="Update check succeeded" duration=67.288317ms
logger=infra.usagestats t=2025-05-02T17:58:35.148846539-04:00 level=info msg="Usage stats are ready to report"
logger=cleanup t=2025-05-02T18:07:42.13602495-04:00 level=info msg="Completed cleanup jobs" duration=8.627385ms
logger=plugins.update.checker t=2025-05-02T18:07:42.238051553-04:00 level=info msg="Update check succeeded" duration=48.989914ms
logger=grafana.update.checker t=2025-05-02T18:07:42.362486502-04:00 level=info msg="Update check succeeded" duration=67.263502ms
logger=cleanup t=2025-05-02T18:17:42.135907031-04:00 level=info msg="Completed cleanup jobs" duration=7.561478ms
logger=plugins.update.checker t=2025-05-02T18:17:42.242262449-04:00 level=info msg="Update check succeeded" duration=52.420375ms
logger=grafana.update.checker t=2025-05-02T18:17:42.363908126-04:00 level=info msg="Update check succeeded" duration=68.653865ms
logger=cleanup t=2025-05-02T18:27:42.161154006-04:00 level=info msg="Completed cleanup jobs" duration=34.357908ms
logger=plugins.update.checker t=2025-05-02T18:27:42.241871661-04:00 level=info msg="Update check succeeded" duration=51.959891ms
logger=grafana.update.checker t=2025-05-02T18:27:42.364088654-04:00 level=info msg="Update check succeeded" duration=69.129434ms
logger=infra.usagestats t=2025-05-02T18:28:35.148596149-04:00 level=info msg="Usage stats are ready to report"
logger=cleanup t=2025-05-02T18:37:42.135659069-04:00 level=info msg="Completed cleanup jobs" duration=8.908889ms
logger=plugins.update.checker t=2025-05-02T18:37:42.238604569-04:00 level=info msg="Update check succeeded" duration=49.38095ms
logger=grafana.update.checker t=2025-05-02T18:37:42.364225861-04:00 level=info msg="Update check succeeded" duration=69.499061ms
logger=cleanup t=2025-05-02T18:47:42.13571914-04:00 level=info msg="Completed cleanup jobs" duration=9.082178ms
logger=plugins.update.checker t=2025-05-02T18:47:42.239314106-04:00 level=info msg="Update check succeeded" duration=50.138475ms
logger=grafana.update.checker t=2025-05-02T18:47:42.362014802-04:00 level=info msg="Update check succeeded" duration=67.666219ms
logger=cleanup t=2025-05-02T18:57:42.13406672-04:00 level=info msg="Completed cleanup jobs" duration=7.216282ms
logger=plugins.update.checker t=2025-05-02T18:57:42.239657895-04:00 level=info msg="Update check succeeded" duration=49.918946ms
logger=grafana.update.checker t=2025-05-02T18:57:42.361862148-04:00 level=info msg="Update check succeeded" duration=67.135746ms
logger=infra.usagestats t=2025-05-02T18:58:35.148769217-04:00 level=info msg="Usage stats are ready to report"
logger=cleanup t=2025-05-02T19:07:42.133652008-04:00 level=info msg="Completed cleanup jobs" duration=5.95239ms
logger=plugins.update.checker t=2025-05-02T19:07:42.241415216-04:00 level=info msg="Update check succeeded" duration=51.514421ms
logger=grafana.update.checker t=2025-05-02T19:07:42.370660336-04:00 level=info msg="Update check succeeded" duration=76.193497ms
logger=cleanup t=2025-05-02T19:17:42.134504723-04:00 level=info msg="Completed cleanup jobs" duration=7.113718ms
logger=plugins.update.checker t=2025-05-02T19:17:42.240874681-04:00 level=info msg="Update check succeeded" duration=51.101464ms
logger=grafana.update.checker t=2025-05-02T19:17:42.36103769-04:00 level=info msg="Update check succeeded" duration=65.951793ms
logger=cleanup t=2025-05-02T19:27:42.133942459-04:00 level=info msg="Completed cleanup jobs" duration=7.215839ms
logger=plugins.update.checker t=2025-05-02T19:27:42.240915578-04:00 level=info msg="Update check succeeded" duration=51.74307ms
logger=grafana.update.checker t=2025-05-02T19:27:42.401368956-04:00 level=info msg="Update check succeeded" duration=106.292304ms
logger=infra.usagestats t=2025-05-02T19:28:35.148426562-04:00 level=info msg="Usage stats are ready to report"
logger=cleanup t=2025-05-02T19:37:42.134979695-04:00 level=info msg="Completed cleanup jobs" duration=7.1981ms
logger=plugins.update.checker t=2025-05-02T19:37:42.240911039-04:00 level=info msg="Update check succeeded" duration=51.137518ms
logger=grafana.update.checker t=2025-05-02T19:37:42.36087967-04:00 level=info msg="Update check succeeded" duration=66.59351ms
logger=cleanup t=2025-05-02T19:47:42.136761274-04:00 level=info msg="Completed cleanup jobs" duration=10.088634ms
logger=plugins.update.checker t=2025-05-02T19:47:42.244205299-04:00 level=info msg="Update check succeeded" duration=54.319196ms
logger=grafana.update.checker t=2025-05-02T19:47:42.363021687-04:00 level=info msg="Update check succeeded" duration=67.685545ms
logger=cleanup t=2025-05-02T19:57:42.134288264-04:00 level=info msg="Completed cleanup jobs" duration=8.065473ms
logger=plugins.update.checker t=2025-05-02T19:57:42.237620068-04:00 level=info msg="Update check succeeded" duration=47.89337ms
logger=grafana.update.checker t=2025-05-02T19:57:42.362201988-04:00 level=info msg="Update check succeeded" duration=67.510028ms
logger=infra.usagestats t=2025-05-02T19:58:35.148461703-04:00 level=info msg="Usage stats are ready to report"
logger=cleanup t=2025-05-02T20:07:42.135064074-04:00 level=info msg="Completed cleanup jobs" duration=8.581107ms
logger=plugins.update.checker t=2025-05-02T20:07:42.240426419-04:00 level=info msg="Update check succeeded" duration=50.981421ms
logger=grafana.update.checker t=2025-05-02T20:07:42.363251051-04:00 level=info msg="Update check succeeded" duration=68.591297ms
logger=cleanup t=2025-05-02T20:17:42.134760499-04:00 level=info msg="Completed cleanup jobs" duration=8.055488ms
logger=plugins.update.checker t=2025-05-02T20:17:42.250734547-04:00 level=info msg="Update check succeeded" duration=61.209561ms
logger=grafana.update.checker t=2025-05-02T20:17:42.362506095-04:00 level=info msg="Update check succeeded" duration=67.827938ms
logger=cleanup t=2025-05-02T20:27:42.132854016-04:00 level=info msg="Completed cleanup jobs" duration=6.429331ms
logger=plugins.update.checker t=2025-05-02T20:27:42.236398342-04:00 level=info msg="Update check succeeded" duration=46.664572ms
logger=grafana.update.checker t=2025-05-02T20:27:42.423634014-04:00 level=info msg="Update check succeeded" duration=129.364513ms
logger=infra.usagestats t=2025-05-02T20:28:35.149784261-04:00 level=info msg="Usage stats are ready to report"
logger=cleanup t=2025-05-02T20:37:42.135380957-04:00 level=info msg="Completed cleanup jobs" duration=7.644585ms
logger=plugins.update.checker t=2025-05-02T20:37:42.243971919-04:00 level=info msg="Update check succeeded" duration=54.732234ms
logger=grafana.update.checker t=2025-05-02T20:37:42.362035904-04:00 level=info msg="Update check succeeded" duration=66.910799ms
logger=cleanup t=2025-05-02T20:47:42.133294184-04:00 level=info msg="Completed cleanup jobs" duration=6.581854ms
logger=plugins.update.checker t=2025-05-02T20:47:42.263581153-04:00 level=info msg="Update check succeeded" duration=73.833745ms
logger=grafana.update.checker t=2025-05-02T20:47:42.362854098-04:00 level=info msg="Update check succeeded" duration=67.908482ms
logger=cleanup t=2025-05-02T20:57:42.135079033-04:00 level=info msg="Completed cleanup jobs" duration=8.058611ms
logger=plugins.update.checker t=2025-05-02T20:57:42.242076687-04:00 level=info msg="Update check succeeded" duration=52.42697ms
logger=grafana.update.checker t=2025-05-02T20:57:42.369087187-04:00 level=info msg="Update check succeeded" duration=74.054866ms
logger=infra.usagestats t=2025-05-02T20:58:35.148446798-04:00 level=info msg="Usage stats are ready to report"
logger=cleanup t=2025-05-02T21:07:42.135632342-04:00 level=info msg="Completed cleanup jobs" duration=8.858198ms
logger=plugins.update.checker t=2025-05-02T21:07:42.245326974-04:00 level=info msg="Update check succeeded" duration=55.488956ms
logger=grafana.update.checker t=2025-05-02T21:07:42.362239111-04:00 level=info msg="Update check succeeded" duration=67.705615ms
logger=cleanup t=2025-05-02T21:17:42.135415324-04:00 level=info msg="Completed cleanup jobs" duration=8.644125ms
logger=plugins.update.checker t=2025-05-02T21:17:42.236504935-04:00 level=info msg="Update check succeeded" duration=46.595658ms
logger=grafana.update.checker t=2025-05-02T21:17:42.362155695-04:00 level=info msg="Update check succeeded" duration=67.185433ms
logger=cleanup t=2025-05-02T21:27:42.134365841-04:00 level=info msg="Completed cleanup jobs" duration=7.154498ms
logger=plugins.update.checker t=2025-05-02T21:27:42.23916691-04:00 level=info msg="Update check succeeded" duration=49.431884ms
logger=grafana.update.checker t=2025-05-02T21:27:42.365413358-04:00 level=info msg="Update check succeeded" duration=70.822317ms
logger=infra.usagestats t=2025-05-02T21:28:35.150394598-04:00 level=info msg="Usage stats are ready to report"
logger=cleanup t=2025-05-02T21:37:42.134291-04:00 level=info msg="Completed cleanup jobs" duration=7.916937ms
logger=plugins.update.checker t=2025-05-02T21:37:42.239230192-04:00 level=info msg="Update check succeeded" duration=49.288712ms
logger=grafana.update.checker t=2025-05-02T21:37:42.366748218-04:00 level=info msg="Update check succeeded" duration=72.463478ms
logger=cleanup t=2025-05-02T21:47:42.134978208-04:00 level=info msg="Completed cleanup jobs" duration=8.19906ms
logger=plugins.update.checker t=2025-05-02T21:47:42.240294367-04:00 level=info msg="Update check succeeded" duration=50.831448ms
logger=grafana.update.checker t=2025-05-02T21:47:42.375327572-04:00 level=info msg="Update check succeeded" duration=80.638431ms
logger=cleanup t=2025-05-02T21:57:42.134256695-04:00 level=info msg="Completed cleanup jobs" duration=7.357519ms
logger=plugins.update.checker t=2025-05-02T21:57:42.247861912-04:00 level=info msg="Update check succeeded" duration=58.546153ms
logger=grafana.update.checker t=2025-05-02T21:57:42.362840813-04:00 level=info msg="Update check succeeded" duration=68.19843ms
logger=infra.usagestats t=2025-05-02T21:58:35.14932769-04:00 level=info msg="Usage stats are ready to report"
logger=cleanup t=2025-05-02T22:07:42.13716768-04:00 level=info msg="Completed cleanup jobs" duration=10.232604ms
logger=plugins.update.checker t=2025-05-02T22:07:42.238761619-04:00 level=info msg="Update check succeeded" duration=49.017208ms
logger=grafana.update.checker t=2025-05-02T22:07:42.35944262-04:00 level=info msg="Update check succeeded" duration=64.755692ms
logger=cleanup t=2025-05-02T22:17:42.135815094-04:00 level=info msg="Completed cleanup jobs" duration=9.303779ms
logger=plugins.update.checker t=2025-05-02T22:17:42.242975269-04:00 level=info msg="Update check succeeded" duration=53.806831ms
logger=grafana.update.checker t=2025-05-02T22:17:42.412426218-04:00 level=info msg="Update check succeeded" duration=117.420278ms
logger=cleanup t=2025-05-02T22:27:42.174048152-04:00 level=info msg="Completed cleanup jobs" duration=47.85743ms
logger=plugins.update.checker t=2025-05-02T22:27:42.236100581-04:00 level=info msg="Update check succeeded" duration=46.245066ms
logger=grafana.update.checker t=2025-05-02T22:27:42.40450823-04:00 level=info msg="Update check succeeded" duration=109.419724ms
logger=infra.usagestats t=2025-05-02T22:28:35.148469795-04:00 level=info msg="Usage stats are ready to report"
logger=cleanup t=2025-05-02T22:37:42.134628019-04:00 level=info msg="Completed cleanup jobs" duration=7.928024ms
logger=plugins.update.checker t=2025-05-02T22:37:42.240642876-04:00 level=info msg="Update check succeeded" duration=51.172348ms
logger=grafana.update.checker t=2025-05-02T22:37:42.365057886-04:00 level=info msg="Update check succeeded" duration=70.291233ms
logger=cleanup t=2025-05-02T22:47:42.136087421-04:00 level=info msg="Completed cleanup jobs" duration=8.354195ms
logger=plugins.update.checker t=2025-05-02T22:47:42.240386496-04:00 level=info msg="Update check succeeded" duration=50.842308ms
logger=grafana.update.checker t=2025-05-02T22:47:42.361827879-04:00 level=info msg="Update check succeeded" duration=67.364829ms
logger=cleanup t=2025-05-02T22:57:42.134223306-04:00 level=info msg="Completed cleanup jobs" duration=7.975198ms
logger=plugins.update.checker t=2025-05-02T22:57:42.241826168-04:00 level=info msg="Update check succeeded" duration=52.087062ms
logger=grafana.update.checker t=2025-05-02T22:57:42.361443399-04:00 level=info msg="Update check succeeded" duration=66.728314ms
logger=infra.usagestats t=2025-05-02T22:58:35.149325542-04:00 level=info msg="Usage stats are ready to report"
logger=cleanup t=2025-05-02T23:07:42.134145387-04:00 level=info msg="Completed cleanup jobs" duration=7.399932ms
logger=plugins.update.checker t=2025-05-02T23:07:42.239936171-04:00 level=info msg="Update check succeeded" duration=51.002787ms
logger=grafana.update.checker t=2025-05-02T23:07:42.361826803-04:00 level=info msg="Update check succeeded" duration=67.537352ms
logger=cleanup t=2025-05-02T23:17:42.137943846-04:00 level=info msg="Completed cleanup jobs" duration=11.647467ms
logger=plugins.update.checker t=2025-05-02T23:17:42.250426181-04:00 level=info msg="Update check succeeded" duration=60.964451ms
logger=grafana.update.checker t=2025-05-02T23:17:42.393826417-04:00 level=info msg="Update check succeeded" duration=98.991671ms
logger=cleanup t=2025-05-02T23:27:42.135651447-04:00 level=info msg="Completed cleanup jobs" duration=8.967771ms
logger=plugins.update.checker t=2025-05-02T23:27:42.238836918-04:00 level=info msg="Update check succeeded" duration=48.963808ms
logger=grafana.update.checker t=2025-05-02T23:27:42.427415674-04:00 level=info msg="Update check succeeded" duration=132.229996ms
logger=infra.usagestats t=2025-05-02T23:28:35.148923423-04:00 level=info msg="Usage stats are ready to report"
logger=cleanup t=2025-05-02T23:37:42.13389447-04:00 level=info msg="Completed cleanup jobs" duration=7.19141ms
logger=plugins.update.checker t=2025-05-02T23:37:42.242968912-04:00 level=info msg="Update check succeeded" duration=53.35167ms
logger=grafana.update.checker t=2025-05-02T23:37:42.362073794-04:00 level=info msg="Update check succeeded" duration=67.681463ms
logger=cleanup t=2025-05-02T23:47:42.134985868-04:00 level=info msg="Completed cleanup jobs" duration=8.299281ms
logger=plugins.update.checker t=2025-05-02T23:47:42.24027418-04:00 level=info msg="Update check succeeded" duration=50.472771ms
logger=grafana.update.checker t=2025-05-02T23:47:42.361257314-04:00 level=info msg="Update check succeeded" duration=66.927945ms
logger=cleanup t=2025-05-02T23:57:42.133974883-04:00 level=info msg="Completed cleanup jobs" duration=6.986155ms
logger=plugins.update.checker t=2025-05-02T23:57:42.239879057-04:00 level=info msg="Update check succeeded" duration=50.960747ms
logger=grafana.update.checker t=2025-05-02T23:57:42.366493346-04:00 level=info msg="Update check succeeded" duration=71.568696ms
logger=infra.usagestats t=2025-05-02T23:58:35.14742017-04:00 level=info msg="Usage stats are ready to report"
logger=cleanup t=2025-05-03T00:07:42.133075253-04:00 level=info msg="Completed cleanup jobs" duration=6.550837ms
logger=plugins.update.checker t=2025-05-03T00:07:42.23976242-04:00 level=info msg="Update check succeeded" duration=50.299715ms
logger=grafana.update.checker t=2025-05-03T00:07:42.36028129-04:00 level=info msg="Update check succeeded" duration=65.461512ms
logger=cleanup t=2025-05-03T00:17:42.135256728-04:00 level=info msg="Completed cleanup jobs" duration=7.458697ms
logger=plugins.update.checker t=2025-05-03T00:17:42.244926906-04:00 level=info msg="Update check succeeded" duration=55.101847ms
logger=grafana.update.checker t=2025-05-03T00:17:42.395369291-04:00 level=info msg="Update check succeeded" duration=100.235746ms
logger=cleanup t=2025-05-03T00:27:42.136281333-04:00 level=info msg="Completed cleanup jobs" duration=9.596825ms
logger=plugins.update.checker t=2025-05-03T00:27:42.237843364-04:00 level=info msg="Update check succeeded" duration=48.051186ms
logger=grafana.update.checker t=2025-05-03T00:27:42.367809056-04:00 level=info msg="Update check succeeded" duration=72.717278ms
logger=infra.usagestats t=2025-05-03T00:28:35.148258608-04:00 level=info msg="Usage stats are ready to report"
logger=cleanup t=2025-05-03T00:37:42.135955293-04:00 level=info msg="Completed cleanup jobs" duration=7.542821ms
logger=plugins.update.checker t=2025-05-03T00:37:42.245646282-04:00 level=info msg="Update check succeeded" duration=56.0034ms
logger=grafana.update.checker t=2025-05-03T00:37:42.362534738-04:00 level=info msg="Update check succeeded" duration=67.921832ms
logger=cleanup t=2025-05-03T00:47:42.148417605-04:00 level=info msg="Completed cleanup jobs" duration=21.728814ms
logger=plugins.update.checker t=2025-05-03T00:47:42.244284151-04:00 level=info msg="Update check succeeded" duration=54.832746ms
logger=grafana.update.checker t=2025-05-03T00:47:42.358891557-04:00 level=info msg="Update check succeeded" duration=64.605791ms
logger=cleanup t=2025-05-03T00:57:42.135517462-04:00 level=info msg="Completed cleanup jobs" duration=8.904506ms
logger=plugins.update.checker t=2025-05-03T00:57:42.23769026-04:00 level=info msg="Update check succeeded" duration=47.982806ms
logger=grafana.update.checker t=2025-05-03T00:57:42.360431814-04:00 level=info msg="Update check succeeded" duration=65.685549ms
logger=infra.usagestats t=2025-05-03T00:58:35.147744243-04:00 level=info msg="Usage stats are ready to report"
logger=cleanup t=2025-05-03T01:07:42.136488424-04:00 level=info msg="Completed cleanup jobs" duration=8.198124ms
logger=plugins.update.checker t=2025-05-03T01:07:42.238296545-04:00 level=info msg="Update check succeeded" duration=48.758482ms
logger=grafana.update.checker t=2025-05-03T01:07:42.362145241-04:00 level=info msg="Update check succeeded" duration=67.797305ms
logger=cleanup t=2025-05-03T01:17:42.135323771-04:00 level=info msg="Completed cleanup jobs" duration=7.866758ms
logger=plugins.update.checker t=2025-05-03T01:17:42.239191633-04:00 level=info msg="Update check succeeded" duration=49.293407ms
logger=grafana.update.checker t=2025-05-03T01:17:42.393418185-04:00 level=info msg="Update check succeeded" duration=99.166363ms
logger=cleanup t=2025-05-03T01:27:42.134020612-04:00 level=info msg="Completed cleanup jobs" duration=7.312426ms
logger=plugins.update.checker t=2025-05-03T01:27:42.239820593-04:00 level=info msg="Update check succeeded" duration=49.821659ms
logger=grafana.update.checker t=2025-05-03T01:27:42.41275673-04:00 level=info msg="Update check succeeded" duration=117.818457ms
logger=infra.usagestats t=2025-05-03T01:28:35.147839379-04:00 level=info msg="Usage stats are ready to report"
logger=cleanup t=2025-05-03T01:37:42.135409418-04:00 level=info msg="Completed cleanup jobs" duration=8.969987ms
logger=plugins.update.checker t=2025-05-03T01:37:42.245883808-04:00 level=info msg="Update check succeeded" duration=56.422309ms
logger=grafana.update.checker t=2025-05-03T01:37:42.360994309-04:00 level=info msg="Update check succeeded" duration=66.77304ms
logger=cleanup t=2025-05-03T01:47:42.137940861-04:00 level=info msg="Completed cleanup jobs" duration=11.246453ms
logger=plugins.update.checker t=2025-05-03T01:47:42.242539546-04:00 level=info msg="Update check succeeded" duration=52.99991ms
logger=grafana.update.checker t=2025-05-03T01:47:42.360862781-04:00 level=info msg="Update check succeeded" duration=66.310963ms
logger=cleanup t=2025-05-03T01:57:42.13476289-04:00 level=info msg="Completed cleanup jobs" duration=8.433657ms
logger=plugins.update.checker t=2025-05-03T01:57:42.235162409-04:00 level=info msg="Update check succeeded" duration=45.476611ms
logger=grafana.update.checker t=2025-05-03T01:57:42.361740387-04:00 level=info msg="Update check succeeded" duration=67.219206ms
logger=infra.usagestats t=2025-05-03T01:58:35.148269146-04:00 level=info msg="Usage stats are ready to report"
logger=cleanup t=2025-05-03T02:07:42.136230478-04:00 level=info msg="Completed cleanup jobs" duration=9.186309ms
logger=plugins.update.checker t=2025-05-03T02:07:42.238923934-04:00 level=info msg="Update check succeeded" duration=49.494648ms
logger=grafana.update.checker t=2025-05-03T02:07:42.361508093-04:00 level=info msg="Update check succeeded" duration=66.421267ms
logger=cleanup t=2025-05-03T02:17:42.135009155-04:00 level=info msg="Completed cleanup jobs" duration=7.54026ms
logger=plugins.update.checker t=2025-05-03T02:17:42.24182436-04:00 level=info msg="Update check succeeded" duration=52.777622ms
logger=grafana.update.checker t=2025-05-03T02:17:42.39454537-04:00 level=info msg="Update check succeeded" duration=99.74987ms
logger=cleanup t=2025-05-03T02:27:42.172181694-04:00 level=info msg="Completed cleanup jobs" duration=45.92821ms
logger=plugins.update.checker t=2025-05-03T02:27:42.238540374-04:00 level=info msg="Update check succeeded" duration=49.254099ms
logger=grafana.update.checker t=2025-05-03T02:27:42.38213986-04:00 level=info msg="Update check succeeded" duration=87.498711ms
logger=infra.usagestats t=2025-05-03T02:28:35.148817044-04:00 level=info msg="Usage stats are ready to report"
logger=cleanup t=2025-05-03T02:37:42.173025848-04:00 level=info msg="Completed cleanup jobs" duration=46.358834ms
logger=plugins.update.checker t=2025-05-03T02:37:42.239895381-04:00 level=info msg="Update check succeeded" duration=50.077017ms
logger=grafana.update.checker t=2025-05-03T02:37:42.362169155-04:00 level=info msg="Update check succeeded" duration=67.239345ms
logger=cleanup t=2025-05-03T02:47:42.135861158-04:00 level=info msg="Completed cleanup jobs" duration=8.066634ms
logger=plugins.update.checker t=2025-05-03T02:47:42.246516057-04:00 level=info msg="Update check succeeded" duration=57.054992ms
logger=grafana.update.checker t=2025-05-03T02:47:42.360896642-04:00 level=info msg="Update check succeeded" duration=66.030816ms
logger=cleanup t=2025-05-03T02:57:42.14834859-04:00 level=info msg="Completed cleanup jobs" duration=21.480498ms
logger=plugins.update.checker t=2025-05-03T02:57:42.242756813-04:00 level=info msg="Update check succeeded" duration=53.124545ms
logger=grafana.update.checker t=2025-05-03T02:57:42.364376853-04:00 level=info msg="Update check succeeded" duration=69.673672ms
logger=infra.usagestats t=2025-05-03T02:58:35.149646455-04:00 level=info msg="Usage stats are ready to report"
logger=cleanup t=2025-05-03T03:07:42.135286327-04:00 level=info msg="Completed cleanup jobs" duration=7.978885ms
logger=plugins.update.checker t=2025-05-03T03:07:42.242226026-04:00 level=info msg="Update check succeeded" duration=53.159619ms
logger=grafana.update.checker t=2025-05-03T03:07:42.361506875-04:00 level=info msg="Update check succeeded" duration=67.251462ms
logger=cleanup t=2025-05-03T03:17:42.135307099-04:00 level=info msg="Completed cleanup jobs" duration=8.075506ms
logger=plugins.update.checker t=2025-05-03T03:17:42.241703269-04:00 level=info msg="Update check succeeded" duration=52.467137ms
logger=grafana.update.checker t=2025-05-03T03:17:42.391116257-04:00 level=info msg="Update check succeeded" duration=96.231286ms
logger=cleanup t=2025-05-03T03:27:42.13424175-04:00 level=info msg="Completed cleanup jobs" duration=7.59204ms
logger=plugins.update.checker t=2025-05-03T03:27:42.238488433-04:00 level=info msg="Update check succeeded" duration=49.518304ms
logger=grafana.update.checker t=2025-05-03T03:27:42.42460762-04:00 level=info msg="Update check succeeded" duration=129.945047ms
logger=infra.usagestats t=2025-05-03T03:28:35.148950181-04:00 level=info msg="Usage stats are ready to report"
logger=cleanup t=2025-05-03T03:37:42.13436014-04:00 level=info msg="Completed cleanup jobs" duration=7.549109ms
logger=plugins.update.checker t=2025-05-03T03:37:42.240835836-04:00 level=info msg="Update check succeeded" duration=50.893719ms
logger=grafana.update.checker t=2025-05-03T03:37:42.359633134-04:00 level=info msg="Update check succeeded" duration=64.982001ms
logger=cleanup t=2025-05-03T03:47:42.134987956-04:00 level=info msg="Completed cleanup jobs" duration=8.443168ms
logger=plugins.update.checker t=2025-05-03T03:47:42.263048353-04:00 level=info msg="Update check succeeded" duration=73.443837ms
logger=grafana.update.checker t=2025-05-03T03:47:42.360273445-04:00 level=info msg="Update check succeeded" duration=65.461662ms
logger=cleanup t=2025-05-03T03:57:42.132234725-04:00 level=info msg="Completed cleanup jobs" duration=5.357299ms
logger=plugins.update.checker t=2025-05-03T03:57:42.244164026-04:00 level=info msg="Update check succeeded" duration=54.492602ms
logger=grafana.update.checker t=2025-05-03T03:57:42.361326387-04:00 level=info msg="Update check succeeded" duration=67.054519ms
logger=infra.usagestats t=2025-05-03T03:58:35.147476799-04:00 level=info msg="Usage stats are ready to report"
logger=cleanup t=2025-05-03T04:07:42.135083663-04:00 level=info msg="Completed cleanup jobs" duration=8.560752ms
logger=plugins.update.checker t=2025-05-03T04:07:42.244391672-04:00 level=info msg="Update check succeeded" duration=54.91112ms
logger=grafana.update.checker t=2025-05-03T04:07:42.362767166-04:00 level=info msg="Update check succeeded" duration=68.014522ms
logger=cleanup t=2025-05-03T04:17:42.135682017-04:00 level=info msg="Completed cleanup jobs" duration=7.920894ms
logger=plugins.update.checker t=2025-05-03T04:17:42.242646388-04:00 level=info msg="Update check succeeded" duration=53.588894ms
logger=grafana.update.checker t=2025-05-03T04:17:42.362724204-04:00 level=info msg="Update check succeeded" duration=67.775019ms
logger=cleanup t=2025-05-03T04:27:42.17263647-04:00 level=info msg="Completed cleanup jobs" duration=46.403097ms
logger=plugins.update.checker t=2025-05-03T04:27:42.237114841-04:00 level=info msg="Update check succeeded" duration=48.15024ms
logger=grafana.update.checker t=2025-05-03T04:27:42.392265609-04:00 level=info msg="Update check succeeded" duration=97.541534ms
logger=infra.usagestats t=2025-05-03T04:28:35.147880855-04:00 level=info msg="Usage stats are ready to report"
logger=cleanup t=2025-05-03T04:37:42.13515497-04:00 level=info msg="Completed cleanup jobs" duration=8.40514ms
logger=plugins.update.checker t=2025-05-03T04:37:42.237086005-04:00 level=info msg="Update check succeeded" duration=47.6667ms
logger=grafana.update.checker t=2025-05-03T04:37:42.362076753-04:00 level=info msg="Update check succeeded" duration=66.934742ms
logger=cleanup t=2025-05-03T04:47:42.134341965-04:00 level=info msg="Completed cleanup jobs" duration=8.009452ms
logger=plugins.update.checker t=2025-05-03T04:47:42.237981036-04:00 level=info msg="Update check succeeded" duration=48.986163ms
logger=grafana.update.checker t=2025-05-03T04:47:42.360806858-04:00 level=info msg="Update check succeeded" duration=65.667125ms
logger=cleanup t=2025-05-03T04:57:42.133465553-04:00 level=info msg="Completed cleanup jobs" duration=7.115891ms
logger=plugins.update.checker t=2025-05-03T04:57:42.238129285-04:00 level=info msg="Update check succeeded" duration=48.590118ms
logger=grafana.update.checker t=2025-05-03T04:57:42.366151806-04:00 level=info msg="Update check succeeded" duration=71.620912ms
logger=infra.usagestats t=2025-05-03T04:58:35.14766824-04:00 level=info msg="Usage stats are ready to report"
logger=cleanup t=2025-05-03T05:07:42.138700633-04:00 level=info msg="Completed cleanup jobs" duration=11.855972ms
logger=plugins.update.checker t=2025-05-03T05:07:42.239372714-04:00 level=info msg="Update check succeeded" duration=50.134425ms
logger=grafana.update.checker t=2025-05-03T05:07:42.361200522-04:00 level=info msg="Update check succeeded" duration=66.563421ms
logger=cleanup t=2025-05-03T05:17:42.15698554-04:00 level=info msg="Completed cleanup jobs" duration=30.550752ms
logger=plugins.update.checker t=2025-05-03T05:17:42.239972681-04:00 level=info msg="Update check succeeded" duration=50.339516ms
logger=grafana.update.checker t=2025-05-03T05:17:42.362411118-04:00 level=info msg="Update check succeeded" duration=67.352206ms
logger=cleanup t=2025-05-03T05:27:42.134086175-04:00 level=info msg="Completed cleanup jobs" duration=7.36888ms
logger=plugins.update.checker t=2025-05-03T05:27:42.247934289-04:00 level=info msg="Update check succeeded" duration=58.196434ms
logger=grafana.update.checker t=2025-05-03T05:27:42.43190756-04:00 level=info msg="Update check succeeded" duration=137.637502ms
logger=infra.usagestats t=2025-05-03T05:28:35.149383578-04:00 level=info msg="Usage stats are ready to report"
logger=cleanup t=2025-05-03T05:37:42.133661828-04:00 level=info msg="Completed cleanup jobs" duration=6.97689ms
logger=plugins.update.checker t=2025-05-03T05:37:42.240543531-04:00 level=info msg="Update check succeeded" duration=51.235754ms
logger=grafana.update.checker t=2025-05-03T05:37:42.361243119-04:00 level=info msg="Update check succeeded" duration=66.338641ms
logger=cleanup t=2025-05-03T05:47:42.135656721-04:00 level=info msg="Completed cleanup jobs" duration=8.643002ms
logger=plugins.update.checker t=2025-05-03T05:47:42.239162268-04:00 level=info msg="Update check succeeded" duration=49.327079ms
logger=grafana.update.checker t=2025-05-03T05:47:42.360590096-04:00 level=info msg="Update check succeeded" duration=66.402265ms
logger=cleanup t=2025-05-03T05:57:42.13468755-04:00 level=info msg="Completed cleanup jobs" duration=7.488531ms
logger=plugins.update.checker t=2025-05-03T05:57:42.239529023-04:00 level=info msg="Update check succeeded" duration=49.898408ms
logger=grafana.update.checker t=2025-05-03T05:57:42.362460384-04:00 level=info msg="Update check succeeded" duration=67.763885ms
logger=infra.usagestats t=2025-05-03T05:58:35.150105393-04:00 level=info msg="Usage stats are ready to report"
logger=cleanup t=2025-05-03T06:07:42.13397373-04:00 level=info msg="Completed cleanup jobs" duration=7.721063ms
logger=plugins.update.checker t=2025-05-03T06:07:42.238082105-04:00 level=info msg="Update check succeeded" duration=48.329986ms
logger=grafana.update.checker t=2025-05-03T06:07:42.361707134-04:00 level=info msg="Update check succeeded" duration=66.620371ms
logger=cleanup t=2025-05-03T06:17:42.135294356-04:00 level=info msg="Completed cleanup jobs" duration=8.23878ms
logger=plugins.update.checker t=2025-05-03T06:17:42.239691264-04:00 level=info msg="Update check succeeded" duration=50.43136ms
logger=grafana.update.checker t=2025-05-03T06:17:42.361237541-04:00 level=info msg="Update check succeeded" duration=66.381755ms
logger=cleanup t=2025-05-03T06:27:42.152826777-04:00 level=info msg="Completed cleanup jobs" duration=26.550516ms
logger=plugins.update.checker t=2025-05-03T06:27:42.2416045-04:00 level=info msg="Update check succeeded" duration=51.66403ms
logger=grafana.update.checker t=2025-05-03T06:27:42.412889183-04:00 level=info msg="Update check succeeded" duration=118.259408ms
logger=infra.usagestats t=2025-05-03T06:28:35.147100876-04:00 level=info msg="Usage stats are ready to report"
logger=cleanup t=2025-05-03T06:37:42.134690414-04:00 level=info msg="Completed cleanup jobs" duration=8.410967ms
logger=plugins.update.checker t=2025-05-03T06:37:42.252796201-04:00 level=info msg="Update check succeeded" duration=63.435597ms
logger=grafana.update.checker t=2025-05-03T06:37:42.362644335-04:00 level=info msg="Update check succeeded" duration=67.749969ms
logger=cleanup t=2025-05-03T06:47:42.133750037-04:00 level=info msg="Completed cleanup jobs" duration=7.044331ms
logger=plugins.update.checker t=2025-05-03T06:47:42.24178963-04:00 level=info msg="Update check succeeded" duration=52.491845ms
logger=grafana.update.checker t=2025-05-03T06:47:42.360591864-04:00 level=info msg="Update check succeeded" duration=65.499683ms
logger=cleanup t=2025-05-03T06:57:42.134103152-04:00 level=info msg="Completed cleanup jobs" duration=6.743352ms
logger=plugins.update.checker t=2025-05-03T06:57:42.237694178-04:00 level=info msg="Update check succeeded" duration=47.895594ms
logger=grafana.update.checker t=2025-05-03T06:57:42.359431823-04:00 level=info msg="Update check succeeded" duration=64.600819ms
logger=infra.usagestats t=2025-05-03T06:58:35.146776071-04:00 level=info msg="Usage stats are ready to report"
logger=cleanup t=2025-05-03T07:07:42.1350946-04:00 level=info msg="Completed cleanup jobs" duration=7.16176ms
logger=plugins.update.checker t=2025-05-03T07:07:42.242213358-04:00 level=info msg="Update check succeeded" duration=52.479477ms
logger=grafana.update.checker t=2025-05-03T07:07:42.364858615-04:00 level=info msg="Update check succeeded" duration=70.224407ms
logger=cleanup t=2025-05-03T07:17:42.135713684-04:00 level=info msg="Completed cleanup jobs" duration=8.400834ms
logger=plugins.update.checker t=2025-05-03T07:17:42.237481706-04:00 level=info msg="Update check succeeded" duration=47.555775ms
logger=grafana.update.checker t=2025-05-03T07:17:42.36084892-04:00 level=info msg="Update check succeeded" duration=66.010488ms
logger=cleanup t=2025-05-03T07:27:42.134229715-04:00 level=info msg="Completed cleanup jobs" duration=6.891031ms
logger=plugins.update.checker t=2025-05-03T07:27:42.242847929-04:00 level=info msg="Update check succeeded" duration=53.198987ms
logger=grafana.update.checker t=2025-05-03T07:27:42.425785561-04:00 level=info msg="Update check succeeded" duration=130.874381ms
logger=infra.usagestats t=2025-05-03T07:28:35.149028948-04:00 level=info msg="Usage stats are ready to report"
logger=cleanup t=2025-05-03T07:37:42.135666515-04:00 level=info msg="Completed cleanup jobs" duration=7.862458ms
logger=plugins.update.checker t=2025-05-03T07:37:42.245011915-04:00 level=info msg="Update check succeeded" duration=55.613941ms
logger=grafana.update.checker t=2025-05-03T07:37:42.360822104-04:00 level=info msg="Update check succeeded" duration=66.558348ms
logger=cleanup t=2025-05-03T07:47:42.134145297-04:00 level=info msg="Completed cleanup jobs" duration=6.211171ms
logger=plugins.update.checker t=2025-05-03T07:47:42.241276835-04:00 level=info msg="Update check succeeded" duration=52.270328ms
logger=grafana.update.checker t=2025-05-03T07:47:42.359013855-04:00 level=info msg="Update check succeeded" duration=64.629912ms
logger=cleanup t=2025-05-03T07:57:42.134469868-04:00 level=info msg="Completed cleanup jobs" duration=7.320056ms
logger=plugins.update.checker t=2025-05-03T07:57:42.239596878-04:00 level=info msg="Update check succeeded" duration=49.908931ms
logger=grafana.update.checker t=2025-05-03T07:57:42.360927659-04:00 level=info msg="Update check succeeded" duration=66.206032ms
logger=infra.usagestats t=2025-05-03T07:58:35.148886113-04:00 level=info msg="Usage stats are ready to report"
logger=cleanup t=2025-05-03T08:07:42.135226861-04:00 level=info msg="Completed cleanup jobs" duration=8.604543ms
logger=plugins.update.checker t=2025-05-03T08:07:42.239420946-04:00 level=info msg="Update check succeeded" duration=49.700094ms
logger=grafana.update.checker t=2025-05-03T08:07:42.361279271-04:00 level=info msg="Update check succeeded" duration=66.767499ms
logger=cleanup t=2025-05-03T08:17:42.135091464-04:00 level=info msg="Completed cleanup jobs" duration=8.330382ms
logger=plugins.update.checker t=2025-05-03T08:17:42.24021661-04:00 level=info msg="Update check succeeded" duration=51.120711ms
logger=grafana.update.checker t=2025-05-03T08:17:42.362845468-04:00 level=info msg="Update check succeeded" duration=68.162172ms
logger=cleanup t=2025-05-03T08:27:42.177757792-04:00 level=info msg="Completed cleanup jobs" duration=50.122387ms
logger=plugins.update.checker t=2025-05-03T08:27:42.242395625-04:00 level=info msg="Update check succeeded" duration=52.653434ms
logger=grafana.update.checker t=2025-05-03T08:27:42.383075213-04:00 level=info msg="Update check succeeded" duration=88.584727ms
logger=infra.usagestats t=2025-05-03T08:28:35.148954135-04:00 level=info msg="Usage stats are ready to report"
logger=cleanup t=2025-05-03T08:37:42.136208081-04:00 level=info msg="Completed cleanup jobs" duration=9.713998ms
logger=plugins.update.checker t=2025-05-03T08:37:42.237127488-04:00 level=info msg="Update check succeeded" duration=47.479967ms
logger=grafana.update.checker t=2025-05-03T08:37:42.361949327-04:00 level=info msg="Update check succeeded" duration=66.842049ms
logger=cleanup t=2025-05-03T08:47:42.133969276-04:00 level=info msg="Completed cleanup jobs" duration=7.600954ms
logger=plugins.update.checker t=2025-05-03T08:47:42.24124443-04:00 level=info msg="Update check succeeded" duration=51.844588ms
logger=grafana.update.checker t=2025-05-03T08:47:42.361018264-04:00 level=info msg="Update check succeeded" duration=66.687166ms
logger=cleanup t=2025-05-03T08:57:42.135735154-04:00 level=info msg="Completed cleanup jobs" duration=8.658057ms
logger=plugins.update.checker t=2025-05-03T08:57:42.242767843-04:00 level=info msg="Update check succeeded" duration=53.354512ms
logger=grafana.update.checker t=2025-05-03T08:57:42.362546925-04:00 level=info msg="Update check succeeded" duration=67.639662ms
logger=infra.usagestats t=2025-05-03T08:58:35.148432307-04:00 level=info msg="Usage stats are ready to report"
logger=cleanup t=2025-05-03T09:07:42.134411796-04:00 level=info msg="Completed cleanup jobs" duration=7.79812ms
logger=plugins.update.checker t=2025-05-03T09:07:42.245530987-04:00 level=info msg="Update check succeeded" duration=56.461062ms
logger=grafana.update.checker t=2025-05-03T09:07:42.361542138-04:00 level=info msg="Update check succeeded" duration=66.827856ms
logger=cleanup t=2025-05-03T09:17:42.135135809-04:00 level=info msg="Completed cleanup jobs" duration=8.424049ms
logger=plugins.update.checker t=2025-05-03T09:17:42.238188223-04:00 level=info msg="Update check succeeded" duration=48.737065ms
logger=grafana.update.checker t=2025-05-03T09:17:42.362071124-04:00 level=info msg="Update check succeeded" duration=67.374827ms
logger=cleanup t=2025-05-03T09:27:42.133230513-04:00 level=info msg="Completed cleanup jobs" duration=5.870884ms
logger=plugins.update.checker t=2025-05-03T09:27:42.24247767-04:00 level=info msg="Update check succeeded" duration=52.930607ms
logger=grafana.update.checker t=2025-05-03T09:27:42.408398944-04:00 level=info msg="Update check succeeded" duration=113.791127ms
logger=infra.usagestats t=2025-05-03T09:28:35.148433899-04:00 level=info msg="Usage stats are ready to report"
logger=cleanup t=2025-05-03T09:37:42.133793923-04:00 level=info msg="Completed cleanup jobs" duration=7.58969ms
logger=plugins.update.checker t=2025-05-03T09:37:42.244199502-04:00 level=info msg="Update check succeeded" duration=54.95199ms
logger=grafana.update.checker t=2025-05-03T09:37:42.361240466-04:00 level=info msg="Update check succeeded" duration=66.60173ms
logger=cleanup t=2025-05-03T09:47:42.135418401-04:00 level=info msg="Completed cleanup jobs" duration=8.294016ms
logger=plugins.update.checker t=2025-05-03T09:47:42.246435803-04:00 level=info msg="Update check succeeded" duration=56.484301ms
logger=grafana.update.checker t=2025-05-03T09:47:42.361081627-04:00 level=info msg="Update check succeeded" duration=65.938971ms
logger=cleanup t=2025-05-03T09:57:42.135309727-04:00 level=info msg="Completed cleanup jobs" duration=7.463603ms
logger=plugins.update.checker t=2025-05-03T09:57:42.243303639-04:00 level=info msg="Update check succeeded" duration=53.602666ms
logger=grafana.update.checker t=2025-05-03T09:57:42.362920416-04:00 level=info msg="Update check succeeded" duration=68.174322ms
logger=infra.usagestats t=2025-05-03T09:58:35.148703265-04:00 level=info msg="Usage stats are ready to report"
logger=cleanup t=2025-05-03T10:07:42.136399254-04:00 level=info msg="Completed cleanup jobs" duration=9.178924ms
logger=plugins.update.checker t=2025-05-03T10:07:42.240508885-04:00 level=info msg="Update check succeeded" duration=51.185582ms
logger=grafana.update.checker t=2025-05-03T10:07:42.361750433-04:00 level=info msg="Update check succeeded" duration=67.234621ms
logger=cleanup t=2025-05-03T10:17:42.134715458-04:00 level=info msg="Completed cleanup jobs" duration=7.407897ms
logger=plugins.update.checker t=2025-05-03T10:17:42.238456109-04:00 level=info msg="Update check succeeded" duration=48.797864ms
logger=grafana.update.checker t=2025-05-03T10:17:42.364698473-04:00 level=info msg="Update check succeeded" duration=69.753574ms
logger=cleanup t=2025-05-03T10:27:42.133012933-04:00 level=info msg="Completed cleanup jobs" duration=6.778379ms
logger=plugins.update.checker t=2025-05-03T10:27:42.248245116-04:00 level=info msg="Update check succeeded" duration=58.438189ms
logger=grafana.update.checker t=2025-05-03T10:27:42.418960865-04:00 level=info msg="Update check succeeded" duration=123.796817ms
logger=infra.usagestats t=2025-05-03T10:28:35.148867843-04:00 level=info msg="Usage stats are ready to report"
logger=cleanup t=2025-05-03T10:37:42.136453346-04:00 level=info msg="Completed cleanup jobs" duration=8.81825ms
logger=plugins.update.checker t=2025-05-03T10:37:42.241544026-04:00 level=info msg="Update check succeeded" duration=52.255913ms
logger=grafana.update.checker t=2025-05-03T10:37:42.393187298-04:00 level=info msg="Update check succeeded" duration=98.246278ms
logger=cleanup t=2025-05-03T10:47:42.133482504-04:00 level=info msg="Completed cleanup jobs" duration=6.965737ms
logger=plugins.update.checker t=2025-05-03T10:47:42.238544459-04:00 level=info msg="Update check succeeded" duration=49.192969ms
logger=grafana.update.checker t=2025-05-03T10:47:42.360407407-04:00 level=info msg="Update check succeeded" duration=65.854802ms
logger=cleanup t=2025-05-03T10:57:42.134219197-04:00 level=info msg="Completed cleanup jobs" duration=7.032966ms
logger=plugins.update.checker t=2025-05-03T10:57:42.238360506-04:00 level=info msg="Update check succeeded" duration=48.693227ms
logger=grafana.update.checker t=2025-05-03T10:57:42.362515196-04:00 level=info msg="Update check succeeded" duration=67.313668ms
logger=infra.usagestats t=2025-05-03T10:58:35.148359593-04:00 level=info msg="Usage stats are ready to report"
logger=cleanup t=2025-05-03T11:07:42.1348878-04:00 level=info msg="Completed cleanup jobs" duration=7.172284ms
logger=plugins.update.checker t=2025-05-03T11:07:42.24181222-04:00 level=info msg="Update check succeeded" duration=52.407434ms
logger=grafana.update.checker t=2025-05-03T11:07:42.36169699-04:00 level=info msg="Update check succeeded" duration=66.478074ms
logger=cleanup t=2025-05-03T11:17:42.134164897-04:00 level=info msg="Completed cleanup jobs" duration=7.897255ms
logger=plugins.update.checker t=2025-05-03T11:17:42.238883148-04:00 level=info msg="Update check succeeded" duration=48.970264ms
logger=grafana.update.checker t=2025-05-03T11:17:42.361949261-04:00 level=info msg="Update check succeeded" duration=67.101374ms
logger=cleanup t=2025-05-03T11:27:42.134535109-04:00 level=info msg="Completed cleanup jobs" duration=7.263293ms
logger=plugins.update.checker t=2025-05-03T11:27:42.239520562-04:00 level=info msg="Update check succeeded" duration=49.811103ms
logger=grafana.update.checker t=2025-05-03T11:27:42.457001694-04:00 level=info msg="Update check succeeded" duration=162.357778ms
logger=infra.usagestats t=2025-05-03T11:28:35.148259854-04:00 level=info msg="Usage stats are ready to report"
logger=cleanup t=2025-05-03T11:37:42.134674064-04:00 level=info msg="Completed cleanup jobs" duration=8.083726ms
logger=plugins.update.checker t=2025-05-03T11:37:42.240920611-04:00 level=info msg="Update check succeeded" duration=51.369613ms
logger=grafana.update.checker t=2025-05-03T11:37:42.362459537-04:00 level=info msg="Update check succeeded" duration=67.421239ms
logger=cleanup t=2025-05-03T11:47:42.135908166-04:00 level=info msg="Completed cleanup jobs" duration=7.419616ms
logger=plugins.update.checker t=2025-05-03T11:47:42.26917752-04:00 level=info msg="Update check succeeded" duration=79.895068ms
logger=grafana.update.checker t=2025-05-03T11:47:42.363047987-04:00 level=info msg="Update check succeeded" duration=68.384858ms
logger=cleanup t=2025-05-03T11:57:42.133656767-04:00 level=info msg="Completed cleanup jobs" duration=7.295395ms
logger=plugins.update.checker t=2025-05-03T11:57:42.244397057-04:00 level=info msg="Update check succeeded" duration=54.7114ms
logger=grafana.update.checker t=2025-05-03T11:57:42.361648116-04:00 level=info msg="Update check succeeded" duration=66.908244ms
logger=infra.usagestats t=2025-05-03T11:58:35.148025895-04:00 level=info msg="Usage stats are ready to report"
logger=cleanup t=2025-05-03T12:07:42.134653784-04:00 level=info msg="Completed cleanup jobs" duration=7.482569ms
logger=plugins.update.checker t=2025-05-03T12:07:42.24072548-04:00 level=info msg="Update check succeeded" duration=51.792803ms
logger=grafana.update.checker t=2025-05-03T12:07:42.362475457-04:00 level=info msg="Update check succeeded" duration=67.670665ms
logger=cleanup t=2025-05-03T12:17:42.135611333-04:00 level=info msg="Completed cleanup jobs" duration=8.355443ms
logger=plugins.update.checker t=2025-05-03T12:17:42.243028795-04:00 level=info msg="Update check succeeded" duration=53.206832ms
logger=grafana.update.checker t=2025-05-03T12:17:42.360031191-04:00 level=info msg="Update check succeeded" duration=65.715082ms
logger=cleanup t=2025-05-03T12:27:42.186697836-04:00 level=info msg="Completed cleanup jobs" duration=60.464872ms
logger=plugins.update.checker t=2025-05-03T12:27:42.238463084-04:00 level=info msg="Update check succeeded" duration=49.005835ms
logger=grafana.update.checker t=2025-05-03T12:27:42.450753776-04:00 level=info msg="Update check succeeded" duration=155.861018ms
logger=infra.usagestats t=2025-05-03T12:28:35.148251271-04:00 level=info msg="Usage stats are ready to report"
logger=cleanup t=2025-05-03T12:37:42.135163246-04:00 level=info msg="Completed cleanup jobs" duration=6.856747ms
logger=plugins.update.checker t=2025-05-03T12:37:42.241340567-04:00 level=info msg="Update check succeeded" duration=52.02103ms
logger=grafana.update.checker t=2025-05-03T12:37:42.36116138-04:00 level=info msg="Update check succeeded" duration=66.694317ms
logger=cleanup t=2025-05-03T12:47:42.136180813-04:00 level=info msg="Completed cleanup jobs" duration=9.487945ms
logger=plugins.update.checker t=2025-05-03T12:47:42.242086796-04:00 level=info msg="Update check succeeded" duration=52.83431ms
logger=grafana.update.checker t=2025-05-03T12:47:42.363026323-04:00 level=info msg="Update check succeeded" duration=67.900227ms
logger=cleanup t=2025-05-03T12:57:42.16449584-04:00 level=info msg="Completed cleanup jobs" duration=38.089611ms
logger=plugins.update.checker t=2025-05-03T12:57:42.237724062-04:00 level=info msg="Update check succeeded" duration=47.804165ms
logger=grafana.update.checker t=2025-05-03T12:57:42.362713697-04:00 level=info msg="Update check succeeded" duration=67.847136ms
logger=infra.usagestats t=2025-05-03T12:58:35.147625556-04:00 level=info msg="Usage stats are ready to report"
logger=cleanup t=2025-05-03T13:07:42.134485237-04:00 level=info msg="Completed cleanup jobs" duration=6.610683ms
logger=plugins.update.checker t=2025-05-03T13:07:42.242241985-04:00 level=info msg="Update check succeeded" duration=52.751419ms
logger=grafana.update.checker t=2025-05-03T13:07:42.359999627-04:00 level=info msg="Update check succeeded" duration=65.292065ms
logger=cleanup t=2025-05-03T13:17:42.134320037-04:00 level=info msg="Completed cleanup jobs" duration=7.493925ms
logger=plugins.update.checker t=2025-05-03T13:17:42.240940551-04:00 level=info msg="Update check succeeded" duration=51.438695ms
logger=grafana.update.checker t=2025-05-03T13:17:42.360097845-04:00 level=info msg="Update check succeeded" duration=65.021563ms
logger=cleanup t=2025-05-03T13:27:42.133126368-04:00 level=info msg="Completed cleanup jobs" duration=6.409749ms
logger=plugins.update.checker t=2025-05-03T13:27:42.251324717-04:00 level=info msg="Update check succeeded" duration=61.503956ms
logger=grafana.update.checker t=2025-05-03T13:27:42.366077007-04:00 level=info msg="Update check succeeded" duration=71.640231ms
logger=infra.usagestats t=2025-05-03T13:28:35.148055547-04:00 level=info msg="Usage stats are ready to report"
logger=cleanup t=2025-05-03T13:37:42.134780687-04:00 level=info msg="Completed cleanup jobs" duration=7.713122ms
logger=plugins.update.checker t=2025-05-03T13:37:42.237279583-04:00 level=info msg="Update check succeeded" duration=47.560705ms
logger=grafana.update.checker t=2025-05-03T13:37:42.359992212-04:00 level=info msg="Update check succeeded" duration=65.632763ms
logger=cleanup t=2025-05-03T13:47:42.133894052-04:00 level=info msg="Completed cleanup jobs" duration=7.189317ms
logger=plugins.update.checker t=2025-05-03T13:47:42.23788016-04:00 level=info msg="Update check succeeded" duration=47.955026ms
logger=grafana.update.checker t=2025-05-03T13:47:42.361881127-04:00 level=info msg="Update check succeeded" duration=66.831319ms
logger=cleanup t=2025-05-03T13:57:42.135341279-04:00 level=info msg="Completed cleanup jobs" duration=8.682327ms
logger=plugins.update.checker t=2025-05-03T13:57:42.244335368-04:00 level=info msg="Update check succeeded" duration=54.873618ms
logger=grafana.update.checker t=2025-05-03T13:57:42.361031257-04:00 level=info msg="Update check succeeded" duration=66.682769ms
logger=infra.usagestats t=2025-05-03T13:58:35.148453487-04:00 level=info msg="Usage stats are ready to report"
logger=cleanup t=2025-05-03T14:07:42.135904146-04:00 level=info msg="Completed cleanup jobs" duration=8.842529ms
logger=plugins.update.checker t=2025-05-03T14:07:42.245505883-04:00 level=info msg="Update check succeeded" duration=56.157856ms
logger=grafana.update.checker t=2025-05-03T14:07:42.362231648-04:00 level=info msg="Update check succeeded" duration=67.114874ms
logger=cleanup t=2025-05-03T14:17:42.13478535-04:00 level=info msg="Completed cleanup jobs" duration=6.978263ms
logger=plugins.update.checker t=2025-05-03T14:17:42.246048339-04:00 level=info msg="Update check succeeded" duration=56.407304ms
logger=grafana.update.checker t=2025-05-03T14:17:42.361121133-04:00 level=info msg="Update check succeeded" duration=66.693161ms
logger=cleanup t=2025-05-03T14:27:42.17113146-04:00 level=info msg="Completed cleanup jobs" duration=43.848791ms
logger=sqlstore.transactions t=2025-05-03T14:27:42.178413026-04:00 level=info msg="Database locked, sleeping then retrying" error="database is locked" retry=0 code="database is locked"
logger=plugins.update.checker t=2025-05-03T14:27:42.232680424-04:00 level=info msg="Update check succeeded" duration=43.767148ms
logger=infra.usagestats t=2025-05-03T14:27:42.363411481-04:00 level=info msg="Sent usage stats" duration=234.550672ms
logger=grafana.update.checker t=2025-05-03T14:27:42.390996322-04:00 level=info msg="Update check succeeded" duration=95.97508ms
logger=infra.usagestats t=2025-05-03T14:28:35.146065294-04:00 level=info msg="Usage stats are ready to report"
logger=cleanup t=2025-05-03T14:37:42.134069415-04:00 level=info msg="Completed cleanup jobs" duration=7.35916ms
logger=plugins.update.checker t=2025-05-03T14:37:42.247788399-04:00 level=info msg="Update check succeeded" duration=58.110042ms
logger=grafana.update.checker t=2025-05-03T14:37:42.360866654-04:00 level=info msg="Update check succeeded" duration=65.8074ms
logger=cleanup t=2025-05-03T14:47:42.132805482-04:00 level=info msg="Completed cleanup jobs" duration=6.194396ms
logger=plugins.update.checker t=2025-05-03T14:47:42.238284104-04:00 level=info msg="Update check succeeded" duration=49.186546ms
logger=grafana.update.checker t=2025-05-03T14:47:42.400298615-04:00 level=info msg="Update check succeeded" duration=105.590547ms
logger=cleanup t=2025-05-03T14:57:42.133366456-04:00 level=info msg="Completed cleanup jobs" duration=6.687542ms
logger=plugins.update.checker t=2025-05-03T14:57:42.243453963-04:00 level=info msg="Update check succeeded" duration=53.992703ms
logger=grafana.update.checker t=2025-05-03T14:57:42.363794082-04:00 level=info msg="Update check succeeded" duration=68.91293ms
logger=infra.usagestats t=2025-05-03T14:58:35.148618149-04:00 level=info msg="Usage stats are ready to report"
logger=cleanup t=2025-05-03T15:07:42.13508944-04:00 level=info msg="Completed cleanup jobs" duration=8.614415ms
logger=plugins.update.checker t=2025-05-03T15:07:42.240487404-04:00 level=info msg="Update check succeeded" duration=50.686151ms
logger=grafana.update.checker t=2025-05-03T15:07:42.362283081-04:00 level=info msg="Update check succeeded" duration=67.238978ms
logger=cleanup t=2025-05-03T15:17:42.137126446-04:00 level=info msg="Completed cleanup jobs" duration=10.617592ms
logger=plugins.update.checker t=2025-05-03T15:17:42.241853496-04:00 level=info msg="Update check succeeded" duration=52.526322ms
logger=grafana.update.checker t=2025-05-03T15:17:42.361580895-04:00 level=info msg="Update check succeeded" duration=66.331302ms
logger=cleanup t=2025-05-03T15:27:42.151913039-04:00 level=info msg="Completed cleanup jobs" duration=24.153868ms
logger=plugins.update.checker t=2025-05-03T15:27:42.237342954-04:00 level=info msg="Update check succeeded" duration=48.397054ms
logger=grafana.update.checker t=2025-05-03T15:27:42.424104438-04:00 level=info msg="Update check succeeded" duration=129.386926ms
logger=infra.usagestats t=2025-05-03T15:28:35.147713032-04:00 level=info msg="Usage stats are ready to report"
logger=cleanup t=2025-05-03T15:37:42.136722904-04:00 level=info msg="Completed cleanup jobs" duration=10.200381ms
logger=plugins.update.checker t=2025-05-03T15:37:42.239909168-04:00 level=info msg="Update check succeeded" duration=49.972623ms
logger=grafana.update.checker t=2025-05-03T15:37:42.363757199-04:00 level=info msg="Update check succeeded" duration=68.741826ms
logger=cleanup t=2025-05-03T15:47:42.135683993-04:00 level=info msg="Completed cleanup jobs" duration=8.719064ms
logger=plugins.update.checker t=2025-05-03T15:47:42.24897175-04:00 level=info msg="Update check succeeded" duration=59.448816ms
logger=grafana.update.checker t=2025-05-03T15:47:42.362216199-04:00 level=info msg="Update check succeeded" duration=67.957844ms
logger=cleanup t=2025-05-03T15:57:42.136259736-04:00 level=info msg="Completed cleanup jobs" duration=9.494417ms
logger=plugins.update.checker t=2025-05-03T15:57:42.240378133-04:00 level=info msg="Update check succeeded" duration=50.750998ms
logger=grafana.update.checker t=2025-05-03T15:57:42.361716048-04:00 level=info msg="Update check succeeded" duration=67.178895ms
logger=infra.usagestats t=2025-05-03T15:58:35.147430951-04:00 level=info msg="Usage stats are ready to report"
logger=cleanup t=2025-05-03T16:07:42.134141442-04:00 level=info msg="Completed cleanup jobs" duration=7.405225ms
logger=plugins.update.checker t=2025-05-03T16:07:42.241443776-04:00 level=info msg="Update check succeeded" duration=52.170345ms
logger=grafana.update.checker t=2025-05-03T16:07:42.3613261-04:00 level=info msg="Update check succeeded" duration=66.78085ms
logger=cleanup t=2025-05-03T16:17:42.134962645-04:00 level=info msg="Completed cleanup jobs" duration=8.200422ms
logger=plugins.update.checker t=2025-05-03T16:17:42.240771276-04:00 level=info msg="Update check succeeded" duration=51.309446ms
logger=grafana.update.checker t=2025-05-03T16:17:42.361609667-04:00 level=info msg="Update check succeeded" duration=67.322794ms
logger=cleanup t=2025-05-03T16:27:42.151512537-04:00 level=info msg="Completed cleanup jobs" duration=23.860017ms
logger=plugins.update.checker t=2025-05-03T16:27:42.238677233-04:00 level=info msg="Update check succeeded" duration=48.875139ms
logger=grafana.update.checker t=2025-05-03T16:27:42.366950188-04:00 level=info msg="Update check succeeded" duration=72.127909ms
logger=infra.usagestats t=2025-05-03T16:28:35.146395912-04:00 level=info msg="Usage stats are ready to report"
logger=cleanup t=2025-05-03T16:37:42.152130936-04:00 level=info msg="Completed cleanup jobs" duration=24.350786ms
logger=plugins.update.checker t=2025-05-03T16:37:42.239198285-04:00 level=info msg="Update check succeeded" duration=49.397621ms
logger=grafana.update.checker t=2025-05-03T16:37:42.361878139-04:00 level=info msg="Update check succeeded" duration=67.608855ms
logger=cleanup t=2025-05-03T16:47:42.13613311-04:00 level=info msg="Completed cleanup jobs" duration=8.478803ms
logger=plugins.update.checker t=2025-05-03T16:47:42.240693301-04:00 level=info msg="Update check succeeded" duration=51.772324ms
logger=grafana.update.checker t=2025-05-03T16:47:42.360688448-04:00 level=info msg="Update check succeeded" duration=65.911984ms
logger=cleanup t=2025-05-03T16:57:42.134950067-04:00 level=info msg="Completed cleanup jobs" duration=8.203645ms
logger=plugins.update.checker t=2025-05-03T16:57:42.244110891-04:00 level=info msg="Update check succeeded" duration=54.681314ms
logger=grafana.update.checker t=2025-05-03T16:57:42.374320308-04:00 level=info msg="Update check succeeded" duration=79.035736ms
logger=infra.usagestats t=2025-05-03T16:58:35.148906766-04:00 level=info msg="Usage stats are ready to report"
logger=cleanup t=2025-05-03T17:07:42.13551693-04:00 level=info msg="Completed cleanup jobs" duration=7.709712ms
logger=plugins.update.checker t=2025-05-03T17:07:42.237293574-04:00 level=info msg="Update check succeeded" duration=47.656665ms
logger=grafana.update.checker t=2025-05-03T17:07:42.36283076-04:00 level=info msg="Update check succeeded" duration=68.635611ms
logger=cleanup t=2025-05-03T17:17:42.135283107-04:00 level=info msg="Completed cleanup jobs" duration=7.505532ms
logger=plugins.update.checker t=2025-05-03T17:17:42.244548937-04:00 level=info msg="Update check succeeded" duration=54.773917ms
logger=grafana.update.checker t=2025-05-03T17:17:42.361400834-04:00 level=info msg="Update check succeeded" duration=66.454118ms
logger=cleanup t=2025-05-03T17:27:42.132741716-04:00 level=info msg="Completed cleanup jobs" duration=6.468037ms
logger=plugins.update.checker t=2025-05-03T17:27:42.23707457-04:00 level=info msg="Update check succeeded" duration=47.44266ms
logger=grafana.update.checker t=2025-05-03T17:27:42.427971019-04:00 level=info msg="Update check succeeded" duration=133.000147ms
logger=infra.usagestats t=2025-05-03T17:28:35.14952637-04:00 level=info msg="Usage stats are ready to report"
logger=cleanup t=2025-05-03T17:37:42.134120034-04:00 level=info msg="Completed cleanup jobs" duration=7.589739ms
logger=plugins.update.checker t=2025-05-03T17:37:42.246495979-04:00 level=info msg="Update check succeeded" duration=57.551878ms
logger=grafana.update.checker t=2025-05-03T17:37:42.360424012-04:00 level=info msg="Update check succeeded" duration=65.786936ms
logger=cleanup t=2025-05-03T17:47:42.135390311-04:00 level=info msg="Completed cleanup jobs" duration=8.599575ms
logger=plugins.update.checker t=2025-05-03T17:47:42.238272506-04:00 level=info msg="Update check succeeded" duration=48.310047ms
logger=grafana.update.checker t=2025-05-03T17:47:42.360542267-04:00 level=info msg="Update check succeeded" duration=66.200354ms
logger=cleanup t=2025-05-03T17:57:42.134318081-04:00 level=info msg="Completed cleanup jobs" duration=7.162428ms
logger=plugins.update.checker t=2025-05-03T17:57:42.236735724-04:00 level=info msg="Update check succeeded" duration=47.049785ms
logger=grafana.update.checker t=2025-05-03T17:57:42.390033812-04:00 level=info msg="Update check succeeded" duration=95.557311ms
logger=infra.usagestats t=2025-05-03T17:58:35.147714292-04:00 level=info msg="Usage stats are ready to report"
logger=cleanup t=2025-05-03T18:07:42.134995894-04:00 level=info msg="Completed cleanup jobs" duration=7.867871ms
logger=plugins.update.checker t=2025-05-03T18:07:42.24049301-04:00 level=info msg="Update check succeeded" duration=50.759939ms
logger=grafana.update.checker t=2025-05-03T18:07:42.362309397-04:00 level=info msg="Update check succeeded" duration=67.710698ms
logger=cleanup t=2025-05-03T18:17:42.13683158-04:00 level=info msg="Completed cleanup jobs" duration=9.488669ms
logger=grafana.update.checker t=2025-05-03T18:17:42.363706626-04:00 level=info msg="Update check succeeded" duration=69.389535ms
logger=plugins.update.checker t=2025-05-03T18:17:42.596427885-04:00 level=info msg="Update check succeeded" duration=407.383245ms
logger=cleanup t=2025-05-03T18:27:42.134959571-04:00 level=info msg="Completed cleanup jobs" duration=6.955573ms
logger=plugins.update.checker t=2025-05-03T18:27:42.243864475-04:00 level=info msg="Update check succeeded" duration=53.962269ms
logger=grafana.update.checker t=2025-05-03T18:27:42.693097645-04:00 level=info msg="Update check succeeded" duration=398.153129ms
logger=infra.usagestats t=2025-05-03T18:28:35.147788062-04:00 level=info msg="Usage stats are ready to report"
logger=cleanup t=2025-05-03T18:37:42.163770362-04:00 level=info msg="Completed cleanup jobs" duration=37.080624ms
logger=plugins.update.checker t=2025-05-03T18:37:42.250658522-04:00 level=info msg="Update check succeeded" duration=60.969356ms
logger=grafana.update.checker t=2025-05-03T18:37:42.361297955-04:00 level=info msg="Update check succeeded" duration=66.256515ms
logger=cleanup t=2025-05-03T18:47:42.133953983-04:00 level=info msg="Completed cleanup jobs" duration=7.27846ms
logger=plugins.update.checker t=2025-05-03T18:47:42.238511038-04:00 level=info msg="Update check succeeded" duration=49.323359ms
logger=grafana.update.checker t=2025-05-03T18:47:42.361537023-04:00 level=info msg="Update check succeeded" duration=66.893727ms
logger=cleanup t=2025-05-03T18:57:42.13357935-04:00 level=info msg="Completed cleanup jobs" duration=6.66506ms
logger=plugins.update.checker t=2025-05-03T18:57:42.240213723-04:00 level=info msg="Update check succeeded" duration=50.494253ms
logger=grafana.update.checker t=2025-05-03T18:57:42.363955327-04:00 level=info msg="Update check succeeded" duration=68.720813ms
logger=infra.usagestats t=2025-05-03T18:58:35.149317708-04:00 level=info msg="Usage stats are ready to report"
logger=cleanup t=2025-05-03T19:07:42.134109974-04:00 level=info msg="Completed cleanup jobs" duration=7.744828ms
logger=plugins.update.checker t=2025-05-03T19:07:42.245410205-04:00 level=info msg="Update check succeeded" duration=56.134534ms
logger=grafana.update.checker t=2025-05-03T19:07:42.365365016-04:00 level=info msg="Update check succeeded" duration=70.544459ms
logger=cleanup t=2025-05-03T19:17:42.134614612-04:00 level=info msg="Completed cleanup jobs" duration=7.245524ms
logger=plugins.update.checker t=2025-05-03T19:17:42.241168533-04:00 level=info msg="Update check succeeded" duration=51.899218ms
logger=grafana.update.checker t=2025-05-03T19:17:42.362909595-04:00 level=info msg="Update check succeeded" duration=67.79743ms
logger=cleanup t=2025-05-03T19:27:42.13414928-04:00 level=info msg="Completed cleanup jobs" duration=6.142564ms
logger=plugins.update.checker t=2025-05-03T19:27:42.250312902-04:00 level=info msg="Update check succeeded" duration=60.611235ms
logger=grafana.update.checker t=2025-05-03T19:27:42.389932112-04:00 level=info msg="Update check succeeded" duration=95.572643ms
logger=infra.usagestats t=2025-05-03T19:28:35.150245595-04:00 level=info msg="Usage stats are ready to report"
logger=cleanup t=2025-05-03T19:37:42.133933844-04:00 level=info msg="Completed cleanup jobs" duration=7.207501ms
logger=plugins.update.checker t=2025-05-03T19:37:42.240823006-04:00 level=info msg="Update check succeeded" duration=51.366311ms
logger=grafana.update.checker t=2025-05-03T19:37:42.362842224-04:00 level=info msg="Update check succeeded" duration=67.706099ms
logger=cleanup t=2025-05-03T19:47:42.13610981-04:00 level=info msg="Completed cleanup jobs" duration=9.338686ms
logger=plugins.update.checker t=2025-05-03T19:47:42.247135659-04:00 level=info msg="Update check succeeded" duration=57.22306ms
logger=grafana.update.checker t=2025-05-03T19:47:42.360372905-04:00 level=info msg="Update check succeeded" duration=66.107462ms
logger=cleanup t=2025-05-03T19:57:42.134386823-04:00 level=info msg="Completed cleanup jobs" duration=7.841307ms
logger=plugins.update.checker t=2025-05-03T19:57:42.237453384-04:00 level=info msg="Update check succeeded" duration=47.66076ms
logger=grafana.update.checker t=2025-05-03T19:57:42.362259825-04:00 level=info msg="Update check succeeded" duration=67.559783ms
logger=infra.usagestats t=2025-05-03T19:58:35.149770658-04:00 level=info msg="Usage stats are ready to report"
logger=cleanup t=2025-05-03T20:07:42.1338184-04:00 level=info msg="Completed cleanup jobs" duration=7.178944ms
logger=plugins.update.checker t=2025-05-03T20:07:42.240326381-04:00 level=info msg="Update check succeeded" duration=50.299844ms
logger=grafana.update.checker t=2025-05-03T20:07:42.363187447-04:00 level=info msg="Update check succeeded" duration=68.968962ms
logger=cleanup t=2025-05-03T20:17:42.142294284-04:00 level=info msg="Completed cleanup jobs" duration=15.271967ms
logger=plugins.update.checker t=2025-05-03T20:17:42.247244328-04:00 level=info msg="Update check succeeded" duration=58.005169ms
logger=grafana.update.checker t=2025-05-03T20:17:42.362143338-04:00 level=info msg="Update check succeeded" duration=67.406684ms
logger=cleanup t=2025-05-03T20:27:42.151499185-04:00 level=info msg="Completed cleanup jobs" duration=24.400011ms
logger=plugins.update.checker t=2025-05-03T20:27:42.243686181-04:00 level=info msg="Update check succeeded" duration=54.150016ms
logger=grafana.update.checker t=2025-05-03T20:27:42.458985471-04:00 level=info msg="Update check succeeded" duration=163.839874ms
logger=infra.usagestats t=2025-05-03T20:28:35.146442916-04:00 level=info msg="Usage stats are ready to report"
logger=cleanup t=2025-05-03T20:37:42.135045538-04:00 level=info msg="Completed cleanup jobs" duration=7.243129ms
logger=plugins.update.checker t=2025-05-03T20:37:42.240649984-04:00 level=info msg="Update check succeeded" duration=50.803727ms
logger=grafana.update.checker t=2025-05-03T20:37:42.362320636-04:00 level=info msg="Update check succeeded" duration=67.118702ms
logger=cleanup t=2025-05-03T20:47:42.134888546-04:00 level=info msg="Completed cleanup jobs" duration=7.157327ms
logger=plugins.update.checker t=2025-05-03T20:47:42.240887848-04:00 level=info msg="Update check succeeded" duration=51.060124ms
logger=grafana.update.checker t=2025-05-03T20:47:42.362453594-04:00 level=info msg="Update check succeeded" duration=67.526822ms
logger=cleanup t=2025-05-03T20:57:42.137286207-04:00 level=info msg="Completed cleanup jobs" duration=10.329646ms
logger=plugins.update.checker t=2025-05-03T20:57:42.251955666-04:00 level=info msg="Update check succeeded" duration=62.779965ms
logger=grafana.update.checker t=2025-05-03T20:57:42.361771214-04:00 level=info msg="Update check succeeded" duration=66.650908ms
logger=infra.usagestats t=2025-05-03T20:58:35.147999491-04:00 level=info msg="Usage stats are ready to report"
logger=cleanup t=2025-05-03T21:07:42.134417021-04:00 level=info msg="Completed cleanup jobs" duration=7.105598ms
logger=plugins.update.checker t=2025-05-03T21:07:42.241186317-04:00 level=info msg="Update check succeeded" duration=51.40989ms
logger=grafana.update.checker t=2025-05-03T21:07:42.394470103-04:00 level=info msg="Update check succeeded" duration=100.197269ms
logger=cleanup t=2025-05-03T21:17:42.135341386-04:00 level=info msg="Completed cleanup jobs" duration=8.092052ms
logger=plugins.update.checker t=2025-05-03T21:17:42.241934008-04:00 level=info msg="Update check succeeded" duration=52.485466ms
logger=grafana.update.checker t=2025-05-03T21:17:42.362322579-04:00 level=info msg="Update check succeeded" duration=67.211626ms
logger=cleanup t=2025-05-03T21:27:42.132705785-04:00 level=info msg="Completed cleanup jobs" duration=6.343052ms
logger=plugins.update.checker t=2025-05-03T21:27:42.237942741-04:00 level=info msg="Update check succeeded" duration=48.285401ms
logger=grafana.update.checker t=2025-05-03T21:27:42.425720239-04:00 level=info msg="Update check succeeded" duration=131.467746ms
logger=infra.usagestats t=2025-05-03T21:28:35.147630576-04:00 level=info msg="Usage stats are ready to report"
logger=cleanup t=2025-05-03T21:37:42.13515086-04:00 level=info msg="Completed cleanup jobs" duration=8.344769ms
logger=plugins.update.checker t=2025-05-03T21:37:42.241971398-04:00 level=info msg="Update check succeeded" duration=52.515506ms
logger=grafana.update.checker t=2025-05-03T21:37:42.361123976-04:00 level=info msg="Update check succeeded" duration=66.818594ms
logger=cleanup t=2025-05-03T21:47:42.134524375-04:00 level=info msg="Completed cleanup jobs" duration=7.732306ms
logger=plugins.update.checker t=2025-05-03T21:47:42.241956722-04:00 level=info msg="Update check succeeded" duration=52.275382ms
logger=grafana.update.checker t=2025-05-03T21:47:42.363472699-04:00 level=info msg="Update check succeeded" duration=68.439909ms
logger=cleanup t=2025-05-03T21:57:42.134524615-04:00 level=info msg="Completed cleanup jobs" duration=7.441459ms
logger=plugins.update.checker t=2025-05-03T21:57:42.246876909-04:00 level=info msg="Update check succeeded" duration=56.935493ms
logger=grafana.update.checker t=2025-05-03T21:57:42.362300121-04:00 level=info msg="Update check succeeded" duration=67.254978ms
logger=infra.usagestats t=2025-05-03T21:58:35.149323288-04:00 level=info msg="Usage stats are ready to report"
logger=cleanup t=2025-05-03T22:07:42.136592082-04:00 level=info msg="Completed cleanup jobs" duration=9.713624ms
logger=plugins.update.checker t=2025-05-03T22:07:42.246483952-04:00 level=info msg="Update check succeeded" duration=56.782619ms
logger=grafana.update.checker t=2025-05-03T22:07:42.363060994-04:00 level=info msg="Update check succeeded" duration=68.360293ms
logger=cleanup t=2025-05-03T22:17:42.137094185-04:00 level=info msg="Completed cleanup jobs" duration=10.410804ms
logger=plugins.update.checker t=2025-05-03T22:17:42.25440296-04:00 level=info msg="Update check succeeded" duration=64.512078ms
logger=grafana.update.checker t=2025-05-03T22:17:42.362324706-04:00 level=info msg="Update check succeeded" duration=67.18739ms
logger=cleanup t=2025-05-03T22:27:42.153146054-04:00 level=info msg="Completed cleanup jobs" duration=26.935675ms
logger=plugins.update.checker t=2025-05-03T22:27:42.236795455-04:00 level=info msg="Update check succeeded" duration=47.210871ms
logger=grafana.update.checker t=2025-05-03T22:27:42.425414612-04:00 level=info msg="Update check succeeded" duration=130.524372ms
logger=infra.usagestats t=2025-05-03T22:28:35.147597564-04:00 level=info msg="Usage stats are ready to report"
logger=cleanup t=2025-05-03T22:37:42.134213561-04:00 level=info msg="Completed cleanup jobs" duration=7.719892ms
logger=plugins.update.checker t=2025-05-03T22:37:42.238782257-04:00 level=info msg="Update check succeeded" duration=49.601635ms
logger=grafana.update.checker t=2025-05-03T22:37:42.360503353-04:00 level=info msg="Update check succeeded" duration=65.6255ms
logger=cleanup t=2025-05-03T22:47:42.135390764-04:00 level=info msg="Completed cleanup jobs" duration=7.616594ms
logger=plugins.update.checker t=2025-05-03T22:47:42.243382473-04:00 level=info msg="Update check succeeded" duration=53.772171ms
logger=grafana.update.checker t=2025-05-03T22:47:42.360148736-04:00 level=info msg="Update check succeeded" duration=65.364371ms
logger=cleanup t=2025-05-03T22:57:42.134736982-04:00 level=info msg="Completed cleanup jobs" duration=7.855213ms
logger=plugins.update.checker t=2025-05-03T22:57:42.241391782-04:00 level=info msg="Update check succeeded" duration=51.699015ms
logger=grafana.update.checker t=2025-05-03T22:57:42.362223753-04:00 level=info msg="Update check succeeded" duration=67.70791ms
logger=infra.usagestats t=2025-05-03T22:58:35.149370504-04:00 level=info msg="Usage stats are ready to report"
logger=cleanup t=2025-05-03T23:07:42.136087764-04:00 level=info msg="Completed cleanup jobs" duration=8.273974ms
logger=plugins.update.checker t=2025-05-03T23:07:42.239635451-04:00 level=info msg="Update check succeeded" duration=49.942876ms
logger=grafana.update.checker t=2025-05-03T23:07:42.359923746-04:00 level=info msg="Update check succeeded" duration=65.267265ms
logger=cleanup t=2025-05-03T23:17:42.134704273-04:00 level=info msg="Completed cleanup jobs" duration=7.327884ms
logger=plugins.update.checker t=2025-05-03T23:17:42.269433206-04:00 level=info msg="Update check succeeded" duration=80.453958ms
logger=grafana.update.checker t=2025-05-03T23:17:42.36249476-04:00 level=info msg="Update check succeeded" duration=67.769245ms
logger=cleanup t=2025-05-03T23:27:42.134958664-04:00 level=info msg="Completed cleanup jobs" duration=8.084105ms
logger=plugins.update.checker t=2025-05-03T23:27:42.246829251-04:00 level=info msg="Update check succeeded" duration=57.582212ms
logger=grafana.update.checker t=2025-05-03T23:27:42.365346647-04:00 level=info msg="Update check succeeded" duration=70.237186ms
logger=infra.usagestats t=2025-05-03T23:28:35.147580822-04:00 level=info msg="Usage stats are ready to report"
logger=cleanup t=2025-05-03T23:37:42.13646565-04:00 level=info msg="Completed cleanup jobs" duration=9.211525ms
logger=plugins.update.checker t=2025-05-03T23:37:42.238540609-04:00 level=info msg="Update check succeeded" duration=49.217809ms
logger=grafana.update.checker t=2025-05-03T23:37:42.362007161-04:00 level=info msg="Update check succeeded" duration=67.311855ms
logger=cleanup t=2025-05-03T23:47:42.135186378-04:00 level=info msg="Completed cleanup jobs" duration=8.657775ms
logger=plugins.update.checker t=2025-05-03T23:47:42.243079606-04:00 level=info msg="Update check succeeded" duration=53.322008ms
logger=grafana.update.checker t=2025-05-03T23:47:42.36140816-04:00 level=info msg="Update check succeeded" duration=66.292273ms
logger=cleanup t=2025-05-03T23:57:42.134770143-04:00 level=info msg="Completed cleanup jobs" duration=7.606259ms
logger=plugins.update.checker t=2025-05-03T23:57:42.238789452-04:00 level=info msg="Update check succeeded" duration=49.830699ms
logger=grafana.update.checker t=2025-05-03T23:57:42.361371056-04:00 level=info msg="Update check succeeded" duration=66.467677ms
logger=infra.usagestats t=2025-05-03T23:58:35.148618055-04:00 level=info msg="Usage stats are ready to report"
logger=cleanup t=2025-05-04T00:07:42.133859955-04:00 level=info msg="Completed cleanup jobs" duration=7.06253ms
logger=plugins.update.checker t=2025-05-04T00:07:42.245248357-04:00 level=info msg="Update check succeeded" duration=55.964598ms
logger=grafana.update.checker t=2025-05-04T00:07:42.363257958-04:00 level=info msg="Update check succeeded" duration=67.94861ms
logger=cleanup t=2025-05-04T00:17:42.134636694-04:00 level=info msg="Completed cleanup jobs" duration=7.926071ms
logger=plugins.update.checker t=2025-05-04T00:17:42.243494618-04:00 level=info msg="Update check succeeded" duration=53.487763ms
logger=grafana.update.checker t=2025-05-04T00:17:42.361133685-04:00 level=info msg="Update check succeeded" duration=66.275411ms
logger=cleanup t=2025-05-04T00:27:42.13512408-04:00 level=info msg="Completed cleanup jobs" duration=8.292115ms
logger=plugins.update.checker t=2025-05-04T00:27:42.245193587-04:00 level=info msg="Update check succeeded" duration=56.245183ms
logger=grafana.update.checker t=2025-05-04T00:27:42.417450647-04:00 level=info msg="Update check succeeded" duration=122.220022ms
logger=infra.usagestats t=2025-05-04T00:28:35.150829878-04:00 level=info msg="Usage stats are ready to report"
logger=cleanup t=2025-05-04T00:37:42.135265858-04:00 level=info msg="Completed cleanup jobs" duration=8.883815ms
logger=plugins.update.checker t=2025-05-04T00:37:42.241383524-04:00 level=info msg="Update check succeeded" duration=51.434722ms
logger=grafana.update.checker t=2025-05-04T00:37:42.361960524-04:00 level=info msg="Update check succeeded" duration=67.487894ms
logger=cleanup t=2025-05-04T00:47:42.134478812-04:00 level=info msg="Completed cleanup jobs" duration=7.836756ms
logger=plugins.update.checker t=2025-05-04T00:47:42.241249901-04:00 level=info msg="Update check succeeded" duration=51.937136ms
logger=grafana.update.checker t=2025-05-04T00:47:42.362824795-04:00 level=info msg="Update check succeeded" duration=68.062294ms
logger=cleanup t=2025-05-04T00:57:42.133668992-04:00 level=info msg="Completed cleanup jobs" duration=7.34477ms
logger=plugins.update.checker t=2025-05-04T00:57:42.242851384-04:00 level=info msg="Update check succeeded" duration=52.909609ms
logger=grafana.update.checker t=2025-05-04T00:57:42.361239408-04:00 level=info msg="Update check succeeded" duration=66.20493ms
logger=infra.usagestats t=2025-05-04T00:58:35.148578651-04:00 level=info msg="Usage stats are ready to report"
logger=cleanup t=2025-05-04T01:07:42.134971745-04:00 level=info msg="Completed cleanup jobs" duration=7.50126ms
logger=plugins.update.checker t=2025-05-04T01:07:42.24175609-04:00 level=info msg="Update check succeeded" duration=51.909672ms
logger=grafana.update.checker t=2025-05-04T01:07:42.360335596-04:00 level=info msg="Update check succeeded" duration=65.11006ms
logger=cleanup t=2025-05-04T01:17:42.13425224-04:00 level=info msg="Completed cleanup jobs" duration=7.633831ms
logger=plugins.update.checker t=2025-05-04T01:17:42.239917531-04:00 level=info msg="Update check succeeded" duration=50.282452ms
logger=grafana.update.checker t=2025-05-04T01:17:42.365757141-04:00 level=info msg="Update check succeeded" duration=70.812395ms
logger=cleanup t=2025-05-04T01:27:42.15126676-04:00 level=info msg="Completed cleanup jobs" duration=23.526088ms
logger=plugins.update.checker t=2025-05-04T01:27:42.243774039-04:00 level=info msg="Update check succeeded" duration=54.0514ms
logger=grafana.update.checker t=2025-05-04T01:27:42.385293535-04:00 level=info msg="Update check succeeded" duration=90.55634ms
logger=infra.usagestats t=2025-05-04T01:28:35.147961169-04:00 level=info msg="Usage stats are ready to report"
logger=cleanup t=2025-05-04T01:37:42.134036791-04:00 level=info msg="Completed cleanup jobs" duration=7.353716ms
logger=plugins.update.checker t=2025-05-04T01:37:42.239121995-04:00 level=info msg="Update check succeeded" duration=49.978779ms
logger=grafana.update.checker t=2025-05-04T01:37:42.361725012-04:00 level=info msg="Update check succeeded" duration=66.518039ms
logger=cleanup t=2025-05-04T01:47:42.13250612-04:00 level=info msg="Completed cleanup jobs" duration=5.84154ms
logger=plugins.update.checker t=2025-05-04T01:47:42.239249413-04:00 level=info msg="Update check succeeded" duration=49.449087ms
logger=grafana.update.checker t=2025-05-04T01:47:42.359781003-04:00 level=info msg="Update check succeeded" duration=65.508509ms
logger=cleanup t=2025-05-04T01:57:42.134304728-04:00 level=info msg="Completed cleanup jobs" duration=6.302487ms
logger=plugins.update.checker t=2025-05-04T01:57:42.242820692-04:00 level=info msg="Update check succeeded" duration=53.533313ms
logger=grafana.update.checker t=2025-05-04T01:57:42.361467065-04:00 level=info msg="Update check succeeded" duration=66.37337ms
logger=infra.usagestats t=2025-05-04T01:58:35.147313586-04:00 level=info msg="Usage stats are ready to report"
logger=cleanup t=2025-05-04T02:07:42.134411066-04:00 level=info msg="Completed cleanup jobs" duration=7.720155ms
logger=plugins.update.checker t=2025-05-04T02:07:42.239693534-04:00 level=info msg="Update check succeeded" duration=50.155936ms
logger=grafana.update.checker t=2025-05-04T02:07:42.360934726-04:00 level=info msg="Update check succeeded" duration=66.100075ms
logger=cleanup t=2025-05-04T02:17:42.138534277-04:00 level=info msg="Completed cleanup jobs" duration=11.80428ms
logger=plugins.update.checker t=2025-05-04T02:17:42.25476183-04:00 level=info msg="Update check succeeded" duration=65.5668ms
logger=grafana.update.checker t=2025-05-04T02:17:42.360779933-04:00 level=info msg="Update check succeeded" duration=65.749434ms
logger=cleanup t=2025-05-04T02:27:42.169496887-04:00 level=info msg="Completed cleanup jobs" duration=43.055172ms
logger=plugins.update.checker t=2025-05-04T02:27:42.239636662-04:00 level=info msg="Update check succeeded" duration=49.637308ms
logger=grafana.update.checker t=2025-05-04T02:27:42.402277457-04:00 level=info msg="Update check succeeded" duration=107.46754ms
logger=infra.usagestats t=2025-05-04T02:28:35.147690297-04:00 level=info msg="Usage stats are ready to report"
logger=cleanup t=2025-05-04T02:37:42.133935136-04:00 level=info msg="Completed cleanup jobs" duration=7.210283ms
logger=plugins.update.checker t=2025-05-04T02:37:42.24451076-04:00 level=info msg="Update check succeeded" duration=54.479168ms
logger=grafana.update.checker t=2025-05-04T02:37:42.361255403-04:00 level=info msg="Update check succeeded" duration=66.805661ms
logger=cleanup t=2025-05-04T02:47:42.173422823-04:00 level=info msg="Completed cleanup jobs" duration=46.549833ms
logger=plugins.update.checker t=2025-05-04T02:47:42.241918369-04:00 level=info msg="Update check succeeded" duration=52.992272ms
logger=grafana.update.checker t=2025-05-04T02:47:42.362442059-04:00 level=info msg="Update check succeeded" duration=67.509123ms
logger=cleanup t=2025-05-04T02:57:42.134009582-04:00 level=info msg="Completed cleanup jobs" duration=7.179758ms
logger=plugins.update.checker t=2025-05-04T02:57:42.25318891-04:00 level=info msg="Update check succeeded" duration=63.365718ms
logger=grafana.update.checker t=2025-05-04T02:57:42.360472404-04:00 level=info msg="Update check succeeded" duration=65.816617ms
logger=infra.usagestats t=2025-05-04T02:58:35.147856701-04:00 level=info msg="Usage stats are ready to report"
logger=cleanup t=2025-05-04T03:07:42.134147478-04:00 level=info msg="Completed cleanup jobs" duration=7.861785ms
logger=plugins.update.checker t=2025-05-04T03:07:42.237852533-04:00 level=info msg="Update check succeeded" duration=48.231015ms
logger=grafana.update.checker t=2025-05-04T03:07:42.361442685-04:00 level=info msg="Update check succeeded" duration=66.194961ms
logger=cleanup t=2025-05-04T03:17:42.134954644-04:00 level=info msg="Completed cleanup jobs" duration=7.894553ms
logger=plugins.update.checker t=2025-05-04T03:17:42.239718658-04:00 level=info msg="Update check succeeded" duration=50.704808ms
logger=grafana.update.checker t=2025-05-04T03:17:42.362096824-04:00 level=info msg="Update check succeeded" duration=67.253252ms
logger=cleanup t=2025-05-04T03:27:42.133154147-04:00 level=info msg="Completed cleanup jobs" duration=6.689264ms
logger=plugins.update.checker t=2025-05-04T03:27:42.240147161-04:00 level=info msg="Update check succeeded" duration=50.718078ms
logger=grafana.update.checker t=2025-05-04T03:27:42.388061648-04:00 level=info msg="Update check succeeded" duration=93.832392ms
logger=infra.usagestats t=2025-05-04T03:28:35.149735461-04:00 level=info msg="Usage stats are ready to report"
logger=cleanup t=2025-05-04T03:37:42.136008357-04:00 level=info msg="Completed cleanup jobs" duration=8.687196ms
logger=plugins.update.checker t=2025-05-04T03:37:42.241192031-04:00 level=info msg="Update check succeeded" duration=51.642195ms
logger=grafana.update.checker t=2025-05-04T03:37:42.360845784-04:00 level=info msg="Update check succeeded" duration=66.565351ms
logger=cleanup t=2025-05-04T03:47:42.134956951-04:00 level=info msg="Completed cleanup jobs" duration=8.107178ms
logger=plugins.update.checker t=2025-05-04T03:47:42.240769003-04:00 level=info msg="Update check succeeded" duration=51.388472ms
logger=grafana.update.checker t=2025-05-04T03:47:42.360238932-04:00 level=info msg="Update check succeeded" duration=65.467218ms
logger=cleanup t=2025-05-04T03:57:42.133671689-04:00 level=info msg="Completed cleanup jobs" duration=7.46919ms
logger=plugins.update.checker t=2025-05-04T03:57:42.246046964-04:00 level=info msg="Update check succeeded" duration=56.70293ms
logger=grafana.update.checker t=2025-05-04T03:57:42.362370029-04:00 level=info msg="Update check succeeded" duration=67.170147ms
logger=infra.usagestats t=2025-05-04T03:58:35.148883687-04:00 level=info msg="Usage stats are ready to report"
logger=cleanup t=2025-05-04T04:07:42.131082956-04:00 level=info msg="Completed cleanup jobs" duration=3.877497ms
logger=plugins.update.checker t=2025-05-04T04:07:42.239349881-04:00 level=info msg="Update check succeeded" duration=49.947371ms
logger=grafana.update.checker t=2025-05-04T04:07:42.363247447-04:00 level=info msg="Update check succeeded" duration=68.755393ms
logger=cleanup t=2025-05-04T04:17:42.135247304-04:00 level=info msg="Completed cleanup jobs" duration=7.464639ms
logger=plugins.update.checker t=2025-05-04T04:17:42.242929481-04:00 level=info msg="Update check succeeded" duration=53.381734ms
logger=grafana.update.checker t=2025-05-04T04:17:42.363046223-04:00 level=info msg="Update check succeeded" duration=68.213338ms
logger=cleanup t=2025-05-04T04:27:42.133135621-04:00 level=info msg="Completed cleanup jobs" duration=6.888776ms
logger=plugins.update.checker t=2025-05-04T04:27:42.237621898-04:00 level=info msg="Update check succeeded" duration=47.964432ms
logger=grafana.update.checker t=2025-05-04T04:27:42.387993291-04:00 level=info msg="Update check succeeded" duration=93.298938ms
logger=infra.usagestats t=2025-05-04T04:28:35.149444347-04:00 level=info msg="Usage stats are ready to report"
logger=cleanup t=2025-05-04T04:37:42.134493007-04:00 level=info msg="Completed cleanup jobs" duration=7.781488ms
logger=plugins.update.checker t=2025-05-04T04:37:42.238962662-04:00 level=info msg="Update check succeeded" duration=50.002204ms
logger=grafana.update.checker t=2025-05-04T04:37:42.361545678-04:00 level=info msg="Update check succeeded" duration=66.474296ms
logger=cleanup t=2025-05-04T04:47:42.135268068-04:00 level=info msg="Completed cleanup jobs" duration=8.588066ms
logger=plugins.update.checker t=2025-05-04T04:47:42.251701283-04:00 level=info msg="Update check succeeded" duration=62.241472ms
logger=grafana.update.checker t=2025-05-04T04:47:42.360528802-04:00 level=info msg="Update check succeeded" duration=65.354542ms
logger=cleanup t=2025-05-04T04:57:42.134852638-04:00 level=info msg="Completed cleanup jobs" duration=8.286901ms
logger=plugins.update.checker t=2025-05-04T04:57:42.244518449-04:00 level=info msg="Update check succeeded" duration=54.619191ms
logger=grafana.update.checker t=2025-05-04T04:57:42.363268203-04:00 level=info msg="Update check succeeded" duration=68.563175ms
logger=infra.usagestats t=2025-05-04T04:58:35.147661848-04:00 level=info msg="Usage stats are ready to report"
logger=cleanup t=2025-05-04T05:07:42.135016015-04:00 level=info msg="Completed cleanup jobs" duration=7.782359ms
logger=plugins.update.checker t=2025-05-04T05:07:42.241594844-04:00 level=info msg="Update check succeeded" duration=52.553446ms
logger=grafana.update.checker t=2025-05-04T05:07:42.361307973-04:00 level=info msg="Update check succeeded" duration=66.676812ms
logger=cleanup t=2025-05-04T05:17:42.136031975-04:00 level=info msg="Completed cleanup jobs" duration=9.267623ms
logger=plugins.update.checker t=2025-05-04T05:17:42.243824045-04:00 level=info msg="Update check succeeded" duration=54.188648ms
logger=grafana.update.checker t=2025-05-04T05:17:42.363430996-04:00 level=info msg="Update check succeeded" duration=68.466595ms
logger=cleanup t=2025-05-04T05:27:42.172365718-04:00 level=info msg="Completed cleanup jobs" duration=45.10752ms
logger=plugins.update.checker t=2025-05-04T05:27:42.239905183-04:00 level=info msg="Update check succeeded" duration=50.926536ms
logger=grafana.update.checker t=2025-05-04T05:27:42.456255257-04:00 level=info msg="Update check succeeded" duration=161.192207ms
logger=infra.usagestats t=2025-05-04T05:28:35.148152505-04:00 level=info msg="Usage stats are ready to report"
logger=cleanup t=2025-05-04T05:37:42.134727053-04:00 level=info msg="Completed cleanup jobs" duration=8.507728ms
logger=plugins.update.checker t=2025-05-04T05:37:42.23948494-04:00 level=info msg="Update check succeeded" duration=49.600128ms
logger=grafana.update.checker t=2025-05-04T05:37:42.362230272-04:00 level=info msg="Update check succeeded" duration=67.212728ms
logger=cleanup t=2025-05-04T05:47:42.13496928-04:00 level=info msg="Completed cleanup jobs" duration=8.415804ms
logger=plugins.update.checker t=2025-05-04T05:47:42.244987704-04:00 level=info msg="Update check succeeded" duration=55.66941ms
logger=grafana.update.checker t=2025-05-04T05:47:42.360434328-04:00 level=info msg="Update check succeeded" duration=65.329635ms
logger=cleanup t=2025-05-04T05:57:42.13373868-04:00 level=info msg="Completed cleanup jobs" duration=7.060384ms
logger=plugins.update.checker t=2025-05-04T05:57:42.241518639-04:00 level=info msg="Update check succeeded" duration=51.768541ms
logger=grafana.update.checker t=2025-05-04T05:57:42.362008582-04:00 level=info msg="Update check succeeded" duration=67.365218ms
logger=infra.usagestats t=2025-05-04T05:58:35.149201416-04:00 level=info msg="Usage stats are ready to report"
logger=cleanup t=2025-05-04T06:07:42.133548187-04:00 level=info msg="Completed cleanup jobs" duration=6.879856ms
logger=plugins.update.checker t=2025-05-04T06:07:42.240857899-04:00 level=info msg="Update check succeeded" duration=51.787367ms
logger=grafana.update.checker t=2025-05-04T06:07:42.36276678-04:00 level=info msg="Update check succeeded" duration=68.542768ms
logger=cleanup t=2025-05-04T06:17:42.133526048-04:00 level=info msg="Completed cleanup jobs" duration=7.070708ms
logger=plugins.update.checker t=2025-05-04T06:17:42.240299604-04:00 level=info msg="Update check succeeded" duration=50.523562ms
logger=grafana.update.checker t=2025-05-04T06:17:42.362205157-04:00 level=info msg="Update check succeeded" duration=67.57348ms
logger=cleanup t=2025-05-04T06:27:42.14553169-04:00 level=info msg="Completed cleanup jobs" duration=18.405753ms
logger=plugins.update.checker t=2025-05-04T06:27:42.239127837-04:00 level=info msg="Update check succeeded" duration=49.291081ms
logger=grafana.update.checker t=2025-05-04T06:27:42.387528816-04:00 level=info msg="Update check succeeded" duration=92.331682ms
logger=infra.usagestats t=2025-05-04T06:28:35.148826927-04:00 level=info msg="Usage stats are ready to report"
logger=cleanup t=2025-05-04T06:37:42.133393148-04:00 level=info msg="Completed cleanup jobs" duration=6.846205ms
logger=plugins.update.checker t=2025-05-04T06:37:42.277048239-04:00 level=info msg="Update check succeeded" duration=87.576588ms
logger=grafana.update.checker t=2025-05-04T06:37:42.359360798-04:00 level=info msg="Update check succeeded" duration=65.023402ms
logger=cleanup t=2025-05-04T06:47:42.13701954-04:00 level=info msg="Completed cleanup jobs" duration=10.24311ms
logger=plugins.update.checker t=2025-05-04T06:47:42.237062058-04:00 level=info msg="Update check succeeded" duration=47.566069ms
logger=grafana.update.checker t=2025-05-04T06:47:42.361760639-04:00 level=info msg="Update check succeeded" duration=66.586925ms
logger=cleanup t=2025-05-04T06:57:42.135751085-04:00 level=info msg="Completed cleanup jobs" duration=8.044614ms
logger=plugins.update.checker t=2025-05-04T06:57:42.23595619-04:00 level=info msg="Update check succeeded" duration=46.695058ms
logger=grafana.update.checker t=2025-05-04T06:57:42.359451126-04:00 level=info msg="Update check succeeded" duration=64.423199ms
logger=infra.usagestats t=2025-05-04T06:58:35.149461185-04:00 level=info msg="Usage stats are ready to report"
logger=cleanup t=2025-05-04T07:07:42.135393986-04:00 level=info msg="Completed cleanup jobs" duration=7.17293ms
logger=plugins.update.checker t=2025-05-04T07:07:42.241761059-04:00 level=info msg="Update check succeeded" duration=51.965299ms
logger=grafana.update.checker t=2025-05-04T07:07:42.362841529-04:00 level=info msg="Update check succeeded" duration=68.108647ms
logger=cleanup t=2025-05-04T07:17:42.136074116-04:00 level=info msg="Completed cleanup jobs" duration=9.356496ms
logger=plugins.update.checker t=2025-05-04T07:17:42.23946145-04:00 level=info msg="Update check succeeded" duration=50.208593ms
logger=grafana.update.checker t=2025-05-04T07:17:42.362752918-04:00 level=info msg="Update check succeeded" duration=68.272131ms
logger=cleanup t=2025-05-04T07:27:42.135430523-04:00 level=info msg="Completed cleanup jobs" duration=8.770505ms
logger=plugins.update.checker t=2025-05-04T07:27:42.242490955-04:00 level=info msg="Update check succeeded" duration=52.737792ms
logger=grafana.update.checker t=2025-05-04T07:27:42.401733262-04:00 level=info msg="Update check succeeded" duration=107.089048ms
logger=infra.usagestats t=2025-05-04T07:28:35.148091924-04:00 level=info msg="Usage stats are ready to report"
logger=cleanup t=2025-05-04T07:37:42.135518374-04:00 level=info msg="Completed cleanup jobs" duration=8.387584ms
logger=plugins.update.checker t=2025-05-04T07:37:42.239474535-04:00 level=info msg="Update check succeeded" duration=49.838885ms
logger=grafana.update.checker t=2025-05-04T07:37:42.361884397-04:00 level=info msg="Update check succeeded" duration=66.811162ms
logger=cleanup t=2025-05-04T07:47:42.134579571-04:00 level=info msg="Completed cleanup jobs" duration=7.994852ms
logger=plugins.update.checker t=2025-05-04T07:47:42.241878589-04:00 level=info msg="Update check succeeded" duration=52.404168ms
logger=grafana.update.checker t=2025-05-04T07:47:42.360861968-04:00 level=info msg="Update check succeeded" duration=66.033683ms
logger=cleanup t=2025-05-04T07:57:42.134396427-04:00 level=info msg="Completed cleanup jobs" duration=7.065358ms
logger=plugins.update.checker t=2025-05-04T07:57:42.242868547-04:00 level=info msg="Update check succeeded" duration=53.234492ms
logger=grafana.update.checker t=2025-05-04T07:57:42.361746991-04:00 level=info msg="Update check succeeded" duration=66.671708ms
logger=infra.usagestats t=2025-05-04T07:58:35.148185983-04:00 level=info msg="Usage stats are ready to report"
logger=cleanup t=2025-05-04T08:07:42.133981782-04:00 level=info msg="Completed cleanup jobs" duration=6.623942ms
logger=plugins.update.checker t=2025-05-04T08:07:42.242947738-04:00 level=info msg="Update check succeeded" duration=53.03466ms
logger=grafana.update.checker t=2025-05-04T08:07:42.362334402-04:00 level=info msg="Update check succeeded" duration=67.364905ms
logger=cleanup t=2025-05-04T08:17:42.134061726-04:00 level=info msg="Completed cleanup jobs" duration=7.362393ms
logger=plugins.update.checker t=2025-05-04T08:17:42.241469046-04:00 level=info msg="Update check succeeded" duration=51.84262ms
logger=grafana.update.checker t=2025-05-04T08:17:42.367714622-04:00 level=info msg="Update check succeeded" duration=72.786555ms
logger=cleanup t=2025-05-04T08:27:42.183442445-04:00 level=info msg="Completed cleanup jobs" duration=55.810974ms
logger=plugins.update.checker t=2025-05-04T08:27:42.247332144-04:00 level=info msg="Update check succeeded" duration=57.831771ms
logger=grafana.update.checker t=2025-05-04T08:27:42.404622185-04:00 level=info msg="Update check succeeded" duration=110.079815ms
logger=infra.usagestats t=2025-05-04T08:28:35.147835237-04:00 level=info msg="Usage stats are ready to report"
logger=cleanup t=2025-05-04T08:37:42.133545-04:00 level=info msg="Completed cleanup jobs" duration=6.997646ms
logger=plugins.update.checker t=2025-05-04T08:37:42.241476954-04:00 level=info msg="Update check succeeded" duration=52.523553ms
logger=grafana.update.checker t=2025-05-04T08:37:42.362154209-04:00 level=info msg="Update check succeeded" duration=67.44628ms
logger=cleanup t=2025-05-04T08:47:42.135550317-04:00 level=info msg="Completed cleanup jobs" duration=8.857502ms
logger=plugins.update.checker t=2025-05-04T08:47:42.238779248-04:00 level=info msg="Update check succeeded" duration=49.504245ms
logger=grafana.update.checker t=2025-05-04T08:47:42.362136259-04:00 level=info msg="Update check succeeded" duration=67.684807ms
logger=cleanup t=2025-05-04T08:57:42.134153724-04:00 level=info msg="Completed cleanup jobs" duration=7.684706ms
logger=plugins.update.checker t=2025-05-04T08:57:42.243465245-04:00 level=info msg="Update check succeeded" duration=53.706489ms
logger=grafana.update.checker t=2025-05-04T08:57:42.360177365-04:00 level=info msg="Update check succeeded" duration=65.964963ms
logger=infra.usagestats t=2025-05-04T08:58:35.149075013-04:00 level=info msg="Usage stats are ready to report"
logger=cleanup t=2025-05-04T09:07:42.133889458-04:00 level=info msg="Completed cleanup jobs" duration=6.950621ms
logger=plugins.update.checker t=2025-05-04T09:07:42.241199019-04:00 level=info msg="Update check succeeded" duration=51.319813ms
logger=grafana.update.checker t=2025-05-04T09:07:42.36027931-04:00 level=info msg="Update check succeeded" duration=66.056187ms
logger=cleanup t=2025-05-04T09:17:42.133285201-04:00 level=info msg="Completed cleanup jobs" duration=6.530047ms
logger=plugins.update.checker t=2025-05-04T09:17:42.236486663-04:00 level=info msg="Update check succeeded" duration=47.056396ms
logger=grafana.update.checker t=2025-05-04T09:17:42.361278915-04:00 level=info msg="Update check succeeded" duration=66.645614ms
logger=cleanup t=2025-05-04T09:27:42.133772285-04:00 level=info msg="Completed cleanup jobs" duration=6.148143ms
logger=plugins.update.checker t=2025-05-04T09:27:42.237692772-04:00 level=info msg="Update check succeeded" duration=48.572166ms
logger=grafana.update.checker t=2025-05-04T09:27:42.408144617-04:00 level=info msg="Update check succeeded" duration=113.423188ms
logger=infra.usagestats t=2025-05-04T09:28:35.148655552-04:00 level=info msg="Usage stats are ready to report"
logger=cleanup t=2025-05-04T09:37:42.175716806-04:00 level=info msg="Completed cleanup jobs" duration=49.078974ms
logger=plugins.update.checker t=2025-05-04T09:37:42.239898739-04:00 level=info msg="Update check succeeded" duration=49.877407ms
logger=grafana.update.checker t=2025-05-04T09:37:42.360071439-04:00 level=info msg="Update check succeeded" duration=65.223479ms
logger=cleanup t=2025-05-04T09:47:42.136868459-04:00 level=info msg="Completed cleanup jobs" duration=9.580871ms
logger=plugins.update.checker t=2025-05-04T09:47:42.283415331-04:00 level=info msg="Update check succeeded" duration=94.084105ms
logger=grafana.update.checker t=2025-05-04T09:47:42.36053361-04:00 level=info msg="Update check succeeded" duration=65.932808ms
logger=cleanup t=2025-05-04T09:57:42.133309724-04:00 level=info msg="Completed cleanup jobs" duration=6.705998ms
logger=plugins.update.checker t=2025-05-04T09:57:42.239932529-04:00 level=info msg="Update check succeeded" duration=50.290345ms
logger=grafana.update.checker t=2025-05-04T09:57:42.361374445-04:00 level=info msg="Update check succeeded" duration=66.357382ms
logger=infra.usagestats t=2025-05-04T09:58:35.153537632-04:00 level=info msg="Usage stats are ready to report"
logger=cleanup t=2025-05-04T10:07:42.134044015-04:00 level=info msg="Completed cleanup jobs" duration=7.569335ms
logger=plugins.update.checker t=2025-05-04T10:07:42.239097738-04:00 level=info msg="Update check succeeded" duration=49.202441ms
logger=grafana.update.checker t=2025-05-04T10:07:42.361798752-04:00 level=info msg="Update check succeeded" duration=66.72339ms
logger=cleanup t=2025-05-04T10:17:42.135160412-04:00 level=info msg="Completed cleanup jobs" duration=7.680134ms
logger=plugins.update.checker t=2025-05-04T10:17:42.251001603-04:00 level=info msg="Update check succeeded" duration=61.080062ms
logger=grafana.update.checker t=2025-05-04T10:17:42.362328888-04:00 level=info msg="Update check succeeded" duration=67.308202ms
logger=cleanup t=2025-05-04T10:27:42.1346867-04:00 level=info msg="Completed cleanup jobs" duration=7.714956ms
logger=plugins.update.checker t=2025-05-04T10:27:42.261305257-04:00 level=info msg="Update check succeeded" duration=71.610899ms
logger=grafana.update.checker t=2025-05-04T10:27:42.388986928-04:00 level=info msg="Update check succeeded" duration=94.721925ms
logger=infra.usagestats t=2025-05-04T10:28:35.147890317-04:00 level=info msg="Usage stats are ready to report"
logger=cleanup t=2025-05-04T10:37:42.138893726-04:00 level=info msg="Completed cleanup jobs" duration=11.864697ms
logger=plugins.update.checker t=2025-05-04T10:37:42.239598133-04:00 level=info msg="Update check succeeded" duration=49.972937ms
logger=grafana.update.checker t=2025-05-04T10:37:42.361995678-04:00 level=info msg="Update check succeeded" duration=67.050677ms
logger=cleanup t=2025-05-04T10:47:42.134894961-04:00 level=info msg="Completed cleanup jobs" duration=7.844008ms
logger=plugins.update.checker t=2025-05-04T10:47:42.237245458-04:00 level=info msg="Update check succeeded" duration=47.551616ms
logger=grafana.update.checker t=2025-05-04T10:47:42.361623483-04:00 level=info msg="Update check succeeded" duration=67.275927ms
logger=cleanup t=2025-05-04T10:57:42.135481791-04:00 level=info msg="Completed cleanup jobs" duration=7.269944ms
logger=plugins.update.checker t=2025-05-04T10:57:42.240238653-04:00 level=info msg="Update check succeeded" duration=50.256714ms
logger=grafana.update.checker t=2025-05-04T10:57:42.362784788-04:00 level=info msg="Update check succeeded" duration=67.437042ms
logger=infra.usagestats t=2025-05-04T10:58:35.148714975-04:00 level=info msg="Usage stats are ready to report"
logger=cleanup t=2025-05-04T11:07:42.151932022-04:00 level=info msg="Completed cleanup jobs" duration=24.292995ms
logger=plugins.update.checker t=2025-05-04T11:07:42.241549642-04:00 level=info msg="Update check succeeded" duration=52.018007ms
logger=grafana.update.checker t=2025-05-04T11:07:42.360489512-04:00 level=info msg="Update check succeeded" duration=65.779257ms
logger=cleanup t=2025-05-04T11:17:42.13325903-04:00 level=info msg="Completed cleanup jobs" duration=6.628924ms
logger=plugins.update.checker t=2025-05-04T11:17:42.241801878-04:00 level=info msg="Update check succeeded" duration=52.632342ms
logger=grafana.update.checker t=2025-05-04T11:17:42.360769582-04:00 level=info msg="Update check succeeded" duration=65.832468ms
logger=cleanup t=2025-05-04T11:27:42.134058667-04:00 level=info msg="Completed cleanup jobs" duration=7.76387ms
logger=plugins.update.checker t=2025-05-04T11:27:42.237896166-04:00 level=info msg="Update check succeeded" duration=48.169573ms
logger=grafana.update.checker t=2025-05-04T11:27:42.382402371-04:00 level=info msg="Update check succeeded" duration=87.456486ms
logger=infra.usagestats t=2025-05-04T11:28:35.148575587-04:00 level=info msg="Usage stats are ready to report"
logger=cleanup t=2025-05-04T11:37:42.134435599-04:00 level=info msg="Completed cleanup jobs" duration=7.697709ms
logger=plugins.update.checker t=2025-05-04T11:37:42.238094479-04:00 level=info msg="Update check succeeded" duration=48.115552ms
logger=grafana.update.checker t=2025-05-04T11:37:42.360471791-04:00 level=info msg="Update check succeeded" duration=65.840015ms
logger=cleanup t=2025-05-04T11:47:42.132936209-04:00 level=info msg="Completed cleanup jobs" duration=5.988416ms
logger=plugins.update.checker t=2025-05-04T11:47:42.239015989-04:00 level=info msg="Update check succeeded" duration=49.59045ms
logger=grafana.update.checker t=2025-05-04T11:47:42.363662567-04:00 level=info msg="Update check succeeded" duration=68.623343ms
logger=cleanup t=2025-05-04T11:57:42.133348418-04:00 level=info msg="Completed cleanup jobs" duration=6.574359ms
logger=plugins.update.checker t=2025-05-04T11:57:42.240732782-04:00 level=info msg="Update check succeeded" duration=51.009734ms
logger=grafana.update.checker t=2025-05-04T11:57:42.361833124-04:00 level=info msg="Update check succeeded" duration=66.653233ms
logger=infra.usagestats t=2025-05-04T11:58:35.148656832-04:00 level=info msg="Usage stats are ready to report"
logger=cleanup t=2025-05-04T12:07:42.134286166-04:00 level=info msg="Completed cleanup jobs" duration=7.656719ms
logger=plugins.update.checker t=2025-05-04T12:07:42.240511962-04:00 level=info msg="Update check succeeded" duration=51.119054ms
logger=grafana.update.checker t=2025-05-04T12:07:42.362001246-04:00 level=info msg="Update check succeeded" duration=67.385894ms
logger=cleanup t=2025-05-04T12:17:42.134081534-04:00 level=info msg="Completed cleanup jobs" duration=7.153462ms
logger=plugins.update.checker t=2025-05-04T12:17:42.242593367-04:00 level=info msg="Update check succeeded" duration=52.496451ms
logger=grafana.update.checker t=2025-05-04T12:17:42.362622192-04:00 level=info msg="Update check succeeded" duration=67.974235ms
logger=cleanup t=2025-05-04T12:27:42.148440209-04:00 level=info msg="Completed cleanup jobs" duration=21.30956ms
logger=plugins.update.checker t=2025-05-04T12:27:42.238917702-04:00 level=info msg="Update check succeeded" duration=49.748657ms
logger=grafana.update.checker t=2025-05-04T12:27:42.421410664-04:00 level=info msg="Update check succeeded" duration=126.506702ms
logger=infra.usagestats t=2025-05-04T12:28:35.1480061-04:00 level=info msg="Usage stats are ready to report"
logger=cleanup t=2025-05-04T12:37:42.134585315-04:00 level=info msg="Completed cleanup jobs" duration=7.907023ms
logger=plugins.update.checker t=2025-05-04T12:37:42.238905237-04:00 level=info msg="Update check succeeded" duration=49.237555ms
logger=grafana.update.checker t=2025-05-04T12:37:42.362163444-04:00 level=info msg="Update check succeeded" duration=67.287579ms
logger=cleanup t=2025-05-04T12:47:42.136154755-04:00 level=info msg="Completed cleanup jobs" duration=8.088246ms
logger=plugins.update.checker t=2025-05-04T12:47:42.240598621-04:00 level=info msg="Update check succeeded" duration=50.817632ms
logger=grafana.update.checker t=2025-05-04T12:47:42.361482382-04:00 level=info msg="Update check succeeded" duration=66.39913ms
logger=cleanup t=2025-05-04T12:57:42.133898922-04:00 level=info msg="Completed cleanup jobs" duration=7.362059ms
logger=plugins.update.checker t=2025-05-04T12:57:42.241951288-04:00 level=info msg="Update check succeeded" duration=52.272205ms
logger=grafana.update.checker t=2025-05-04T12:57:42.364282984-04:00 level=info msg="Update check succeeded" duration=69.961677ms
logger=infra.usagestats t=2025-05-04T12:58:35.149317928-04:00 level=info msg="Usage stats are ready to report"
logger=cleanup t=2025-05-04T13:07:42.134985583-04:00 level=info msg="Completed cleanup jobs" duration=8.245253ms
logger=plugins.update.checker t=2025-05-04T13:07:42.241773352-04:00 level=info msg="Update check succeeded" duration=52.506304ms
logger=grafana.update.checker t=2025-05-04T13:07:42.361313577-04:00 level=info msg="Update check succeeded" duration=66.47625ms
logger=cleanup t=2025-05-04T13:17:42.134150774-04:00 level=info msg="Completed cleanup jobs" duration=7.229656ms
logger=plugins.update.checker t=2025-05-04T13:17:42.238932879-04:00 level=info msg="Update check succeeded" duration=49.943704ms
logger=grafana.update.checker t=2025-05-04T13:17:42.361523287-04:00 level=info msg="Update check succeeded" duration=66.895089ms
logger=cleanup t=2025-05-04T13:27:42.133989046-04:00 level=info msg="Completed cleanup jobs" duration=6.082881ms
logger=plugins.update.checker t=2025-05-04T13:27:42.240074746-04:00 level=info msg="Update check succeeded" duration=50.688388ms
logger=grafana.update.checker t=2025-05-04T13:27:42.383718261-04:00 level=info msg="Update check succeeded" duration=88.780621ms
logger=infra.usagestats t=2025-05-04T13:28:35.149089635-04:00 level=info msg="Usage stats are ready to report"
logger=cleanup t=2025-05-04T13:37:42.133714228-04:00 level=info msg="Completed cleanup jobs" duration=7.047938ms
logger=plugins.update.checker t=2025-05-04T13:37:42.238783946-04:00 level=info msg="Update check succeeded" duration=49.460078ms
logger=grafana.update.checker t=2025-05-04T13:37:42.36317452-04:00 level=info msg="Update check succeeded" duration=67.998082ms
logger=cleanup t=2025-05-04T13:47:42.13553889-04:00 level=info msg="Completed cleanup jobs" duration=8.808537ms
logger=plugins.update.checker t=2025-05-04T13:47:42.268934139-04:00 level=info msg="Update check succeeded" duration=79.022367ms
logger=grafana.update.checker t=2025-05-04T13:47:42.362703915-04:00 level=info msg="Update check succeeded" duration=67.589807ms
logger=cleanup t=2025-05-04T13:57:42.133800133-04:00 level=info msg="Completed cleanup jobs" duration=6.937649ms
logger=plugins.update.checker t=2025-05-04T13:57:42.240044767-04:00 level=info msg="Update check succeeded" duration=50.037801ms
logger=grafana.update.checker t=2025-05-04T13:57:42.363262641-04:00 level=info msg="Update check succeeded" duration=68.050111ms
logger=infra.usagestats t=2025-05-04T13:58:35.147639486-04:00 level=info msg="Usage stats are ready to report"
logger=cleanup t=2025-05-04T14:07:42.136355352-04:00 level=info msg="Completed cleanup jobs" duration=8.524193ms
logger=plugins.update.checker t=2025-05-04T14:07:42.241736313-04:00 level=info msg="Update check succeeded" duration=52.578485ms
logger=grafana.update.checker t=2025-05-04T14:07:42.364178952-04:00 level=info msg="Update check succeeded" duration=69.331532ms
logger=cleanup t=2025-05-04T14:17:42.134633179-04:00 level=info msg="Completed cleanup jobs" duration=7.914534ms
logger=plugins.update.checker t=2025-05-04T14:17:42.239822896-04:00 level=info msg="Update check succeeded" duration=50.625584ms
logger=grafana.update.checker t=2025-05-04T14:17:42.366824553-04:00 level=info msg="Update check succeeded" duration=72.001697ms
logger=cleanup t=2025-05-04T14:27:42.167379646-04:00 level=info msg="Completed cleanup jobs" duration=40.141405ms
logger=plugins.update.checker t=2025-05-04T14:27:42.242353347-04:00 level=info msg="Update check succeeded" duration=53.168946ms
logger=grafana.update.checker t=2025-05-04T14:27:42.367176384-04:00 level=info msg="Update check succeeded" duration=72.455213ms
logger=infra.usagestats t=2025-05-04T14:27:42.542815327-04:00 level=info msg="Sent usage stats" duration=173.367917ms
logger=infra.usagestats t=2025-05-04T14:28:35.147454503-04:00 level=info msg="Usage stats are ready to report"
logger=cleanup t=2025-05-04T14:37:42.136300365-04:00 level=info msg="Completed cleanup jobs" duration=9.007086ms
logger=plugins.update.checker t=2025-05-04T14:37:42.240764411-04:00 level=info msg="Update check succeeded" duration=51.47135ms
logger=grafana.update.checker t=2025-05-04T14:37:42.365297506-04:00 level=info msg="Update check succeeded" duration=70.530932ms
logger=cleanup t=2025-05-04T14:47:42.135974921-04:00 level=info msg="Completed cleanup jobs" duration=8.70247ms
logger=plugins.update.checker t=2025-05-04T14:47:42.235688238-04:00 level=info msg="Update check succeeded" duration=46.452714ms
logger=grafana.update.checker t=2025-05-04T14:47:42.360698756-04:00 level=info msg="Update check succeeded" duration=65.946104ms
logger=cleanup t=2025-05-04T14:57:42.136890345-04:00 level=info msg="Completed cleanup jobs" duration=10.449123ms
logger=plugins.update.checker t=2025-05-04T14:57:42.244678481-04:00 level=info msg="Update check succeeded" duration=54.836192ms
logger=grafana.update.checker t=2025-05-04T14:57:42.36500854-04:00 level=info msg="Update check succeeded" duration=69.79917ms
logger=infra.usagestats t=2025-05-04T14:58:35.148302725-04:00 level=info msg="Usage stats are ready to report"
logger=cleanup t=2025-05-04T15:07:42.134853996-04:00 level=info msg="Completed cleanup jobs" duration=7.357946ms
logger=plugins.update.checker t=2025-05-04T15:07:42.244023943-04:00 level=info msg="Update check succeeded" duration=54.213582ms
logger=grafana.update.checker t=2025-05-04T15:07:42.362209805-04:00 level=info msg="Update check succeeded" duration=67.904398ms
logger=cleanup t=2025-05-04T15:17:42.163183473-04:00 level=info msg="Completed cleanup jobs" duration=35.744447ms
logger=plugins.update.checker t=2025-05-04T15:17:42.242388499-04:00 level=info msg="Update check succeeded" duration=52.331143ms
logger=grafana.update.checker t=2025-05-04T15:17:42.362102051-04:00 level=info msg="Update check succeeded" duration=67.184725ms
logger=cleanup t=2025-05-04T15:27:42.134308979-04:00 level=info msg="Completed cleanup jobs" duration=6.895076ms
logger=plugins.update.checker t=2025-05-04T15:27:42.241905291-04:00 level=info msg="Update check succeeded" duration=52.166866ms
logger=grafana.update.checker t=2025-05-04T15:27:42.382603488-04:00 level=info msg="Update check succeeded" duration=87.303657ms
logger=infra.usagestats t=2025-05-04T15:28:35.148317308-04:00 level=info msg="Usage stats are ready to report"
logger=cleanup t=2025-05-04T15:37:42.135306429-04:00 level=info msg="Completed cleanup jobs" duration=8.574918ms
logger=plugins.update.checker t=2025-05-04T15:37:42.236955576-04:00 level=info msg="Update check succeeded" duration=47.153332ms
logger=grafana.update.checker t=2025-05-04T15:37:42.361410818-04:00 level=info msg="Update check succeeded" duration=66.374376ms
logger=cleanup t=2025-05-04T15:47:42.134793699-04:00 level=info msg="Completed cleanup jobs" duration=8.095555ms
logger=plugins.update.checker t=2025-05-04T15:47:42.243700433-04:00 level=info msg="Update check succeeded" duration=54.341417ms
logger=grafana.update.checker t=2025-05-04T15:47:42.368268892-04:00 level=info msg="Update check succeeded" duration=73.164306ms
logger=cleanup t=2025-05-04T15:57:42.134549782-04:00 level=info msg="Completed cleanup jobs" duration=8.034824ms
logger=plugins.update.checker t=2025-05-04T15:57:42.241120536-04:00 level=info msg="Update check succeeded" duration=51.398136ms
logger=grafana.update.checker t=2025-05-04T15:57:42.363118124-04:00 level=info msg="Update check succeeded" duration=68.863397ms
logger=infra.usagestats t=2025-05-04T15:58:35.147793372-04:00 level=info msg="Usage stats are ready to report"
logger=cleanup t=2025-05-04T16:07:42.134427041-04:00 level=info msg="Completed cleanup jobs" duration=7.581398ms
logger=plugins.update.checker t=2025-05-04T16:07:42.239526073-04:00 level=info msg="Update check succeeded" duration=49.860295ms
logger=grafana.update.checker t=2025-05-04T16:07:42.362616762-04:00 level=info msg="Update check succeeded" duration=68.076845ms
logger=cleanup t=2025-05-04T16:17:42.135188505-04:00 level=info msg="Completed cleanup jobs" duration=7.407168ms
logger=plugins.update.checker t=2025-05-04T16:17:42.240809239-04:00 level=info msg="Update check succeeded" duration=51.308282ms
logger=grafana.update.checker t=2025-05-04T16:17:42.369319207-04:00 level=info msg="Update check succeeded" duration=74.584231ms
logger=cleanup t=2025-05-04T16:27:42.134241465-04:00 level=info msg="Completed cleanup jobs" duration=8.010196ms
logger=plugins.update.checker t=2025-05-04T16:27:42.245053102-04:00 level=info msg="Update check succeeded" duration=56.121086ms
logger=grafana.update.checker t=2025-05-04T16:27:42.369108338-04:00 level=info msg="Update check succeeded" duration=73.875503ms
logger=infra.usagestats t=2025-05-04T16:28:35.148061805-04:00 level=info msg="Usage stats are ready to report"
logger=cleanup t=2025-05-04T16:37:42.134359612-04:00 level=info msg="Completed cleanup jobs" duration=7.677889ms
logger=plugins.update.checker t=2025-05-04T16:37:42.244166943-04:00 level=info msg="Update check succeeded" duration=54.248339ms
logger=grafana.update.checker t=2025-05-04T16:37:42.365164233-04:00 level=info msg="Update check succeeded" duration=70.040039ms
logger=cleanup t=2025-05-04T16:47:42.133994348-04:00 level=info msg="Completed cleanup jobs" duration=6.787382ms
logger=plugins.update.checker t=2025-05-04T16:47:42.247439589-04:00 level=info msg="Update check succeeded" duration=57.592592ms
logger=grafana.update.checker t=2025-05-04T16:47:42.361730661-04:00 level=info msg="Update check succeeded" duration=66.888693ms
logger=cleanup t=2025-05-04T16:57:42.134438681-04:00 level=info msg="Completed cleanup jobs" duration=8.177049ms
logger=plugins.update.checker t=2025-05-04T16:57:42.244517766-04:00 level=info msg="Update check succeeded" duration=54.889332ms
logger=grafana.update.checker t=2025-05-04T16:57:42.363812269-04:00 level=info msg="Update check succeeded" duration=69.069696ms
logger=infra.usagestats t=2025-05-04T16:58:35.147585033-04:00 level=info msg="Usage stats are ready to report"
logger=cleanup t=2025-05-04T17:07:42.135432761-04:00 level=info msg="Completed cleanup jobs" duration=7.658339ms
logger=plugins.update.checker t=2025-05-04T17:07:42.240071095-04:00 level=info msg="Update check succeeded" duration=50.287107ms
logger=grafana.update.checker t=2025-05-04T17:07:42.362177405-04:00 level=info msg="Update check succeeded" duration=67.075482ms
logger=cleanup t=2025-05-04T17:17:42.134976715-04:00 level=info msg="Completed cleanup jobs" duration=8.302932ms
logger=plugins.update.checker t=2025-05-04T17:17:42.245925899-04:00 level=info msg="Update check succeeded" duration=56.127692ms
logger=grafana.update.checker t=2025-05-04T17:17:42.361757855-04:00 level=info msg="Update check succeeded" duration=66.610303ms
logger=cleanup t=2025-05-04T17:27:42.136189638-04:00 level=info msg="Completed cleanup jobs" duration=9.969117ms
logger=plugins.update.checker t=2025-05-04T17:27:42.254205806-04:00 level=info msg="Update check succeeded" duration=64.463783ms
logger=grafana.update.checker t=2025-05-04T17:27:42.365394741-04:00 level=info msg="Update check succeeded" duration=71.118808ms
logger=infra.usagestats t=2025-05-04T17:28:35.148539459-04:00 level=info msg="Usage stats are ready to report"
logger=cleanup t=2025-05-04T17:37:42.135472837-04:00 level=info msg="Completed cleanup jobs" duration=8.027921ms
logger=plugins.update.checker t=2025-05-04T17:37:42.240518692-04:00 level=info msg="Update check succeeded" duration=50.803746ms
logger=grafana.update.checker t=2025-05-04T17:37:42.38870519-04:00 level=info msg="Update check succeeded" duration=93.804646ms
logger=cleanup t=2025-05-04T17:47:42.164240627-04:00 level=info msg="Completed cleanup jobs" duration=37.610426ms
logger=plugins.update.checker t=2025-05-04T17:47:42.242530232-04:00 level=info msg="Update check succeeded" duration=52.866625ms
logger=grafana.update.checker t=2025-05-04T17:47:42.363489331-04:00 level=info msg="Update check succeeded" duration=68.981576ms
logger=cleanup t=2025-05-04T17:57:42.138209186-04:00 level=info msg="Completed cleanup jobs" duration=11.149264ms
logger=plugins.update.checker t=2025-05-04T17:57:42.237911406-04:00 level=info msg="Update check succeeded" duration=47.977479ms
logger=grafana.update.checker t=2025-05-04T17:57:42.363675099-04:00 level=info msg="Update check succeeded" duration=68.648511ms
logger=infra.usagestats t=2025-05-04T17:58:35.147686025-04:00 level=info msg="Usage stats are ready to report"
logger=cleanup t=2025-05-04T18:07:42.136924828-04:00 level=info msg="Completed cleanup jobs" duration=10.179243ms
logger=plugins.update.checker t=2025-05-04T18:07:42.23675022-04:00 level=info msg="Update check succeeded" duration=47.256459ms
logger=grafana.update.checker t=2025-05-04T18:07:42.362304534-04:00 level=info msg="Update check succeeded" duration=67.35573ms
logger=cleanup t=2025-05-04T18:17:42.135183751-04:00 level=info msg="Completed cleanup jobs" duration=8.502518ms
logger=plugins.update.checker t=2025-05-04T18:17:42.240977042-04:00 level=info msg="Update check succeeded" duration=51.011333ms
logger=grafana.update.checker t=2025-05-04T18:17:42.362967213-04:00 level=info msg="Update check succeeded" duration=68.636951ms
logger=cleanup t=2025-05-04T18:27:42.175231155-04:00 level=info msg="Completed cleanup jobs" duration=48.128086ms
logger=plugins.update.checker t=2025-05-04T18:27:42.263733601-04:00 level=info msg="Update check succeeded" duration=74.574336ms
logger=grafana.update.checker t=2025-05-04T18:27:42.464492566-04:00 level=info msg="Update check succeeded" duration=169.658391ms
logger=infra.usagestats t=2025-05-04T18:28:35.148645343-04:00 level=info msg="Usage stats are ready to report"
logger=cleanup t=2025-05-04T18:37:42.136857886-04:00 level=info msg="Completed cleanup jobs" duration=10.3811ms
logger=plugins.update.checker t=2025-05-04T18:37:42.242216489-04:00 level=info msg="Update check succeeded" duration=52.680253ms
logger=grafana.update.checker t=2025-05-04T18:37:42.359928836-04:00 level=info msg="Update check succeeded" duration=65.677079ms
logger=cleanup t=2025-05-04T18:47:42.134149078-04:00 level=info msg="Completed cleanup jobs" duration=7.393573ms
logger=plugins.update.checker t=2025-05-04T18:47:42.242700329-04:00 level=info msg="Update check succeeded" duration=52.685968ms
logger=grafana.update.checker t=2025-05-04T18:47:42.36103576-04:00 level=info msg="Update check succeeded" duration=66.297249ms
logger=cleanup t=2025-05-04T18:57:42.135081591-04:00 level=info msg="Completed cleanup jobs" duration=8.476148ms
logger=plugins.update.checker t=2025-05-04T18:57:42.246545012-04:00 level=info msg="Update check succeeded" duration=56.809756ms
logger=grafana.update.checker t=2025-05-04T18:57:42.362326356-04:00 level=info msg="Update check succeeded" duration=67.609374ms
logger=infra.usagestats t=2025-05-04T18:58:35.148799852-04:00 level=info msg="Usage stats are ready to report"
logger=cleanup t=2025-05-04T19:07:42.135036126-04:00 level=info msg="Completed cleanup jobs" duration=8.353126ms
logger=plugins.update.checker t=2025-05-04T19:07:42.2927116-04:00 level=info msg="Update check succeeded" duration=103.724266ms
logger=grafana.update.checker t=2025-05-04T19:07:42.363211426-04:00 level=info msg="Update check succeeded" duration=68.694748ms
logger=cleanup t=2025-05-04T19:17:42.135788564-04:00 level=info msg="Completed cleanup jobs" duration=8.417081ms
logger=plugins.update.checker t=2025-05-04T19:17:42.245713314-04:00 level=info msg="Update check succeeded" duration=55.813633ms
logger=grafana.update.checker t=2025-05-04T19:17:42.362971981-04:00 level=info msg="Update check succeeded" duration=67.735304ms
logger=cleanup t=2025-05-04T19:27:42.132679331-04:00 level=info msg="Completed cleanup jobs" duration=5.556002ms
logger=plugins.update.checker t=2025-05-04T19:27:42.237898189-04:00 level=info msg="Update check succeeded" duration=48.869989ms
logger=grafana.update.checker t=2025-05-04T19:27:42.445550059-04:00 level=info msg="Update check succeeded" duration=150.605003ms
logger=infra.usagestats t=2025-05-04T19:28:35.148662217-04:00 level=info msg="Usage stats are ready to report"
logger=cleanup t=2025-05-04T19:37:42.133631087-04:00 level=info msg="Completed cleanup jobs" duration=7.02196ms
logger=plugins.update.checker t=2025-05-04T19:37:42.238260022-04:00 level=info msg="Update check succeeded" duration=49.183563ms
logger=grafana.update.checker t=2025-05-04T19:37:42.362595611-04:00 level=info msg="Update check succeeded" duration=67.964774ms
logger=cleanup t=2025-05-04T19:47:42.134671802-04:00 level=info msg="Completed cleanup jobs" duration=7.498543ms
logger=plugins.update.checker t=2025-05-04T19:47:42.242798901-04:00 level=info msg="Update check succeeded" duration=52.992039ms
logger=grafana.update.checker t=2025-05-04T19:47:42.361267782-04:00 level=info msg="Update check succeeded" duration=66.965742ms
logger=cleanup t=2025-05-04T19:57:42.134328202-04:00 level=info msg="Completed cleanup jobs" duration=7.780513ms
logger=plugins.update.checker t=2025-05-04T19:57:42.241308288-04:00 level=info msg="Update check succeeded" duration=51.386027ms
logger=grafana.update.checker t=2025-05-04T19:57:42.367301508-04:00 level=info msg="Update check succeeded" duration=72.71362ms
logger=infra.usagestats t=2025-05-04T19:58:35.148291458-04:00 level=info msg="Usage stats are ready to report"
logger=cleanup t=2025-05-04T20:07:42.135521265-04:00 level=info msg="Completed cleanup jobs" duration=8.78192ms
logger=plugins.update.checker t=2025-05-04T20:07:42.241491413-04:00 level=info msg="Update check succeeded" duration=52.575964ms
logger=grafana.update.checker t=2025-05-04T20:07:42.364049245-04:00 level=info msg="Update check succeeded" duration=69.438938ms
logger=cleanup t=2025-05-04T20:17:42.136936769-04:00 level=info msg="Completed cleanup jobs" duration=10.396533ms
logger=plugins.update.checker t=2025-05-04T20:17:42.250935417-04:00 level=info msg="Update check succeeded" duration=61.24311ms
logger=grafana.update.checker t=2025-05-04T20:17:42.369090254-04:00 level=info msg="Update check succeeded" duration=74.864453ms
logger=cleanup t=2025-05-04T20:27:42.133614449-04:00 level=info msg="Completed cleanup jobs" duration=6.905628ms
logger=plugins.update.checker t=2025-05-04T20:27:42.239873613-04:00 level=info msg="Update check succeeded" duration=50.416129ms
logger=grafana.update.checker t=2025-05-04T20:27:42.368360581-04:00 level=info msg="Update check succeeded" duration=73.335057ms
logger=infra.usagestats t=2025-05-04T20:28:35.148607014-04:00 level=info msg="Usage stats are ready to report"
logger=cleanup t=2025-05-04T20:37:42.135376677-04:00 level=info msg="Completed cleanup jobs" duration=8.599397ms
logger=plugins.update.checker t=2025-05-04T20:37:42.24107835-04:00 level=info msg="Update check succeeded" duration=51.255833ms
logger=grafana.update.checker t=2025-05-04T20:37:42.365173097-04:00 level=info msg="Update check succeeded" duration=70.044651ms
logger=cleanup t=2025-05-04T20:47:42.134134999-04:00 level=info msg="Completed cleanup jobs" duration=7.43793ms
logger=plugins.update.checker t=2025-05-04T20:47:42.238740484-04:00 level=info msg="Update check succeeded" duration=48.917796ms
logger=grafana.update.checker t=2025-05-04T20:47:42.362235716-04:00 level=info msg="Update check succeeded" duration=67.496449ms
logger=cleanup t=2025-05-04T20:57:42.135402621-04:00 level=info msg="Completed cleanup jobs" duration=8.315507ms
logger=plugins.update.checker t=2025-05-04T20:57:42.242933504-04:00 level=info msg="Update check succeeded" duration=53.309291ms
logger=grafana.update.checker t=2025-05-04T20:57:42.363995515-04:00 level=info msg="Update check succeeded" duration=68.944132ms
logger=infra.usagestats t=2025-05-04T20:58:35.149872505-04:00 level=info msg="Usage stats are ready to report"
logger=cleanup t=2025-05-04T21:07:42.134502425-04:00 level=info msg="Completed cleanup jobs" duration=7.147539ms
logger=plugins.update.checker t=2025-05-04T21:07:42.243533944-04:00 level=info msg="Update check succeeded" duration=53.768047ms
logger=grafana.update.checker t=2025-05-04T21:07:42.360934669-04:00 level=info msg="Update check succeeded" duration=65.826498ms
logger=cleanup t=2025-05-04T21:17:42.135213504-04:00 level=info msg="Completed cleanup jobs" duration=8.522639ms
logger=plugins.update.checker t=2025-05-04T21:17:42.242334029-04:00 level=info msg="Update check succeeded" duration=52.34855ms
logger=grafana.update.checker t=2025-05-04T21:17:42.363179009-04:00 level=info msg="Update check succeeded" duration=68.538176ms
logger=cleanup t=2025-05-04T21:27:42.133708739-04:00 level=info msg="Completed cleanup jobs" duration=7.113545ms
logger=plugins.update.checker t=2025-05-04T21:27:42.238637805-04:00 level=info msg="Update check succeeded" duration=49.007956ms
logger=grafana.update.checker t=2025-05-04T21:27:42.398974076-04:00 level=info msg="Update check succeeded" duration=104.031709ms
logger=infra.usagestats t=2025-05-04T21:28:35.147960833-04:00 level=info msg="Usage stats are ready to report"
logger=cleanup t=2025-05-04T21:37:42.1349472-04:00 level=info msg="Completed cleanup jobs" duration=7.13457ms
logger=plugins.update.checker t=2025-05-04T21:37:42.237248419-04:00 level=info msg="Update check succeeded" duration=47.466407ms
logger=grafana.update.checker t=2025-05-04T21:37:42.365263338-04:00 level=info msg="Update check succeeded" duration=70.636139ms
logger=cleanup t=2025-05-04T21:47:42.133439426-04:00 level=info msg="Completed cleanup jobs" duration=6.939686ms
logger=plugins.update.checker t=2025-05-04T21:47:42.242863568-04:00 level=info msg="Update check succeeded" duration=53.420874ms
logger=grafana.update.checker t=2025-05-04T21:47:42.362368993-04:00 level=info msg="Update check succeeded" duration=67.418131ms
logger=cleanup t=2025-05-04T21:57:42.135147521-04:00 level=info msg="Completed cleanup jobs" duration=8.051395ms
logger=plugins.update.checker t=2025-05-04T21:57:42.240186273-04:00 level=info msg="Update check succeeded" duration=50.742241ms
logger=grafana.update.checker t=2025-05-04T21:57:42.363849212-04:00 level=info msg="Update check succeeded" duration=68.740419ms
logger=infra.usagestats t=2025-05-04T21:58:35.148642729-04:00 level=info msg="Usage stats are ready to report"
logger=cleanup t=2025-05-04T22:07:42.137732127-04:00 level=info msg="Completed cleanup jobs" duration=10.67022ms
logger=plugins.update.checker t=2025-05-04T22:07:42.238842108-04:00 level=info msg="Update check succeeded" duration=48.933376ms
logger=grafana.update.checker t=2025-05-04T22:07:42.362247-04:00 level=info msg="Update check succeeded" duration=67.373171ms
logger=cleanup t=2025-05-04T22:17:42.134741764-04:00 level=info msg="Completed cleanup jobs" duration=8.221532ms
logger=plugins.update.checker t=2025-05-04T22:17:42.241143295-04:00 level=info msg="Update check succeeded" duration=51.648559ms
logger=grafana.update.checker t=2025-05-04T22:17:42.362162352-04:00 level=info msg="Update check succeeded" duration=66.922149ms
logger=cleanup t=2025-05-04T22:27:42.161835169-04:00 level=info msg="Completed cleanup jobs" duration=35.579026ms
logger=plugins.update.checker t=2025-05-04T22:27:42.264284258-04:00 level=info msg="Update check succeeded" duration=75.291926ms
logger=grafana.update.checker t=2025-05-04T22:27:42.463644589-04:00 level=info msg="Update check succeeded" duration=169.004154ms
logger=infra.usagestats t=2025-05-04T22:28:35.149579697-04:00 level=info msg="Usage stats are ready to report"
logger=cleanup t=2025-05-04T22:37:42.13473237-04:00 level=info msg="Completed cleanup jobs" duration=8.21887ms
logger=plugins.update.checker t=2025-05-04T22:37:42.23805217-04:00 level=info msg="Update check succeeded" duration=48.813947ms
logger=grafana.update.checker t=2025-05-04T22:37:42.363631141-04:00 level=info msg="Update check succeeded" duration=68.683097ms
logger=cleanup t=2025-05-04T22:47:42.136855285-04:00 level=info msg="Completed cleanup jobs" duration=9.082206ms
logger=plugins.update.checker t=2025-05-04T22:47:42.239280736-04:00 level=info msg="Update check succeeded" duration=50.278996ms
logger=grafana.update.checker t=2025-05-04T22:47:42.358536695-04:00 level=info msg="Update check succeeded" duration=64.258474ms
logger=cleanup t=2025-05-04T22:57:42.134130817-04:00 level=info msg="Completed cleanup jobs" duration=6.647296ms
logger=plugins.update.checker t=2025-05-04T22:57:42.239435014-04:00 level=info msg="Update check succeeded" duration=50.086625ms
logger=grafana.update.checker t=2025-05-04T22:57:42.361618026-04:00 level=info msg="Update check succeeded" duration=66.855702ms
logger=infra.usagestats t=2025-05-04T22:58:35.147084285-04:00 level=info msg="Usage stats are ready to report"
logger=cleanup t=2025-05-04T23:07:42.133683441-04:00 level=info msg="Completed cleanup jobs" duration=6.927806ms
logger=plugins.update.checker t=2025-05-04T23:07:42.247301197-04:00 level=info msg="Update check succeeded" duration=57.807625ms
logger=grafana.update.checker t=2025-05-04T23:07:42.361412897-04:00 level=info msg="Update check succeeded" duration=66.905473ms
logger=cleanup t=2025-05-04T23:17:42.135403788-04:00 level=info msg="Completed cleanup jobs" duration=8.143109ms
logger=plugins.update.checker t=2025-05-04T23:17:42.24152796-04:00 level=info msg="Update check succeeded" duration=52.041808ms
logger=grafana.update.checker t=2025-05-04T23:17:42.360836441-04:00 level=info msg="Update check succeeded" duration=66.183998ms
logger=cleanup t=2025-05-04T23:27:42.157165023-04:00 level=info msg="Completed cleanup jobs" duration=30.419232ms
logger=plugins.update.checker t=2025-05-04T23:27:42.250953016-04:00 level=info msg="Update check succeeded" duration=62.006666ms
logger=grafana.update.checker t=2025-05-04T23:27:42.366699909-04:00 level=info msg="Update check succeeded" duration=72.316923ms
logger=infra.usagestats t=2025-05-04T23:28:35.148677914-04:00 level=info msg="Usage stats are ready to report"
logger=cleanup t=2025-05-04T23:37:42.136987087-04:00 level=info msg="Completed cleanup jobs" duration=10.303498ms
logger=plugins.update.checker t=2025-05-04T23:37:42.271421631-04:00 level=info msg="Update check succeeded" duration=82.042031ms
logger=grafana.update.checker t=2025-05-04T23:37:42.360988451-04:00 level=info msg="Update check succeeded" duration=66.260696ms
logger=cleanup t=2025-05-04T23:47:42.137619924-04:00 level=info msg="Completed cleanup jobs" duration=10.70278ms
logger=plugins.update.checker t=2025-05-04T23:47:42.235288829-04:00 level=info msg="Update check succeeded" duration=46.011582ms
logger=grafana.update.checker t=2025-05-04T23:47:42.368185041-04:00 level=info msg="Update check succeeded" duration=73.262759ms
logger=cleanup t=2025-05-04T23:57:42.133454341-04:00 level=info msg="Completed cleanup jobs" duration=6.53361ms
logger=plugins.update.checker t=2025-05-04T23:57:42.241764357-04:00 level=info msg="Update check succeeded" duration=52.027747ms
logger=grafana.update.checker t=2025-05-04T23:57:42.36302602-04:00 level=info msg="Update check succeeded" duration=68.071213ms
logger=infra.usagestats t=2025-05-04T23:58:35.147582108-04:00 level=info msg="Usage stats are ready to report"
logger=cleanup t=2025-05-05T00:07:42.135276108-04:00 level=info msg="Completed cleanup jobs" duration=8.581873ms
logger=plugins.update.checker t=2025-05-05T00:07:42.240754593-04:00 level=info msg="Update check succeeded" duration=51.207272ms
logger=grafana.update.checker t=2025-05-05T00:07:42.362947084-04:00 level=info msg="Update check succeeded" duration=68.116102ms
logger=cleanup t=2025-05-05T00:17:42.13501908-04:00 level=info msg="Completed cleanup jobs" duration=8.230715ms
logger=plugins.update.checker t=2025-05-05T00:17:42.241375534-04:00 level=info msg="Update check succeeded" duration=51.842443ms
logger=grafana.update.checker t=2025-05-05T00:17:42.362057371-04:00 level=info msg="Update check succeeded" duration=67.184385ms
logger=cleanup t=2025-05-05T00:27:42.168192594-04:00 level=info msg="Completed cleanup jobs" duration=41.947869ms
logger=plugins.update.checker t=2025-05-05T00:27:42.235160059-04:00 level=info msg="Update check succeeded" duration=45.988927ms
logger=grafana.update.checker t=2025-05-05T00:27:42.387742223-04:00 level=info msg="Update check succeeded" duration=92.477517ms
logger=infra.usagestats t=2025-05-05T00:28:35.148215142-04:00 level=info msg="Usage stats are ready to report"
logger=cleanup t=2025-05-05T00:37:42.13525476-04:00 level=info msg="Completed cleanup jobs" duration=8.5742ms
logger=plugins.update.checker t=2025-05-05T00:37:42.235670823-04:00 level=info msg="Update check succeeded" duration=46.216045ms
logger=grafana.update.checker t=2025-05-05T00:37:42.361630196-04:00 level=info msg="Update check succeeded" duration=67.172425ms
logger=cleanup t=2025-05-05T00:47:42.134754475-04:00 level=info msg="Completed cleanup jobs" duration=8.083503ms
logger=plugins.update.checker t=2025-05-05T00:47:42.244130978-04:00 level=info msg="Update check succeeded" duration=54.849401ms
logger=grafana.update.checker t=2025-05-05T00:47:42.360910117-04:00 level=info msg="Update check succeeded" duration=66.481682ms
logger=cleanup t=2025-05-05T00:57:42.134355893-04:00 level=info msg="Completed cleanup jobs" duration=7.410051ms
logger=plugins.update.checker t=2025-05-05T00:57:42.249735268-04:00 level=info msg="Update check succeeded" duration=59.847432ms
logger=grafana.update.checker t=2025-05-05T00:57:42.363480123-04:00 level=info msg="Update check succeeded" duration=68.362143ms
logger=infra.usagestats t=2025-05-05T00:58:35.147395661-04:00 level=info msg="Usage stats are ready to report"
logger=cleanup t=2025-05-05T01:07:42.134751647-04:00 level=info msg="Completed cleanup jobs" duration=7.704553ms
logger=plugins.update.checker t=2025-05-05T01:07:42.240445076-04:00 level=info msg="Update check succeeded" duration=50.793521ms
logger=grafana.update.checker t=2025-05-05T01:07:42.361276284-04:00 level=info msg="Update check succeeded" duration=66.529881ms
logger=cleanup t=2025-05-05T01:17:42.138991201-04:00 level=info msg="Completed cleanup jobs" duration=11.665392ms
logger=plugins.update.checker t=2025-05-05T01:17:42.238844245-04:00 level=info msg="Update check succeeded" duration=49.614026ms
logger=grafana.update.checker t=2025-05-05T01:17:42.360449041-04:00 level=info msg="Update check succeeded" duration=65.462406ms
logger=cleanup t=2025-05-05T01:27:42.13514726-04:00 level=info msg="Completed cleanup jobs" duration=7.287308ms
logger=plugins.update.checker t=2025-05-05T01:27:42.238238533-04:00 level=info msg="Update check succeeded" duration=48.601223ms
logger=grafana.update.checker t=2025-05-05T01:27:42.427328967-04:00 level=info msg="Update check succeeded" duration=132.663786ms
logger=infra.usagestats t=2025-05-05T01:28:35.147806006-04:00 level=info msg="Usage stats are ready to report"
logger=cleanup t=2025-05-05T01:37:42.134444902-04:00 level=info msg="Completed cleanup jobs" duration=7.704129ms
logger=plugins.update.checker t=2025-05-05T01:37:42.237294311-04:00 level=info msg="Update check succeeded" duration=47.67895ms
logger=grafana.update.checker t=2025-05-05T01:37:42.361260488-04:00 level=info msg="Update check succeeded" duration=66.61359ms
logger=cleanup t=2025-05-05T01:47:42.135617617-04:00 level=info msg="Completed cleanup jobs" duration=8.366683ms
logger=plugins.update.checker t=2025-05-05T01:47:42.237209979-04:00 level=info msg="Update check succeeded" duration=47.52057ms
logger=grafana.update.checker t=2025-05-05T01:47:42.360159263-04:00 level=info msg="Update check succeeded" duration=65.73011ms
logger=cleanup t=2025-05-05T01:57:42.134809466-04:00 level=info msg="Completed cleanup jobs" duration=7.748124ms
logger=plugins.update.checker t=2025-05-05T01:57:42.241530617-04:00 level=info msg="Update check succeeded" duration=51.994362ms
logger=grafana.update.checker t=2025-05-05T01:57:42.361900642-04:00 level=info msg="Update check succeeded" duration=67.262427ms
logger=infra.usagestats t=2025-05-05T01:58:35.149641106-04:00 level=info msg="Usage stats are ready to report"
logger=cleanup t=2025-05-05T02:07:42.136655071-04:00 level=info msg="Completed cleanup jobs" duration=9.816521ms
logger=plugins.update.checker t=2025-05-05T02:07:42.238796776-04:00 level=info msg="Update check succeeded" duration=48.977377ms
logger=grafana.update.checker t=2025-05-05T02:07:42.361180929-04:00 level=info msg="Update check succeeded" duration=66.414977ms
logger=cleanup t=2025-05-05T02:17:42.137359714-04:00 level=info msg="Completed cleanup jobs" duration=10.751983ms
logger=plugins.update.checker t=2025-05-05T02:17:42.251497069-04:00 level=info msg="Update check succeeded" duration=62.229762ms
logger=grafana.update.checker t=2025-05-05T02:17:42.36211815-04:00 level=info msg="Update check succeeded" duration=67.057809ms
logger=cleanup t=2025-05-05T02:27:42.138252417-04:00 level=info msg="Completed cleanup jobs" duration=11.447867ms
logger=plugins.update.checker t=2025-05-05T02:27:42.237033405-04:00 level=info msg="Update check succeeded" duration=48.007563ms
logger=grafana.update.checker t=2025-05-05T02:27:42.425205793-04:00 level=info msg="Update check succeeded" duration=130.21724ms
logger=infra.usagestats t=2025-05-05T02:28:35.148577113-04:00 level=info msg="Usage stats are ready to report"
logger=cleanup t=2025-05-05T02:37:42.135182615-04:00 level=info msg="Completed cleanup jobs" duration=8.498958ms
logger=plugins.update.checker t=2025-05-05T02:37:42.240985948-04:00 level=info msg="Update check succeeded" duration=51.146144ms
logger=grafana.update.checker t=2025-05-05T02:37:42.362515678-04:00 level=info msg="Update check succeeded" duration=67.303589ms
logger=cleanup t=2025-05-05T02:47:42.133630492-04:00 level=info msg="Completed cleanup jobs" duration=7.315985ms
logger=plugins.update.checker t=2025-05-05T02:47:42.238288923-04:00 level=info msg="Update check succeeded" duration=48.369661ms
logger=grafana.update.checker t=2025-05-05T02:47:42.360235554-04:00 level=info msg="Update check succeeded" duration=66.009538ms
logger=cleanup t=2025-05-05T02:57:42.135303168-04:00 level=info msg="Completed cleanup jobs" duration=8.097574ms
logger=plugins.update.checker t=2025-05-05T02:57:42.238975174-04:00 level=info msg="Update check succeeded" duration=49.246867ms
logger=grafana.update.checker t=2025-05-05T02:57:42.360902387-04:00 level=info msg="Update check succeeded" duration=65.856618ms
logger=infra.usagestats t=2025-05-05T02:58:35.147179342-04:00 level=info msg="Usage stats are ready to report"
logger=cleanup t=2025-05-05T03:07:42.135773715-04:00 level=info msg="Completed cleanup jobs" duration=7.110078ms
logger=plugins.update.checker t=2025-05-05T03:07:42.236925061-04:00 level=info msg="Update check succeeded" duration=47.537452ms
logger=grafana.update.checker t=2025-05-05T03:07:42.363330295-04:00 level=info msg="Update check succeeded" duration=68.13269ms
logger=cleanup t=2025-05-05T03:17:42.135156984-04:00 level=info msg="Completed cleanup jobs" duration=7.363172ms
logger=plugins.update.checker t=2025-05-05T03:17:42.241015114-04:00 level=info msg="Update check succeeded" duration=51.114327ms
logger=grafana.update.checker t=2025-05-05T03:17:42.362478225-04:00 level=info msg="Update check succeeded" duration=67.458285ms
logger=cleanup t=2025-05-05T03:27:42.134099989-04:00 level=info msg="Completed cleanup jobs" duration=6.925547ms
logger=plugins.update.checker t=2025-05-05T03:27:42.243493979-04:00 level=info msg="Update check succeeded" duration=53.894372ms
logger=grafana.update.checker t=2025-05-05T03:27:42.382630586-04:00 level=info msg="Update check succeeded" duration=87.437768ms
logger=infra.usagestats t=2025-05-05T03:28:35.148126912-04:00 level=info msg="Usage stats are ready to report"
logger=cleanup t=2025-05-05T03:37:42.135831278-04:00 level=info msg="Completed cleanup jobs" duration=9.547056ms
logger=plugins.update.checker t=2025-05-05T03:37:42.241514097-04:00 level=info msg="Update check succeeded" duration=51.702866ms
logger=grafana.update.checker t=2025-05-05T03:37:42.361210729-04:00 level=info msg="Update check succeeded" duration=66.558426ms
logger=cleanup t=2025-05-05T03:47:42.135150308-04:00 level=info msg="Completed cleanup jobs" duration=8.391406ms
logger=plugins.update.checker t=2025-05-05T03:47:42.239806777-04:00 level=info msg="Update check succeeded" duration=49.894188ms
logger=grafana.update.checker t=2025-05-05T03:47:42.359307429-04:00 level=info msg="Update check succeeded" duration=64.29716ms
logger=cleanup t=2025-05-05T03:57:42.135343975-04:00 level=info msg="Completed cleanup jobs" duration=8.800486ms
logger=plugins.update.checker t=2025-05-05T03:57:42.242521316-04:00 level=info msg="Update check succeeded" duration=53.530558ms
logger=grafana.update.checker t=2025-05-05T03:57:42.361622609-04:00 level=info msg="Update check succeeded" duration=66.879597ms
logger=infra.usagestats t=2025-05-05T03:58:35.148839609-04:00 level=info msg="Usage stats are ready to report"
logger=cleanup t=2025-05-05T04:07:42.134649152-04:00 level=info msg="Completed cleanup jobs" duration=7.80534ms
logger=plugins.update.checker t=2025-05-05T04:07:42.2379956-04:00 level=info msg="Update check succeeded" duration=48.078557ms
logger=grafana.update.checker t=2025-05-05T04:07:42.361727694-04:00 level=info msg="Update check succeeded" duration=66.619241ms
logger=cleanup t=2025-05-05T04:17:42.134667741-04:00 level=info msg="Completed cleanup jobs" duration=7.992123ms
logger=plugins.update.checker t=2025-05-05T04:17:42.238504548-04:00 level=info msg="Update check succeeded" duration=49.272082ms
logger=grafana.update.checker t=2025-05-05T04:17:42.362059291-04:00 level=info msg="Update check succeeded" duration=67.764215ms
logger=cleanup t=2025-05-05T04:27:42.209837376-04:00 level=info msg="Completed cleanup jobs" duration=82.619867ms
logger=plugins.update.checker t=2025-05-05T04:27:42.238383682-04:00 level=info msg="Update check succeeded" duration=48.487182ms
logger=grafana.update.checker t=2025-05-05T04:27:42.405317617-04:00 level=info msg="Update check succeeded" duration=110.613014ms
logger=infra.usagestats t=2025-05-05T04:28:35.148748334-04:00 level=info msg="Usage stats are ready to report"
logger=cleanup t=2025-05-05T04:37:42.134791139-04:00 level=info msg="Completed cleanup jobs" duration=7.592677ms
logger=plugins.update.checker t=2025-05-05T04:37:42.246687181-04:00 level=info msg="Update check succeeded" duration=56.919569ms
logger=grafana.update.checker t=2025-05-05T04:37:42.361749708-04:00 level=info msg="Update check succeeded" duration=67.030144ms
logger=cleanup t=2025-05-05T04:47:42.13484135-04:00 level=info msg="Completed cleanup jobs" duration=7.95942ms
logger=plugins.update.checker t=2025-05-05T04:47:42.242265201-04:00 level=info msg="Update check succeeded" duration=52.350581ms
logger=grafana.update.checker t=2025-05-05T04:47:42.360659837-04:00 level=info msg="Update check succeeded" duration=65.970186ms
logger=cleanup t=2025-05-05T04:57:42.134515704-04:00 level=info msg="Completed cleanup jobs" duration=7.436261ms
logger=plugins.update.checker t=2025-05-05T04:57:42.240820505-04:00 level=info msg="Update check succeeded" duration=51.165702ms
logger=grafana.update.checker t=2025-05-05T04:57:42.362537539-04:00 level=info msg="Update check succeeded" duration=67.519323ms
logger=infra.usagestats t=2025-05-05T04:58:35.148301147-04:00 level=info msg="Usage stats are ready to report"
logger=cleanup t=2025-05-05T05:07:42.135111534-04:00 level=info msg="Completed cleanup jobs" duration=7.797675ms
logger=plugins.update.checker t=2025-05-05T05:07:42.240722214-04:00 level=info msg="Update check succeeded" duration=51.717784ms
logger=grafana.update.checker t=2025-05-05T05:07:42.361687985-04:00 level=info msg="Update check succeeded" duration=66.856886ms
logger=cleanup t=2025-05-05T05:17:42.134638696-04:00 level=info msg="Completed cleanup jobs" duration=8.03946ms
logger=plugins.update.checker t=2025-05-05T05:17:42.240383878-04:00 level=info msg="Update check succeeded" duration=50.356676ms
logger=grafana.update.checker t=2025-05-05T05:17:42.360905186-04:00 level=info msg="Update check succeeded" duration=66.633262ms
logger=cleanup t=2025-05-05T05:27:42.138064458-04:00 level=info msg="Completed cleanup jobs" duration=10.75544ms
logger=plugins.update.checker t=2025-05-05T05:27:42.241529648-04:00 level=info msg="Update check succeeded" duration=51.881159ms
logger=grafana.update.checker t=2025-05-05T05:27:42.381764402-04:00 level=info msg="Update check succeeded" duration=87.133025ms
logger=infra.usagestats t=2025-05-05T05:28:35.148617822-04:00 level=info msg="Usage stats are ready to report"
logger=cleanup t=2025-05-05T05:37:42.136437379-04:00 level=info msg="Completed cleanup jobs" duration=8.704101ms
logger=plugins.update.checker t=2025-05-05T05:37:42.248161078-04:00 level=info msg="Update check succeeded" duration=59.243543ms
logger=grafana.update.checker t=2025-05-05T05:37:42.360251671-04:00 level=info msg="Update check succeeded" duration=65.624227ms
logger=cleanup t=2025-05-05T05:47:42.135401368-04:00 level=info msg="Completed cleanup jobs" duration=8.720677ms
logger=plugins.update.checker t=2025-05-05T05:47:42.239247256-04:00 level=info msg="Update check succeeded" duration=50.20684ms
logger=grafana.update.checker t=2025-05-05T05:47:42.363020713-04:00 level=info msg="Update check succeeded" duration=68.290701ms
logger=cleanup t=2025-05-05T05:57:42.135304025-04:00 level=info msg="Completed cleanup jobs" duration=7.52089ms
logger=plugins.update.checker t=2025-05-05T05:57:42.242751977-04:00 level=info msg="Update check succeeded" duration=53.021181ms
logger=grafana.update.checker t=2025-05-05T05:57:42.361235595-04:00 level=info msg="Update check succeeded" duration=66.509158ms
logger=infra.usagestats t=2025-05-05T05:58:35.147913225-04:00 level=info msg="Usage stats are ready to report"
logger=cleanup t=2025-05-05T06:07:42.133418854-04:00 level=info msg="Completed cleanup jobs" duration=7.198561ms
logger=plugins.update.checker t=2025-05-05T06:07:42.241591017-04:00 level=info msg="Update check succeeded" duration=51.917519ms
logger=grafana.update.checker t=2025-05-05T06:07:42.36187816-04:00 level=info msg="Update check succeeded" duration=67.226667ms
logger=cleanup t=2025-05-05T06:17:42.134429011-04:00 level=info msg="Completed cleanup jobs" duration=7.688195ms
logger=plugins.update.checker t=2025-05-05T06:17:42.242072871-04:00 level=info msg="Update check succeeded" duration=52.525498ms
logger=grafana.update.checker t=2025-05-05T06:17:42.361709132-04:00 level=info msg="Update check succeeded" duration=66.550318ms
logger=cleanup t=2025-05-05T06:27:42.133820929-04:00 level=info msg="Completed cleanup jobs" duration=6.974776ms
logger=plugins.update.checker t=2025-05-05T06:27:42.24693692-04:00 level=info msg="Update check succeeded" duration=57.385252ms
logger=grafana.update.checker t=2025-05-05T06:27:42.367089018-04:00 level=info msg="Update check succeeded" duration=71.961009ms
logger=infra.usagestats t=2025-05-05T06:28:35.1470805-04:00 level=info msg="Usage stats are ready to report"
logger=cleanup t=2025-05-05T06:37:42.135259576-04:00 level=info msg="Completed cleanup jobs" duration=8.628667ms
logger=plugins.update.checker t=2025-05-05T06:37:42.254133807-04:00 level=info msg="Update check succeeded" duration=64.432796ms
logger=grafana.update.checker t=2025-05-05T06:37:42.361257161-04:00 level=info msg="Update check succeeded" duration=66.49045ms
logger=cleanup t=2025-05-05T06:47:42.134527594-04:00 level=info msg="Completed cleanup jobs" duration=7.575041ms
logger=plugins.update.checker t=2025-05-05T06:47:42.240993015-04:00 level=info msg="Update check succeeded" duration=51.023638ms
logger=grafana.update.checker t=2025-05-05T06:47:42.363031772-04:00 level=info msg="Update check succeeded" duration=68.109769ms
logger=cleanup t=2025-05-05T06:57:42.133819883-04:00 level=info msg="Completed cleanup jobs" duration=6.615239ms
logger=plugins.update.checker t=2025-05-05T06:57:42.253920723-04:00 level=info msg="Update check succeeded" duration=64.205991ms
logger=grafana.update.checker t=2025-05-05T06:57:42.3612168-04:00 level=info msg="Update check succeeded" duration=66.940362ms
logger=infra.usagestats t=2025-05-05T06:58:35.147473363-04:00 level=info msg="Usage stats are ready to report"
logger=cleanup t=2025-05-05T07:07:42.136008693-04:00 level=info msg="Completed cleanup jobs" duration=8.768247ms
logger=plugins.update.checker t=2025-05-05T07:07:42.244997415-04:00 level=info msg="Update check succeeded" duration=55.064274ms
logger=grafana.update.checker t=2025-05-05T07:07:42.362652582-04:00 level=info msg="Update check succeeded" duration=68.14697ms
logger=cleanup t=2025-05-05T07:17:42.135070079-04:00 level=info msg="Completed cleanup jobs" duration=8.799268ms
logger=plugins.update.checker t=2025-05-05T07:17:42.241517102-04:00 level=info msg="Update check succeeded" duration=51.640723ms
logger=grafana.update.checker t=2025-05-05T07:17:42.361294053-04:00 level=info msg="Update check succeeded" duration=66.794214ms
logger=cleanup t=2025-05-05T07:27:42.134077656-04:00 level=info msg="Completed cleanup jobs" duration=6.826633ms
logger=plugins.update.checker t=2025-05-05T07:27:42.243505362-04:00 level=info msg="Update check succeeded" duration=53.465047ms
logger=grafana.update.checker t=2025-05-05T07:27:42.3662213-04:00 level=info msg="Update check succeeded" duration=71.533539ms
logger=infra.usagestats t=2025-05-05T07:28:35.147073131-04:00 level=info msg="Usage stats are ready to report"
logger=cleanup t=2025-05-05T07:37:42.133953461-04:00 level=info msg="Completed cleanup jobs" duration=6.629226ms
logger=plugins.update.checker t=2025-05-05T07:37:42.237789694-04:00 level=info msg="Update check succeeded" duration=47.778961ms
logger=grafana.update.checker t=2025-05-05T07:37:42.36143887-04:00 level=info msg="Update check succeeded" duration=66.335352ms
logger=cleanup t=2025-05-05T07:47:42.134341106-04:00 level=info msg="Completed cleanup jobs" duration=7.048425ms
logger=plugins.update.checker t=2025-05-05T07:47:42.237133279-04:00 level=info msg="Update check succeeded" duration=47.888207ms
logger=grafana.update.checker t=2025-05-05T07:47:42.36733127-04:00 level=info msg="Update check succeeded" duration=72.055858ms
logger=cleanup t=2025-05-05T07:57:42.133099376-04:00 level=info msg="Completed cleanup jobs" duration=6.31119ms
logger=plugins.update.checker t=2025-05-05T07:57:42.241295327-04:00 level=info msg="Update check succeeded" duration=51.307314ms
logger=grafana.update.checker t=2025-05-05T07:57:42.361092479-04:00 level=info msg="Update check succeeded" duration=66.475912ms
logger=infra.usagestats t=2025-05-05T07:58:35.14875283-04:00 level=info msg="Usage stats are ready to report"
logger=cleanup t=2025-05-05T08:07:42.135325156-04:00 level=info msg="Completed cleanup jobs" duration=7.528822ms
logger=plugins.update.checker t=2025-05-05T08:07:42.237184149-04:00 level=info msg="Update check succeeded" duration=47.486542ms
logger=grafana.update.checker t=2025-05-05T08:07:42.358893856-04:00 level=info msg="Update check succeeded" duration=64.688589ms
logger=cleanup t=2025-05-05T08:17:42.134762588-04:00 level=info msg="Completed cleanup jobs" duration=7.430112ms
logger=plugins.update.checker t=2025-05-05T08:17:42.242339958-04:00 level=info msg="Update check succeeded" duration=52.936237ms
logger=grafana.update.checker t=2025-05-05T08:17:42.363011372-04:00 level=info msg="Update check succeeded" duration=68.267891ms
logger=cleanup t=2025-05-05T08:27:42.172285193-04:00 level=info msg="Completed cleanup jobs" duration=45.202967ms
logger=plugins.update.checker t=2025-05-05T08:27:42.235764469-04:00 level=info msg="Update check succeeded" duration=45.85451ms
logger=grafana.update.checker t=2025-05-05T08:27:42.367710528-04:00 level=info msg="Update check succeeded" duration=72.985662ms
logger=infra.usagestats t=2025-05-05T08:28:35.148057307-04:00 level=info msg="Usage stats are ready to report"
logger=cleanup t=2025-05-05T08:37:42.172757379-04:00 level=info msg="Completed cleanup jobs" duration=45.715561ms
logger=plugins.update.checker t=2025-05-05T08:37:42.237144416-04:00 level=info msg="Update check succeeded" duration=47.460856ms
logger=grafana.update.checker t=2025-05-05T08:37:42.361967477-04:00 level=info msg="Update check succeeded" duration=66.940506ms
logger=cleanup t=2025-05-05T08:47:42.134994884-04:00 level=info msg="Completed cleanup jobs" duration=8.299137ms
logger=plugins.update.checker t=2025-05-05T08:47:42.242006405-04:00 level=info msg="Update check succeeded" duration=52.251814ms
logger=grafana.update.checker t=2025-05-05T08:47:42.361749647-04:00 level=info msg="Update check succeeded" duration=66.534994ms
logger=cleanup t=2025-05-05T08:57:42.134489168-04:00 level=info msg="Completed cleanup jobs" duration=7.784666ms
logger=plugins.update.checker t=2025-05-05T08:57:42.241931498-04:00 level=info msg="Update check succeeded" duration=52.314818ms
logger=grafana.update.checker t=2025-05-05T08:57:42.361461349-04:00 level=info msg="Update check succeeded" duration=66.616469ms
logger=infra.usagestats t=2025-05-05T08:58:35.148813196-04:00 level=info msg="Usage stats are ready to report"
logger=cleanup t=2025-05-05T09:07:42.136592148-04:00 level=info msg="Completed cleanup jobs" duration=9.909077ms
logger=plugins.update.checker t=2025-05-05T09:07:42.249547515-04:00 level=info msg="Update check succeeded" duration=60.088145ms
logger=grafana.update.checker t=2025-05-05T09:07:42.361490284-04:00 level=info msg="Update check succeeded" duration=66.452745ms
logger=cleanup t=2025-05-05T09:17:42.13388292-04:00 level=info msg="Completed cleanup jobs" duration=7.514345ms
logger=plugins.update.checker t=2025-05-05T09:17:42.23814959-04:00 level=info msg="Update check succeeded" duration=48.428207ms
logger=grafana.update.checker t=2025-05-05T09:17:42.358799437-04:00 level=info msg="Update check succeeded" duration=64.600822ms
logger=cleanup t=2025-05-05T09:27:42.134816862-04:00 level=info msg="Completed cleanup jobs" duration=7.03494ms
logger=plugins.update.checker t=2025-05-05T09:27:42.243733934-04:00 level=info msg="Update check succeeded" duration=54.007364ms
logger=grafana.update.checker t=2025-05-05T09:27:42.39707409-04:00 level=info msg="Update check succeeded" duration=102.255605ms
logger=infra.usagestats t=2025-05-05T09:28:35.148111428-04:00 level=info msg="Usage stats are ready to report"
logger=cleanup t=2025-05-05T09:37:42.13433292-04:00 level=info msg="Completed cleanup jobs" duration=7.577267ms
logger=plugins.update.checker t=2025-05-05T09:37:42.239527123-04:00 level=info msg="Update check succeeded" duration=49.601764ms
logger=grafana.update.checker t=2025-05-05T09:37:42.361739461-04:00 level=info msg="Update check succeeded" duration=67.429145ms
logger=cleanup t=2025-05-05T09:47:42.134388283-04:00 level=info msg="Completed cleanup jobs" duration=7.1153ms
logger=plugins.update.checker t=2025-05-05T09:47:42.243312072-04:00 level=info msg="Update check succeeded" duration=53.594825ms
logger=grafana.update.checker t=2025-05-05T09:47:42.362071286-04:00 level=info msg="Update check succeeded" duration=67.535621ms
logger=cleanup t=2025-05-05T09:57:42.134305494-04:00 level=info msg="Completed cleanup jobs" duration=7.299711ms
logger=plugins.update.checker t=2025-05-05T09:57:42.235587519-04:00 level=info msg="Update check succeeded" duration=46.172239ms
logger=grafana.update.checker t=2025-05-05T09:57:42.359138088-04:00 level=info msg="Update check succeeded" duration=64.638457ms
logger=infra.usagestats t=2025-05-05T09:58:35.148908196-04:00 level=info msg="Usage stats are ready to report"
logger=cleanup t=2025-05-05T10:07:42.134808985-04:00 level=info msg="Completed cleanup jobs" duration=8.173304ms
logger=plugins.update.checker t=2025-05-05T10:07:42.239390036-04:00 level=info msg="Update check succeeded" duration=49.791525ms
logger=grafana.update.checker t=2025-05-05T10:07:42.36163509-04:00 level=info msg="Update check succeeded" duration=66.877317ms
logger=cleanup t=2025-05-05T10:17:42.134421522-04:00 level=info msg="Completed cleanup jobs" duration=7.725509ms
logger=plugins.update.checker t=2025-05-05T10:17:42.251083612-04:00 level=info msg="Update check succeeded" duration=61.683234ms
logger=grafana.update.checker t=2025-05-05T10:17:42.361237439-04:00 level=info msg="Update check succeeded" duration=66.533834ms
logger=cleanup t=2025-05-05T10:27:42.133585644-04:00 level=info msg="Completed cleanup jobs" duration=7.364672ms
logger=plugins.update.checker t=2025-05-05T10:27:42.243607238-04:00 level=info msg="Update check succeeded" duration=53.831937ms
logger=grafana.update.checker t=2025-05-05T10:27:42.365363922-04:00 level=info msg="Update check succeeded" duration=70.62638ms
logger=infra.usagestats t=2025-05-05T10:28:35.148539049-04:00 level=info msg="Usage stats are ready to report"
logger=cleanup t=2025-05-05T10:37:42.133978335-04:00 level=info msg="Completed cleanup jobs" duration=7.344747ms
logger=plugins.update.checker t=2025-05-05T10:37:42.240088657-04:00 level=info msg="Update check succeeded" duration=50.876747ms
logger=grafana.update.checker t=2025-05-05T10:37:42.36182196-04:00 level=info msg="Update check succeeded" duration=66.619862ms
logger=cleanup t=2025-05-05T10:47:42.13444292-04:00 level=info msg="Completed cleanup jobs" duration=7.766519ms
logger=plugins.update.checker t=2025-05-05T10:47:42.241984343-04:00 level=info msg="Update check succeeded" duration=51.94946ms
logger=grafana.update.checker t=2025-05-05T10:47:42.361042548-04:00 level=info msg="Update check succeeded" duration=66.304588ms
logger=cleanup t=2025-05-05T10:57:42.134667441-04:00 level=info msg="Completed cleanup jobs" duration=7.596257ms
logger=plugins.update.checker t=2025-05-05T10:57:42.241274109-04:00 level=info msg="Update check succeeded" duration=52.283508ms
logger=grafana.update.checker t=2025-05-05T10:57:42.361512663-04:00 level=info msg="Update check succeeded" duration=66.248384ms
logger=infra.usagestats t=2025-05-05T10:58:35.148713594-04:00 level=info msg="Usage stats are ready to report"
logger=cleanup t=2025-05-05T11:07:42.135799984-04:00 level=info msg="Completed cleanup jobs" duration=8.899555ms
logger=plugins.update.checker t=2025-05-05T11:07:42.24045716-04:00 level=info msg="Update check succeeded" duration=50.938652ms
logger=grafana.update.checker t=2025-05-05T11:07:42.361197484-04:00 level=info msg="Update check succeeded" duration=66.732768ms
logger=cleanup t=2025-05-05T11:17:42.13441542-04:00 level=info msg="Completed cleanup jobs" duration=7.741958ms
logger=plugins.update.checker t=2025-05-05T11:17:42.244130931-04:00 level=info msg="Update check succeeded" duration=54.182828ms
logger=grafana.update.checker t=2025-05-05T11:17:42.370874622-04:00 level=info msg="Update check succeeded" duration=75.627882ms
logger=cleanup t=2025-05-05T11:27:42.134106333-04:00 level=info msg="Completed cleanup jobs" duration=6.96352ms
logger=plugins.update.checker t=2025-05-05T11:27:42.242069255-04:00 level=info msg="Update check succeeded" duration=52.441742ms
logger=grafana.update.checker t=2025-05-05T11:27:42.366025354-04:00 level=info msg="Update check succeeded" duration=70.909597ms
logger=infra.usagestats t=2025-05-05T11:28:35.148304595-04:00 level=info msg="Usage stats are ready to report"
logger=cleanup t=2025-05-05T11:37:42.15452057-04:00 level=info msg="Completed cleanup jobs" duration=28.329135ms
logger=plugins.update.checker t=2025-05-05T11:37:42.236896341-04:00 level=info msg="Update check succeeded" duration=47.132576ms
logger=grafana.update.checker t=2025-05-05T11:37:42.360266201-04:00 level=info msg="Update check succeeded" duration=65.96053ms
logger=cleanup t=2025-05-05T11:47:42.134508435-04:00 level=info msg="Completed cleanup jobs" duration=7.092056ms
logger=plugins.update.checker t=2025-05-05T11:47:42.294750006-04:00 level=info msg="Update check succeeded" duration=104.852009ms
logger=grafana.update.checker t=2025-05-05T11:47:42.362945156-04:00 level=info msg="Update check succeeded" duration=68.726991ms
logger=cleanup t=2025-05-05T11:57:42.133433658-04:00 level=info msg="Completed cleanup jobs" duration=6.290812ms
logger=plugins.update.checker t=2025-05-05T11:57:42.240126632-04:00 level=info msg="Update check succeeded" duration=50.187838ms
logger=grafana.update.checker t=2025-05-05T11:57:42.359531889-04:00 level=info msg="Update check succeeded" duration=65.27312ms
logger=infra.usagestats t=2025-05-05T11:58:35.148884698-04:00 level=info msg="Usage stats are ready to report"
logger=cleanup t=2025-05-05T12:07:42.13636676-04:00 level=info msg="Completed cleanup jobs" duration=8.542531ms
logger=plugins.update.checker t=2025-05-05T12:07:42.242335463-04:00 level=info msg="Update check succeeded" duration=52.407518ms
logger=grafana.update.checker t=2025-05-05T12:07:42.363741349-04:00 level=info msg="Update check succeeded" duration=69.304716ms
logger=cleanup t=2025-05-05T12:17:42.135105385-04:00 level=info msg="Completed cleanup jobs" duration=8.586221ms
logger=plugins.update.checker t=2025-05-05T12:17:42.252732672-04:00 level=info msg="Update check succeeded" duration=62.698306ms
logger=grafana.update.checker t=2025-05-05T12:17:42.360210088-04:00 level=info msg="Update check succeeded" duration=65.267302ms
logger=cleanup t=2025-05-05T12:27:42.162927327-04:00 level=info msg="Completed cleanup jobs" duration=36.692819ms
logger=plugins.update.checker t=2025-05-05T12:27:42.242940814-04:00 level=info msg="Update check succeeded" duration=53.964789ms
logger=grafana.update.checker t=2025-05-05T12:27:42.367899961-04:00 level=info msg="Update check succeeded" duration=72.797557ms
logger=infra.usagestats t=2025-05-05T12:28:35.149599032-04:00 level=info msg="Usage stats are ready to report"
logger=cleanup t=2025-05-05T12:37:42.134587906-04:00 level=info msg="Completed cleanup jobs" duration=6.836754ms
logger=plugins.update.checker t=2025-05-05T12:37:42.239831729-04:00 level=info msg="Update check succeeded" duration=50.219579ms
logger=grafana.update.checker t=2025-05-05T12:37:42.359198982-04:00 level=info msg="Update check succeeded" duration=64.465847ms
logger=cleanup t=2025-05-05T12:47:42.133835938-04:00 level=info msg="Completed cleanup jobs" duration=7.009505ms
logger=plugins.update.checker t=2025-05-05T12:47:42.241105062-04:00 level=info msg="Update check succeeded" duration=51.339507ms
logger=grafana.update.checker t=2025-05-05T12:47:42.36145818-04:00 level=info msg="Update check succeeded" duration=66.327878ms
logger=cleanup t=2025-05-05T12:57:42.134886149-04:00 level=info msg="Completed cleanup jobs" duration=8.044668ms
logger=plugins.update.checker t=2025-05-05T12:57:42.242919257-04:00 level=info msg="Update check succeeded" duration=53.239198ms
logger=grafana.update.checker t=2025-05-05T12:57:42.363875996-04:00 level=info msg="Update check succeeded" duration=68.932708ms
logger=infra.usagestats t=2025-05-05T12:58:35.148211288-04:00 level=info msg="Usage stats are ready to report"
logger=cleanup t=2025-05-05T13:07:42.134364668-04:00 level=info msg="Completed cleanup jobs" duration=7.897288ms
logger=plugins.update.checker t=2025-05-05T13:07:42.247674401-04:00 level=info msg="Update check succeeded" duration=58.349229ms
logger=grafana.update.checker t=2025-05-05T13:07:42.362317999-04:00 level=info msg="Update check succeeded" duration=67.146954ms
logger=cleanup t=2025-05-05T13:17:42.134347864-04:00 level=info msg="Completed cleanup jobs" duration=7.6922ms
logger=plugins.update.checker t=2025-05-05T13:17:42.243520264-04:00 level=info msg="Update check succeeded" duration=54.167848ms
logger=grafana.update.checker t=2025-05-05T13:17:42.3612883-04:00 level=info msg="Update check succeeded" duration=66.640067ms
logger=cleanup t=2025-05-05T13:27:42.13535652-04:00 level=info msg="Completed cleanup jobs" duration=7.609647ms
logger=plugins.update.checker t=2025-05-05T13:27:42.244296627-04:00 level=info msg="Update check succeeded" duration=54.438112ms
logger=grafana.update.checker t=2025-05-05T13:27:42.368932749-04:00 level=info msg="Update check succeeded" duration=74.288742ms
logger=infra.usagestats t=2025-05-05T13:28:35.149141221-04:00 level=info msg="Usage stats are ready to report"
logger=cleanup t=2025-05-05T13:37:42.134691444-04:00 level=info msg="Completed cleanup jobs" duration=7.990696ms
logger=plugins.update.checker t=2025-05-05T13:37:42.239631404-04:00 level=info msg="Update check succeeded" duration=50.000693ms
logger=grafana.update.checker t=2025-05-05T13:37:42.363750633-04:00 level=info msg="Update check succeeded" duration=68.557288ms
logger=cleanup t=2025-05-05T13:47:42.135526555-04:00 level=info msg="Completed cleanup jobs" duration=8.644988ms
logger=plugins.update.checker t=2025-05-05T13:47:42.240720634-04:00 level=info msg="Update check succeeded" duration=51.714209ms
logger=grafana.update.checker t=2025-05-05T13:47:42.364921582-04:00 level=info msg="Update check succeeded" duration=70.141628ms
logger=cleanup t=2025-05-05T13:57:42.134011065-04:00 level=info msg="Completed cleanup jobs" duration=7.812349ms
logger=plugins.update.checker t=2025-05-05T13:57:42.235755898-04:00 level=info msg="Update check succeeded" duration=46.810747ms
logger=grafana.update.checker t=2025-05-05T13:57:42.360682229-04:00 level=info msg="Update check succeeded" duration=65.843813ms
logger=infra.usagestats t=2025-05-05T13:58:35.148737916-04:00 level=info msg="Usage stats are ready to report"
logger=cleanup t=2025-05-05T14:07:42.134692082-04:00 level=info msg="Completed cleanup jobs" duration=7.320962ms
logger=plugins.update.checker t=2025-05-05T14:07:42.24162742-04:00 level=info msg="Update check succeeded" duration=51.921614ms
logger=grafana.update.checker t=2025-05-05T14:07:42.363730536-04:00 level=info msg="Update check succeeded" duration=69.524747ms
logger=cleanup t=2025-05-05T14:17:42.134649359-04:00 level=info msg="Completed cleanup jobs" duration=8.297415ms
logger=plugins.update.checker t=2025-05-05T14:17:42.239388358-04:00 level=info msg="Update check succeeded" duration=50.418292ms
logger=grafana.update.checker t=2025-05-05T14:17:42.361280815-04:00 level=info msg="Update check succeeded" duration=66.923686ms
logger=cleanup t=2025-05-05T14:27:42.204745904-04:00 level=info msg="Completed cleanup jobs" duration=77.422492ms
logger=plugins.update.checker t=2025-05-05T14:27:42.311607548-04:00 level=info msg="Update check succeeded" duration=122.170521ms
logger=grafana.update.checker t=2025-05-05T14:27:42.365422664-04:00 level=info msg="Update check succeeded" duration=70.723277ms
logger=infra.usagestats t=2025-05-05T14:27:42.556854035-04:00 level=info msg="Sent usage stats" duration=187.440126ms
logger=infra.usagestats t=2025-05-05T14:28:35.14685951-04:00 level=info msg="Usage stats are ready to report"
logger=cleanup t=2025-05-05T14:37:42.135373711-04:00 level=info msg="Completed cleanup jobs" duration=8.696166ms
logger=plugins.update.checker t=2025-05-05T14:37:42.24892463-04:00 level=info msg="Update check succeeded" duration=59.30388ms
logger=grafana.update.checker t=2025-05-05T14:37:42.361629925-04:00 level=info msg="Update check succeeded" duration=67.436976ms
logger=cleanup t=2025-05-05T14:47:42.13523733-04:00 level=info msg="Completed cleanup jobs" duration=7.888599ms
logger=plugins.update.checker t=2025-05-05T14:47:42.255927346-04:00 level=info msg="Update check succeeded" duration=66.003465ms
logger=grafana.update.checker t=2025-05-05T14:47:42.36168428-04:00 level=info msg="Update check succeeded" duration=66.60475ms
logger=cleanup t=2025-05-05T14:57:42.133241049-04:00 level=info msg="Completed cleanup jobs" duration=6.369501ms
logger=plugins.update.checker t=2025-05-05T14:57:42.250928092-04:00 level=info msg="Update check succeeded" duration=61.03969ms
logger=grafana.update.checker t=2025-05-05T14:57:42.36370685-04:00 level=info msg="Update check succeeded" duration=68.648314ms
logger=infra.usagestats t=2025-05-05T14:58:35.149574465-04:00 level=info msg="Usage stats are ready to report"
logger=cleanup t=2025-05-05T15:07:42.136320098-04:00 level=info msg="Completed cleanup jobs" duration=8.541112ms
logger=plugins.update.checker t=2025-05-05T15:07:42.246648055-04:00 level=info msg="Update check succeeded" duration=56.750341ms
logger=grafana.update.checker t=2025-05-05T15:07:42.362378393-04:00 level=info msg="Update check succeeded" duration=67.783768ms
logger=cleanup t=2025-05-05T15:17:42.134719972-04:00 level=info msg="Completed cleanup jobs" duration=8.004946ms
logger=plugins.update.checker t=2025-05-05T15:17:42.237819949-04:00 level=info msg="Update check succeeded" duration=48.387821ms
logger=grafana.update.checker t=2025-05-05T15:17:42.360405856-04:00 level=info msg="Update check succeeded" duration=65.578534ms
logger=cleanup t=2025-05-05T15:27:42.146311978-04:00 level=info msg="Completed cleanup jobs" duration=18.99608ms
logger=plugins.update.checker t=2025-05-05T15:27:42.241748003-04:00 level=info msg="Update check succeeded" duration=52.050285ms
logger=grafana.update.checker t=2025-05-05T15:27:42.367516433-04:00 level=info msg="Update check succeeded" duration=72.768167ms
logger=infra.usagestats t=2025-05-05T15:28:35.147440603-04:00 level=info msg="Usage stats are ready to report"
logger=cleanup t=2025-05-05T15:37:42.156058125-04:00 level=info msg="Completed cleanup jobs" duration=29.441297ms
logger=plugins.update.checker t=2025-05-05T15:37:42.237527933-04:00 level=info msg="Update check succeeded" duration=47.552567ms
logger=grafana.update.checker t=2025-05-05T15:37:42.362223275-04:00 level=info msg="Update check succeeded" duration=67.587613ms
logger=cleanup t=2025-05-05T15:47:42.133308222-04:00 level=info msg="Completed cleanup jobs" duration=6.757309ms
logger=plugins.update.checker t=2025-05-05T15:47:42.239431698-04:00 level=info msg="Update check succeeded" duration=49.530357ms
logger=grafana.update.checker t=2025-05-05T15:47:42.369791621-04:00 level=info msg="Update check succeeded" duration=75.44445ms
logger=cleanup t=2025-05-05T15:57:42.133346648-04:00 level=info msg="Completed cleanup jobs" duration=7.077244ms
logger=plugins.update.checker t=2025-05-05T15:57:42.239777984-04:00 level=info msg="Update check succeeded" duration=50.039842ms
logger=grafana.update.checker t=2025-05-05T15:57:42.361788226-04:00 level=info msg="Update check succeeded" duration=66.86892ms
logger=infra.usagestats t=2025-05-05T15:58:35.148094647-04:00 level=info msg="Usage stats are ready to report"
logger=cleanup t=2025-05-05T16:07:42.135939837-04:00 level=info msg="Completed cleanup jobs" duration=8.77602ms
logger=plugins.update.checker t=2025-05-05T16:07:42.263199647-04:00 level=info msg="Update check succeeded" duration=73.878107ms
logger=grafana.update.checker t=2025-05-05T16:07:42.362060955-04:00 level=info msg="Update check succeeded" duration=67.421149ms
logger=cleanup t=2025-05-05T16:17:42.133443932-04:00 level=info msg="Completed cleanup jobs" duration=7.179491ms
logger=plugins.update.checker t=2025-05-05T16:17:42.244198341-04:00 level=info msg="Update check succeeded" duration=55.27286ms
logger=grafana.update.checker t=2025-05-05T16:17:42.365061287-04:00 level=info msg="Update check succeeded" duration=70.404546ms
logger=cleanup t=2025-05-05T16:27:42.16662192-04:00 level=info msg="Completed cleanup jobs" duration=39.494831ms
logger=plugins.update.checker t=2025-05-05T16:27:42.236900266-04:00 level=info msg="Update check succeeded" duration=47.207557ms
logger=grafana.update.checker t=2025-05-05T16:27:42.416675923-04:00 level=info msg="Update check succeeded" duration=122.441319ms
logger=infra.usagestats t=2025-05-05T16:28:35.148488205-04:00 level=info msg="Usage stats are ready to report"
logger=cleanup t=2025-05-05T16:37:42.134227413-04:00 level=info msg="Completed cleanup jobs" duration=7.22375ms
logger=plugins.update.checker t=2025-05-05T16:37:42.250149129-04:00 level=info msg="Update check succeeded" duration=60.219904ms
logger=grafana.update.checker t=2025-05-05T16:37:42.363133377-04:00 level=info msg="Update check succeeded" duration=67.930995ms
logger=cleanup t=2025-05-05T16:47:42.136249014-04:00 level=info msg="Completed cleanup jobs" duration=8.459497ms
logger=plugins.update.checker t=2025-05-05T16:47:42.239874272-04:00 level=info msg="Update check succeeded" duration=50.06629ms
logger=grafana.update.checker t=2025-05-05T16:47:42.362483111-04:00 level=info msg="Update check succeeded" duration=67.278165ms
logger=cleanup t=2025-05-05T16:57:42.133390798-04:00 level=info msg="Completed cleanup jobs" duration=6.725296ms
logger=plugins.update.checker t=2025-05-05T16:57:42.238253994-04:00 level=info msg="Update check succeeded" duration=48.895252ms
logger=grafana.update.checker t=2025-05-05T16:57:42.361101465-04:00 level=info msg="Update check succeeded" duration=65.874797ms
logger=infra.usagestats t=2025-05-05T16:58:35.147848893-04:00 level=info msg="Usage stats are ready to report"
logger=cleanup t=2025-05-05T17:07:42.134894957-04:00 level=info msg="Completed cleanup jobs" duration=8.186225ms
logger=plugins.update.checker t=2025-05-05T17:07:42.243782324-04:00 level=info msg="Update check succeeded" duration=54.774498ms
logger=grafana.update.checker t=2025-05-05T17:07:42.362454762-04:00 level=info msg="Update check succeeded" duration=67.511733ms
logger=cleanup t=2025-05-05T17:17:42.135606576-04:00 level=info msg="Completed cleanup jobs" duration=8.314396ms
logger=plugins.update.checker t=2025-05-05T17:17:42.241070624-04:00 level=info msg="Update check succeeded" duration=51.979544ms
logger=grafana.update.checker t=2025-05-05T17:17:42.362482248-04:00 level=info msg="Update check succeeded" duration=67.798693ms
logger=cleanup t=2025-05-05T17:27:42.134055539-04:00 level=info msg="Completed cleanup jobs" duration=6.817062ms
logger=plugins.update.checker t=2025-05-05T17:27:42.241117399-04:00 level=info msg="Update check succeeded" duration=52.127902ms
logger=grafana.update.checker t=2025-05-05T17:27:42.366874613-04:00 level=info msg="Update check succeeded" duration=72.639998ms
logger=infra.usagestats t=2025-05-05T17:28:35.147512327-04:00 level=info msg="Usage stats are ready to report"
logger=cleanup t=2025-05-05T17:37:42.135336169-04:00 level=info msg="Completed cleanup jobs" duration=8.782489ms
logger=plugins.update.checker t=2025-05-05T17:37:42.243266188-04:00 level=info msg="Update check succeeded" duration=53.473411ms
logger=grafana.update.checker t=2025-05-05T17:37:42.361978831-04:00 level=info msg="Update check succeeded" duration=67.218686ms
logger=cleanup t=2025-05-05T17:47:42.134202325-04:00 level=info msg="Completed cleanup jobs" duration=7.948273ms
logger=plugins.update.checker t=2025-05-05T17:47:42.236761345-04:00 level=info msg="Update check succeeded" duration=47.028869ms
logger=grafana.update.checker t=2025-05-05T17:47:42.36217584-04:00 level=info msg="Update check succeeded" duration=66.981823ms
logger=cleanup t=2025-05-05T17:57:42.13408875-04:00 level=info msg="Completed cleanup jobs" duration=6.96547ms
logger=plugins.update.checker t=2025-05-05T17:57:42.242339441-04:00 level=info msg="Update check succeeded" duration=52.617576ms
logger=grafana.update.checker t=2025-05-05T17:57:42.361988608-04:00 level=info msg="Update check succeeded" duration=67.669334ms
logger=infra.usagestats t=2025-05-05T17:58:35.148062003-04:00 level=info msg="Usage stats are ready to report"
logger=cleanup t=2025-05-05T18:07:42.135816623-04:00 level=info msg="Completed cleanup jobs" duration=9.093532ms
logger=plugins.update.checker t=2025-05-05T18:07:42.241277921-04:00 level=info msg="Update check succeeded" duration=51.589612ms
logger=grafana.update.checker t=2025-05-05T18:07:42.362505395-04:00 level=info msg="Update check succeeded" duration=68.270081ms
logger=cleanup t=2025-05-05T18:17:42.134054787-04:00 level=info msg="Completed cleanup jobs" duration=7.516674ms
logger=plugins.update.checker t=2025-05-05T18:17:42.241749657-04:00 level=info msg="Update check succeeded" duration=52.019718ms
logger=grafana.update.checker t=2025-05-05T18:17:42.363214677-04:00 level=info msg="Update check succeeded" duration=68.414492ms
logger=cleanup t=2025-05-05T18:27:42.1348863-04:00 level=info msg="Completed cleanup jobs" duration=8.703612ms
logger=plugins.update.checker t=2025-05-05T18:27:42.240901816-04:00 level=info msg="Update check succeeded" duration=51.945765ms
logger=grafana.update.checker t=2025-05-05T18:27:42.365401257-04:00 level=info msg="Update check succeeded" duration=70.382758ms
logger=infra.usagestats t=2025-05-05T18:28:35.146947298-04:00 level=info msg="Usage stats are ready to report"
logger=cleanup t=2025-05-05T18:37:42.136437787-04:00 level=info msg="Completed cleanup jobs" duration=9.148355ms
logger=plugins.update.checker t=2025-05-05T18:37:42.245708429-04:00 level=info msg="Update check succeeded" duration=56.096907ms
logger=grafana.update.checker t=2025-05-05T18:37:42.364049693-04:00 level=info msg="Update check succeeded" duration=69.195045ms
logger=cleanup t=2025-05-05T18:47:42.134509034-04:00 level=info msg="Completed cleanup jobs" duration=8.040624ms
logger=plugins.update.checker t=2025-05-05T18:47:42.238600467-04:00 level=info msg="Update check succeeded" duration=49.328819ms
logger=grafana.update.checker t=2025-05-05T18:47:42.364626349-04:00 level=info msg="Update check succeeded" duration=69.899238ms
logger=cleanup t=2025-05-05T18:57:42.133964998-04:00 level=info msg="Completed cleanup jobs" duration=7.436447ms
logger=plugins.update.checker t=2025-05-05T18:57:42.258512062-04:00 level=info msg="Update check succeeded" duration=68.475561ms
logger=grafana.update.checker t=2025-05-05T18:57:42.364342567-04:00 level=info msg="Update check succeeded" duration=69.570136ms
logger=infra.usagestats t=2025-05-05T18:58:35.149021701-04:00 level=info msg="Usage stats are ready to report"
logger=cleanup t=2025-05-05T19:07:42.136123423-04:00 level=info msg="Completed cleanup jobs" duration=9.009818ms
logger=plugins.update.checker t=2025-05-05T19:07:42.238906169-04:00 level=info msg="Update check succeeded" duration=49.832847ms
logger=grafana.update.checker t=2025-05-05T19:07:42.360453505-04:00 level=info msg="Update check succeeded" duration=66.184434ms
logger=cleanup t=2025-05-05T19:17:42.13582473-04:00 level=info msg="Completed cleanup jobs" duration=8.886204ms
logger=plugins.update.checker t=2025-05-05T19:17:42.238304643-04:00 level=info msg="Update check succeeded" duration=48.752021ms
logger=grafana.update.checker t=2025-05-05T19:17:42.362102908-04:00 level=info msg="Update check succeeded" duration=67.77796ms
logger=cleanup t=2025-05-05T19:27:42.133933102-04:00 level=info msg="Completed cleanup jobs" duration=7.262328ms
logger=plugins.update.checker t=2025-05-05T19:27:42.241740625-04:00 level=info msg="Update check succeeded" duration=52.007565ms
logger=grafana.update.checker t=2025-05-05T19:27:42.366797017-04:00 level=info msg="Update check succeeded" duration=71.899513ms
logger=infra.usagestats t=2025-05-05T19:28:35.148548645-04:00 level=info msg="Usage stats are ready to report"
logger=cleanup t=2025-05-05T19:37:42.135035503-04:00 level=info msg="Completed cleanup jobs" duration=7.719513ms
logger=plugins.update.checker t=2025-05-05T19:37:42.240478176-04:00 level=info msg="Update check succeeded" duration=51.41633ms
logger=grafana.update.checker t=2025-05-05T19:37:42.386206908-04:00 level=info msg="Update check succeeded" duration=91.279563ms
logger=cleanup t=2025-05-05T19:47:42.135999645-04:00 level=info msg="Completed cleanup jobs" duration=9.013169ms
logger=plugins.update.checker t=2025-05-05T19:47:42.239302286-04:00 level=info msg="Update check succeeded" duration=49.513206ms
logger=grafana.update.checker t=2025-05-05T19:47:42.36417973-04:00 level=info msg="Update check succeeded" duration=69.831514ms
logger=cleanup t=2025-05-05T19:57:42.133349912-04:00 level=info msg="Completed cleanup jobs" duration=7.15141ms
logger=plugins.update.checker t=2025-05-05T19:57:42.242136328-04:00 level=info msg="Update check succeeded" duration=52.487717ms
logger=grafana.update.checker t=2025-05-05T19:57:42.360752638-04:00 level=info msg="Update check succeeded" duration=66.357611ms
logger=infra.usagestats t=2025-05-05T19:58:35.15046386-04:00 level=info msg="Usage stats are ready to report"
logger=cleanup t=2025-05-05T20:07:42.133864703-04:00 level=info msg="Completed cleanup jobs" duration=7.460066ms
logger=plugins.update.checker t=2025-05-05T20:07:42.239408891-04:00 level=info msg="Update check succeeded" duration=50.371616ms
logger=grafana.update.checker t=2025-05-05T20:07:42.392090869-04:00 level=info msg="Update check succeeded" duration=97.572655ms
logger=cleanup t=2025-05-05T20:17:42.135209197-04:00 level=info msg="Completed cleanup jobs" duration=7.192455ms
logger=plugins.update.checker t=2025-05-05T20:17:42.242278889-04:00 level=info msg="Update check succeeded" duration=52.463934ms
logger=grafana.update.checker t=2025-05-05T20:17:42.362477768-04:00 level=info msg="Update check succeeded" duration=68.289212ms
logger=cleanup t=2025-05-05T20:27:42.161187349-04:00 level=info msg="Completed cleanup jobs" duration=34.939368ms
logger=plugins.update.checker t=2025-05-05T20:27:42.233993091-04:00 level=info msg="Update check succeeded" duration=44.488688ms
logger=grafana.update.checker t=2025-05-05T20:27:42.428243627-04:00 level=info msg="Update check succeeded" duration=133.295854ms
logger=infra.usagestats t=2025-05-05T20:28:35.148017523-04:00 level=info msg="Usage stats are ready to report"
logger=cleanup t=2025-05-05T20:37:42.134992281-04:00 level=info msg="Completed cleanup jobs" duration=7.157378ms
logger=plugins.update.checker t=2025-05-05T20:37:42.240963829-04:00 level=info msg="Update check succeeded" duration=51.191097ms
logger=grafana.update.checker t=2025-05-05T20:37:42.360756752-04:00 level=info msg="Update check succeeded" duration=66.491935ms
logger=cleanup t=2025-05-05T20:47:42.135113592-04:00 level=info msg="Completed cleanup jobs" duration=8.44031ms
logger=plugins.update.checker t=2025-05-05T20:47:42.238517758-04:00 level=info msg="Update check succeeded" duration=48.741615ms
logger=grafana.update.checker t=2025-05-05T20:47:42.36228228-04:00 level=info msg="Update check succeeded" duration=67.515993ms
logger=cleanup t=2025-05-05T20:57:42.134203512-04:00 level=info msg="Completed cleanup jobs" duration=7.540912ms
logger=plugins.update.checker t=2025-05-05T20:57:42.241871914-04:00 level=info msg="Update check succeeded" duration=52.948717ms
logger=grafana.update.checker t=2025-05-05T20:57:42.361972402-04:00 level=info msg="Update check succeeded" duration=66.786327ms
logger=infra.usagestats t=2025-05-05T20:58:35.148698629-04:00 level=info msg="Usage stats are ready to report"
logger=cleanup t=2025-05-05T21:07:42.134281762-04:00 level=info msg="Completed cleanup jobs" duration=7.384308ms
logger=plugins.update.checker t=2025-05-05T21:07:42.247840597-04:00 level=info msg="Update check succeeded" duration=58.009066ms
logger=grafana.update.checker t=2025-05-05T21:07:42.363014814-04:00 level=info msg="Update check succeeded" duration=67.984828ms
logger=cleanup t=2025-05-05T21:17:42.13503916-04:00 level=info msg="Completed cleanup jobs" duration=8.755792ms
logger=plugins.update.checker t=2025-05-05T21:17:42.245627484-04:00 level=info msg="Update check succeeded" duration=56.231171ms
logger=grafana.update.checker t=2025-05-05T21:17:42.362862016-04:00 level=info msg="Update check succeeded" duration=68.217817ms
logger=cleanup t=2025-05-05T21:27:42.133594744-04:00 level=info msg="Completed cleanup jobs" duration=6.050569ms
logger=plugins.update.checker t=2025-05-05T21:27:42.239849736-04:00 level=info msg="Update check succeeded" duration=50.144479ms
logger=grafana.update.checker t=2025-05-05T21:27:42.401549009-04:00 level=info msg="Update check succeeded" duration=106.720668ms
logger=infra.usagestats t=2025-05-05T21:28:35.148204804-04:00 level=info msg="Usage stats are ready to report"
logger=cleanup t=2025-05-05T21:37:42.138328381-04:00 level=info msg="Completed cleanup jobs" duration=11.826925ms
logger=plugins.update.checker t=2025-05-05T21:37:42.242532372-04:00 level=info msg="Update check succeeded" duration=52.604836ms
logger=grafana.update.checker t=2025-05-05T21:37:42.363170958-04:00 level=info msg="Update check succeeded" duration=68.621873ms
logger=ngalert.multiorg.alertmanager t=2025-05-05T21:44:03.857935142-04:00 level=error msg="Failed to apply Alertmanager config for org" org=1 id=1 error="unable to apply configuration: attempt to write a readonly database"
logger=cleanup t=2025-05-05T21:47:42.135146147-04:00 level=info msg="Completed cleanup jobs" duration=8.344294ms
logger=login_attempt t=2025-05-05T21:47:42.139172095-04:00 level=error msg="Failed to lock and execute cleanup of old login attempts" error="attempt to write a readonly database"
logger=plugins.update.checker t=2025-05-05T21:47:42.240373862-04:00 level=info msg="Update check succeeded" duration=50.893416ms
logger=grafana.update.checker t=2025-05-05T21:47:42.374823453-04:00 level=info msg="Update check succeeded" duration=80.532107ms
logger=cleanup t=2025-05-05T21:57:42.134600123-04:00 level=info msg="Completed cleanup jobs" duration=7.398233ms
logger=login_attempt t=2025-05-05T21:57:42.139393632-04:00 level=error msg="Failed to lock and execute cleanup of old login attempts" error="attempt to write a readonly database"
logger=plugins.update.checker t=2025-05-05T21:57:42.242427155-04:00 level=info msg="Update check succeeded" duration=52.915548ms
logger=grafana.update.checker t=2025-05-05T21:57:42.363967121-04:00 level=info msg="Update check succeeded" duration=69.141936ms
logger=infra.usagestats t=2025-05-05T21:58:35.164541207-04:00 level=info msg="Usage stats are ready to report"
logger=cleanup t=2025-05-05T22:07:42.135616765-04:00 level=info msg="Completed cleanup jobs" duration=7.943497ms
logger=login_attempt t=2025-05-05T22:07:42.139648687-04:00 level=error msg="Failed to lock and execute cleanup of old login attempts" error="attempt to write a readonly database"
logger=plugins.update.checker t=2025-05-05T22:07:42.241099236-04:00 level=info msg="Update check succeeded" duration=51.470297ms
logger=grafana.update.checker t=2025-05-05T22:07:42.362651246-04:00 level=info msg="Update check succeeded" duration=68.153638ms
logger=cleanup t=2025-05-05T22:17:42.134001537-04:00 level=info msg="Completed cleanup jobs" duration=6.228702ms
logger=login_attempt t=2025-05-05T22:17:42.139501536-04:00 level=error msg="Failed to lock and execute cleanup of old login attempts" error="attempt to write a readonly database"
logger=plugins.update.checker t=2025-05-05T22:17:42.239783664-04:00 level=info msg="Update check succeeded" duration=50.327029ms
logger=grafana.update.checker t=2025-05-05T22:17:42.36202525-04:00 level=info msg="Update check succeeded" duration=67.230843ms
