ts=2025-05-02T18:27:41.897Z caller=main.go:573 level=info msg="No time or size retention was set so using the default time retention" duration=15d
ts=2025-05-02T18:27:41.897Z caller=main.go:617 level=info msg="Starting Prometheus Server" mode=server version="(version=2.52.0, branch=HEAD, revision=879d80922a227c37df502e7315fad8ceb10a986d)"
ts=2025-05-02T18:27:41.897Z caller=main.go:622 level=info build_context="(go=go1.22.3, platform=linux/amd64, user=root@1b4f4c206e41, date=20240508-21:56:43, tags=netgo,builtinassets,stringlabels)"
ts=2025-05-02T18:27:41.897Z caller=main.go:623 level=info host_details="(Linux 5.14.0-503.23.1.el9_5.x86_64 #1 SMP PREEMPT_DYNAMIC Mon Jan 20 10:19:28 EST 2025 x86_64 RHEL9.xVM (none))"
ts=2025-05-02T18:27:41.897Z caller=main.go:624 level=info fd_limits="(soft=524288, hard=524288)"
ts=2025-05-02T18:27:41.897Z caller=main.go:625 level=info vm_limits="(soft=unlimited, hard=unlimited)"
ts=2025-05-02T18:27:41.906Z caller=web.go:568 level=info component=web msg="Start listening for connections" address=0.0.0.0:9090
ts=2025-05-02T18:27:41.907Z caller=main.go:1129 level=info msg="Starting TSDB ..."
ts=2025-05-02T18:27:41.908Z caller=tls_config.go:313 level=info component=web msg="Listening on" address=[::]:9090
ts=2025-05-02T18:27:41.908Z caller=tls_config.go:316 level=info component=web msg="TLS is disabled." http2=false address=[::]:9090
ts=2025-05-02T18:27:41.908Z caller=repair.go:56 level=info component=tsdb msg="Found healthy block" mint=1744610401739 maxt=1744675200000 ulid=01JRVX33ET4CKQQ86281F1XGMC
ts=2025-05-02T18:27:41.908Z caller=repair.go:56 level=info component=tsdb msg="Found healthy block" mint=1744675201739 maxt=1744740000000 ulid=01JRXTWMKDF8T8GC4JRPRWS5ZB
ts=2025-05-02T18:27:41.908Z caller=repair.go:56 level=info component=tsdb msg="Found healthy block" mint=1744740001735 maxt=1744804800000 ulid=01JRZRP5XQ3HBGNADP29HCM3PX
ts=2025-05-02T18:27:41.908Z caller=repair.go:56 level=info component=tsdb msg="Found healthy block" mint=1744804801739 maxt=1744869600000 ulid=01JS1PFQ2NYD8FKFE8J27TBXSP
ts=2025-05-02T18:27:41.908Z caller=repair.go:56 level=info component=tsdb msg="Found healthy block" mint=1744869601739 maxt=1744934400000 ulid=01JS3M98E2A7AJQVKNVKN73G0S
ts=2025-05-02T18:27:41.908Z caller=repair.go:56 level=info component=tsdb msg="Found healthy block" mint=1744934401739 maxt=1744999200000 ulid=01JS5J2S9P929QCEHK8G0ZEY4H
ts=2025-05-02T18:27:41.908Z caller=repair.go:56 level=info component=tsdb msg="Found healthy block" mint=1744999201735 maxt=1745064000000 ulid=01JS7FWAMCT2GWRRR1N6F31SYW
ts=2025-05-02T18:27:41.908Z caller=repair.go:56 level=info component=tsdb msg="Found healthy block" mint=1745064001735 maxt=1745128800000 ulid=01JS9DNW33FFPZ0HH40SXSTS2P
ts=2025-05-02T18:27:41.908Z caller=repair.go:56 level=info component=tsdb msg="Found healthy block" mint=1745128801738 maxt=1745193600000 ulid=01JSBBFDE65VK2F30WMVM2C50R
ts=2025-05-02T18:27:41.908Z caller=repair.go:56 level=info component=tsdb msg="Found healthy block" mint=1745193601739 maxt=1745258400000 ulid=01JSD98YK56BTQW9GFGFB9559F
ts=2025-05-02T18:27:41.908Z caller=repair.go:56 level=info component=tsdb msg="Found healthy block" mint=1745258401739 maxt=1745323200000 ulid=01JSF72FY11AQ50B6XJFRYN7AS
ts=2025-05-02T18:27:41.908Z caller=repair.go:56 level=info component=tsdb msg="Found healthy block" mint=1745323201735 maxt=1745388000000 ulid=01JSH4W12XABQA6PK62X4DYK72
ts=2025-05-02T18:27:41.908Z caller=repair.go:56 level=info component=tsdb msg="Found healthy block" mint=1745388001739 maxt=1745452800000 ulid=01JSK2NJ3V749CWP4A3Y52WDPQ
ts=2025-05-02T18:27:41.908Z caller=repair.go:56 level=info component=tsdb msg="Found healthy block" mint=1745452801739 maxt=1745517600000 ulid=01JSN0F37GSDV4PHJ8E85XQ69B
ts=2025-05-02T18:27:41.908Z caller=repair.go:56 level=info component=tsdb msg="Found healthy block" mint=1745517601739 maxt=1745582400000 ulid=01JSPY8MKBB2X0BCNAW3HS5VFT
ts=2025-05-02T18:27:41.908Z caller=repair.go:56 level=info component=tsdb msg="Found healthy block" mint=1745582401738 maxt=1745647200000 ulid=01JSRW262VJ09EAD9EWMWEWGZ7
ts=2025-05-02T18:27:41.909Z caller=repair.go:56 level=info component=tsdb msg="Found healthy block" mint=1745647201735 maxt=1745712000000 ulid=01JSTSVQ4YYBBCHA9EYG6AJB2A
ts=2025-05-02T18:27:41.909Z caller=repair.go:56 level=info component=tsdb msg="Found healthy block" mint=1745712001739 maxt=1745776800000 ulid=01JSWQN88RQ6Q0FN0QH2TDJBZN
ts=2025-05-02T18:27:41.909Z caller=repair.go:56 level=info component=tsdb msg="Found healthy block" mint=1745776801735 maxt=1745841600000 ulid=01JSYNESYXRN0HTHN77JM7RVYQ
ts=2025-05-02T18:27:41.909Z caller=repair.go:56 level=info component=tsdb msg="Found healthy block" mint=1745841601738 maxt=1745906400000 ulid=01JT0K8B33CFSE08DH0W1BV9JC
ts=2025-05-02T18:27:41.909Z caller=repair.go:56 level=info component=tsdb msg="Found healthy block" mint=1745928001738 maxt=1745935200000 ulid=01JT10ZS30RZEDGP07GFZ5W4RF
ts=2025-05-02T18:27:41.909Z caller=repair.go:56 level=info component=tsdb msg="Found healthy block" mint=1745935200000 maxt=1745942400000 ulid=01JT8T9P1A6KPPWRSFRGJT8FZC
ts=2025-05-02T18:27:41.909Z caller=repair.go:56 level=info component=tsdb msg="Found healthy block" mint=1745942401739 maxt=1745949600000 ulid=01JT8T9P3MG076YK0S3Z0F7T34
ts=2025-05-02T18:27:41.909Z caller=repair.go:56 level=info component=tsdb msg="Found healthy block" mint=1745906401737 maxt=1745928000000 ulid=01JT8T9PA0VX0PDQZ9Q9C68AM3
ts=2025-05-02T18:27:41.923Z caller=head.go:616 level=info component=tsdb msg="Replaying on-disk memory mappable chunks if any"
ts=2025-05-02T18:27:41.926Z caller=head.go:703 level=info component=tsdb msg="On-disk memory mappable chunks replay completed" duration=2.849797ms
ts=2025-05-02T18:27:41.926Z caller=head.go:711 level=info component=tsdb msg="Replaying WAL, this may take a while"
ts=2025-05-02T18:27:42.004Z caller=head_wal.go:424 level=warn component=tsdb msg="Unknown series references" samples=1098317 exemplars=0 histograms=0 metadata=0
ts=2025-05-02T18:27:42.004Z caller=head.go:748 level=info component=tsdb msg="WAL checkpoint loaded"
ts=2025-05-02T18:27:42.051Z caller=head.go:783 level=info component=tsdb msg="WAL segment loaded" segment=221 maxSegment=225
ts=2025-05-02T18:27:42.052Z caller=head.go:783 level=info component=tsdb msg="WAL segment loaded" segment=222 maxSegment=225
ts=2025-05-02T18:27:42.105Z caller=head.go:783 level=info component=tsdb msg="WAL segment loaded" segment=223 maxSegment=225
ts=2025-05-02T18:27:42.110Z caller=head.go:783 level=info component=tsdb msg="WAL segment loaded" segment=224 maxSegment=225
ts=2025-05-02T18:27:42.110Z caller=head.go:783 level=info component=tsdb msg="WAL segment loaded" segment=225 maxSegment=225
ts=2025-05-02T18:27:42.110Z caller=head.go:820 level=info component=tsdb msg="WAL replay completed" checkpoint_replay_duration=77.371018ms wal_replay_duration=106.78256ms wbl_replay_duration=165ns chunk_snapshot_load_duration=0s mmap_chunk_replay_duration=2.849797ms total_replay_duration=187.054278ms
ts=2025-05-02T18:27:42.113Z caller=main.go:1150 level=info fs_type=XFS_SUPER_MAGIC
ts=2025-05-02T18:27:42.113Z caller=main.go:1153 level=info msg="TSDB started"
ts=2025-05-02T18:27:42.113Z caller=main.go:1335 level=info msg="Loading configuration file" filename=/home/EValenc6/owl-monitoring/prometheus/prometheus.yml
ts=2025-05-02T18:27:42.118Z caller=main.go:1372 level=info msg="Completed loading of configuration file" filename=/home/EValenc6/owl-monitoring/prometheus/prometheus.yml totalDuration=5.093641ms db_storage=1.533µs remote_storage=1.658µs web_handler=519ns query_engine=737ns scrape=4.691515ms scrape_sd=72.17µs notify=31.02µs notify_sd=8.898µs rules=1.845µs tracing=6.285µs
ts=2025-05-02T18:27:42.118Z caller=main.go:1114 level=info msg="Server is ready to receive web requests."
ts=2025-05-02T18:27:42.119Z caller=manager.go:163 level=info component="rule manager" msg="Starting rule manager..."
ts=2025-05-02T18:27:51.777Z caller=compact.go:567 level=info component=tsdb msg="write block resulted in empty block" mint=1745949600000 maxt=1745956800000 duration=16.008125ms
ts=2025-05-02T18:27:51.780Z caller=head.go:1345 level=info component=tsdb msg="Head GC completed" caller=truncateMemory duration=2.2961ms
ts=2025-05-02T18:27:51.780Z caller=checkpoint.go:101 level=info component=tsdb msg="Creating checkpoint" from_segment=221 to_segment=223 mint=1745956800000
ts=2025-05-02T18:27:51.944Z caller=head.go:1307 level=info component=tsdb msg="WAL checkpoint complete" first=221 last=223 duration=164.524243ms
ts=2025-05-02T18:37:02.133Z caller=compact.go:576 level=info component=tsdb msg="write block" mint=1746200221734 maxt=1746201600000 ulid=01JT94K98SKPMY3KZQTAWD40TY duration=27.221026ms ooo=false
ts=2025-05-02T18:37:02.134Z caller=db.go:1680 level=info component=tsdb msg="Deleting obsolete block" block=01JRVX33ET4CKQQ86281F1XGMC
ts=2025-05-02T18:37:02.135Z caller=db.go:1680 level=info component=tsdb msg="Deleting obsolete block" block=01JRZRP5XQ3HBGNADP29HCM3PX
ts=2025-05-02T18:37:02.136Z caller=db.go:1680 level=info component=tsdb msg="Deleting obsolete block" block=01JS1PFQ2NYD8FKFE8J27TBXSP
ts=2025-05-02T18:37:02.137Z caller=db.go:1680 level=info component=tsdb msg="Deleting obsolete block" block=01JRXTWMKDF8T8GC4JRPRWS5ZB
ts=2025-05-02T18:37:02.140Z caller=head.go:1345 level=info component=tsdb msg="Head GC completed" caller=truncateMemory duration=2.355475ms
ts=2025-05-02T19:00:02.148Z caller=compact.go:576 level=info component=tsdb msg="write block" mint=1746201601734 maxt=1746208800000 ulid=01JT95XCXRDZ41V90XN9ZS21Z8 duration=44.123909ms ooo=false
ts=2025-05-02T19:00:02.150Z caller=head.go:1345 level=info component=tsdb msg="Head GC completed" caller=truncateMemory duration=2.051868ms
ts=2025-05-02T19:00:02.151Z caller=checkpoint.go:101 level=info component=tsdb msg="Creating checkpoint" from_segment=224 to_segment=225 mint=1746208800000
ts=2025-05-02T19:00:02.227Z caller=head.go:1307 level=info component=tsdb msg="WAL checkpoint complete" first=224 last=225 duration=76.466786ms
ts=2025-05-02T19:00:02.309Z caller=compact.go:514 level=info component=tsdb msg="compact blocks" count=3 mint=1745928001738 maxt=1745949600000 ulid=01JT95XD1KBHAHDH77ZCQNR73D sources="[01JT10ZS30RZEDGP07GFZ5W4RF 01JT8T9P1A6KPPWRSFRGJT8FZC 01JT8T9P3MG076YK0S3Z0F7T34]" duration=81.268417ms
ts=2025-05-02T19:00:02.310Z caller=db.go:1680 level=info component=tsdb msg="Deleting obsolete block" block=01JT8T9P1A6KPPWRSFRGJT8FZC
ts=2025-05-02T19:00:02.312Z caller=db.go:1680 level=info component=tsdb msg="Deleting obsolete block" block=01JT10ZS30RZEDGP07GFZ5W4RF
ts=2025-05-02T19:00:02.314Z caller=db.go:1680 level=info component=tsdb msg="Deleting obsolete block" block=01JT8T9P3MG076YK0S3Z0F7T34
ts=2025-05-02T19:00:02.406Z caller=compact.go:514 level=info component=tsdb msg="compact blocks" count=2 mint=1745906401737 maxt=1745949600000 ulid=01JT95XD4BZB4SJ9KRFC2K457V sources="[01JT8T9PA0VX0PDQZ9Q9C68AM3 01JT95XD1KBHAHDH77ZCQNR73D]" duration=91.056656ms
ts=2025-05-02T19:00:02.407Z caller=db.go:1680 level=info component=tsdb msg="Deleting obsolete block" block=01JT95XD1KBHAHDH77ZCQNR73D
ts=2025-05-02T19:00:02.409Z caller=db.go:1680 level=info component=tsdb msg="Deleting obsolete block" block=01JT8T9PA0VX0PDQZ9Q9C68AM3
ts=2025-05-02T21:00:01.814Z caller=compact.go:576 level=info component=tsdb msg="write block" mint=1746208801732 maxt=1746216000000 ulid=01JT9CS3TQE32ZA4941BYBHCFK duration=62.34964ms ooo=false
ts=2025-05-02T21:00:01.819Z caller=head.go:1345 level=info component=tsdb msg="Head GC completed" caller=truncateMemory duration=4.10912ms
ts=2025-05-02T23:00:02.165Z caller=compact.go:576 level=info component=tsdb msg="write block" mint=1746216001732 maxt=1746223200000 ulid=01JT9KMVDQJ412FDSEXCXAJ17H duration=61.610811ms ooo=false
ts=2025-05-02T23:00:02.169Z caller=head.go:1345 level=info component=tsdb msg="Head GC completed" caller=truncateMemory duration=2.721832ms
ts=2025-05-02T23:00:02.169Z caller=checkpoint.go:101 level=info component=tsdb msg="Creating checkpoint" from_segment=226 to_segment=227 mint=1746223200000
ts=2025-05-02T23:00:02.193Z caller=head.go:1307 level=info component=tsdb msg="WAL checkpoint complete" first=226 last=227 duration=24.429813ms
ts=2025-05-02T23:00:02.234Z caller=compact.go:514 level=info component=tsdb msg="compact blocks" count=2 mint=1746200221734 maxt=1746208800000 ulid=01JT9KMVGJSS6CB1EJE9D94HZR sources="[01JT94K98SKPMY3KZQTAWD40TY 01JT95XCXRDZ41V90XN9ZS21Z8]" duration=39.817835ms
ts=2025-05-02T23:00:02.235Z caller=db.go:1680 level=info component=tsdb msg="Deleting obsolete block" block=01JT94K98SKPMY3KZQTAWD40TY
ts=2025-05-02T23:00:02.236Z caller=db.go:1680 level=info component=tsdb msg="Deleting obsolete block" block=01JT95XCXRDZ41V90XN9ZS21Z8
ts=2025-05-03T01:00:01.825Z caller=compact.go:576 level=info component=tsdb msg="write block" mint=1746223201732 maxt=1746230400000 ulid=01JT9TGJB1DRCBBZRREM2QNV0V duration=64.542666ms ooo=false
ts=2025-05-03T01:00:01.827Z caller=db.go:1680 level=info component=tsdb msg="Deleting obsolete block" block=01JS3M98E2A7AJQVKNVKN73G0S
ts=2025-05-03T01:00:01.830Z caller=head.go:1345 level=info component=tsdb msg="Head GC completed" caller=truncateMemory duration=3.471756ms
ts=2025-05-03T03:00:02.168Z caller=compact.go:576 level=info component=tsdb msg="write block" mint=1746230401736 maxt=1746237600000 ulid=01JTA1C9XSD2WK7W3R48Z1CSCF duration=62.839393ms ooo=false
ts=2025-05-03T03:00:02.172Z caller=head.go:1345 level=info component=tsdb msg="Head GC completed" caller=truncateMemory duration=2.761604ms
ts=2025-05-03T03:00:02.172Z caller=checkpoint.go:101 level=info component=tsdb msg="Creating checkpoint" from_segment=228 to_segment=229 mint=1746237600000
ts=2025-05-03T03:00:02.265Z caller=head.go:1307 level=info component=tsdb msg="WAL checkpoint complete" first=228 last=229 duration=93.323299ms
ts=2025-05-03T05:00:01.817Z caller=compact.go:576 level=info component=tsdb msg="write block" mint=1746237601736 maxt=1746244800000 ulid=01JTA880TZ3SSK67XZX94PRKCR duration=58.182879ms ooo=false
ts=2025-05-03T05:00:01.821Z caller=head.go:1345 level=info component=tsdb msg="Head GC completed" caller=truncateMemory duration=2.831416ms
ts=2025-05-03T05:00:01.910Z caller=compact.go:514 level=info component=tsdb msg="compact blocks" count=3 mint=1746208801732 maxt=1746230400000 ulid=01JTA880WY813YGFHDSSFRJTP8 sources="[01JT9CS3TQE32ZA4941BYBHCFK 01JT9KMVDQJ412FDSEXCXAJ17H 01JT9TGJB1DRCBBZRREM2QNV0V]" duration=88.118378ms
ts=2025-05-03T05:00:01.912Z caller=db.go:1680 level=info component=tsdb msg="Deleting obsolete block" block=01JT9CS3TQE32ZA4941BYBHCFK
ts=2025-05-03T05:00:01.913Z caller=db.go:1680 level=info component=tsdb msg="Deleting obsolete block" block=01JT9KMVDQJ412FDSEXCXAJ17H
ts=2025-05-03T05:00:01.914Z caller=db.go:1680 level=info component=tsdb msg="Deleting obsolete block" block=01JT9TGJB1DRCBBZRREM2QNV0V
ts=2025-05-03T05:00:01.975Z caller=compact.go:514 level=info component=tsdb msg="compact blocks" count=2 mint=1746200221734 maxt=1746230400000 ulid=01JTA880ZTXEW3911CCMPJHHDD sources="[01JT9KMVGJSS6CB1EJE9D94HZR 01JTA880WY813YGFHDSSFRJTP8]" duration=60.583822ms
ts=2025-05-03T05:00:01.977Z caller=db.go:1680 level=info component=tsdb msg="Deleting obsolete block" block=01JTA880WY813YGFHDSSFRJTP8
ts=2025-05-03T05:00:01.978Z caller=db.go:1680 level=info component=tsdb msg="Deleting obsolete block" block=01JT9KMVGJSS6CB1EJE9D94HZR
ts=2025-05-03T07:00:01.818Z caller=compact.go:576 level=info component=tsdb msg="write block" mint=1746244801736 maxt=1746252000000 ulid=01JTAF3R2Z03T7NFJPAFNK0MFW duration=58.335172ms ooo=false
ts=2025-05-03T07:00:01.822Z caller=head.go:1345 level=info component=tsdb msg="Head GC completed" caller=truncateMemory duration=3.004477ms
ts=2025-05-03T07:00:01.822Z caller=checkpoint.go:101 level=info component=tsdb msg="Creating checkpoint" from_segment=230 to_segment=231 mint=1746252000000
ts=2025-05-03T07:00:01.911Z caller=head.go:1307 level=info component=tsdb msg="WAL checkpoint complete" first=230 last=231 duration=89.180893ms
ts=2025-05-03T09:00:02.165Z caller=compact.go:576 level=info component=tsdb msg="write block" mint=1746252001737 maxt=1746259200000 ulid=01JTANZFNRY5NTKXP2T77KFZYD duration=61.527679ms ooo=false
ts=2025-05-03T09:00:02.169Z caller=head.go:1345 level=info component=tsdb msg="Head GC completed" caller=truncateMemory duration=2.760655ms
ts=2025-05-03T11:00:01.817Z caller=compact.go:576 level=info component=tsdb msg="write block" mint=1746259201732 maxt=1746266400000 ulid=01JTAWV6JZ47W2X8RV0Q7EP15B duration=58.109502ms ooo=false
ts=2025-05-03T11:00:01.822Z caller=head.go:1345 level=info component=tsdb msg="Head GC completed" caller=truncateMemory duration=3.130235ms
ts=2025-05-03T11:00:01.823Z caller=checkpoint.go:101 level=info component=tsdb msg="Creating checkpoint" from_segment=232 to_segment=233 mint=1746266400000
ts=2025-05-03T11:00:01.917Z caller=head.go:1307 level=info component=tsdb msg="WAL checkpoint complete" first=232 last=233 duration=94.793636ms
ts=2025-05-03T11:00:01.994Z caller=compact.go:514 level=info component=tsdb msg="compact blocks" count=3 mint=1746230401736 maxt=1746252000000 ulid=01JTAWV6QYC47F6VVNMYDG3S4Y sources="[01JTA1C9XSD2WK7W3R48Z1CSCF 01JTA880TZ3SSK67XZX94PRKCR 01JTAF3R2Z03T7NFJPAFNK0MFW]" duration=76.160367ms
ts=2025-05-03T11:00:01.996Z caller=db.go:1680 level=info component=tsdb msg="Deleting obsolete block" block=01JTA880TZ3SSK67XZX94PRKCR
ts=2025-05-03T11:00:01.997Z caller=db.go:1680 level=info component=tsdb msg="Deleting obsolete block" block=01JTAF3R2Z03T7NFJPAFNK0MFW
ts=2025-05-03T11:00:01.998Z caller=db.go:1680 level=info component=tsdb msg="Deleting obsolete block" block=01JTA1C9XSD2WK7W3R48Z1CSCF
ts=2025-05-03T13:00:01.812Z caller=compact.go:576 level=info component=tsdb msg="write block" mint=1746266401732 maxt=1746273600000 ulid=01JTB3PXTVAJ4A36PR1VV2Z8DB duration=56.230628ms ooo=false
ts=2025-05-03T13:00:01.815Z caller=head.go:1345 level=info component=tsdb msg="Head GC completed" caller=truncateMemory duration=2.657305ms
ts=2025-05-03T15:00:02.163Z caller=compact.go:576 level=info component=tsdb msg="write block" mint=1746273601736 maxt=1746280800000 ulid=01JTBAJNDRYPJ02WF7194J6EN1 duration=58.24763ms ooo=false
ts=2025-05-03T15:00:02.167Z caller=head.go:1345 level=info component=tsdb msg="Head GC completed" caller=truncateMemory duration=3.096632ms
ts=2025-05-03T15:00:02.168Z caller=checkpoint.go:101 level=info component=tsdb msg="Creating checkpoint" from_segment=234 to_segment=235 mint=1746280800000
ts=2025-05-03T15:00:02.269Z caller=head.go:1307 level=info component=tsdb msg="WAL checkpoint complete" first=234 last=235 duration=101.731609ms
ts=2025-05-03T17:00:02.161Z caller=compact.go:576 level=info component=tsdb msg="write block" mint=1746280801732 maxt=1746288000000 ulid=01JTBHECNS0XDQAWTS7BP3C69V duration=56.856194ms ooo=false
ts=2025-05-03T17:00:02.165Z caller=head.go:1345 level=info component=tsdb msg="Head GC completed" caller=truncateMemory duration=2.904937ms
ts=2025-05-03T17:00:02.262Z caller=compact.go:514 level=info component=tsdb msg="compact blocks" count=3 mint=1746252001737 maxt=1746273600000 ulid=01JTBHECQQDWYG8PE7VNMN8A2V sources="[01JTANZFNRY5NTKXP2T77KFZYD 01JTAWV6JZ47W2X8RV0Q7EP15B 01JTB3PXTVAJ4A36PR1VV2Z8DB]" duration=95.130749ms
ts=2025-05-03T17:00:02.264Z caller=db.go:1680 level=info component=tsdb msg="Deleting obsolete block" block=01JTANZFNRY5NTKXP2T77KFZYD
ts=2025-05-03T17:00:02.265Z caller=db.go:1680 level=info component=tsdb msg="Deleting obsolete block" block=01JTB3PXTVAJ4A36PR1VV2Z8DB
ts=2025-05-03T17:00:02.266Z caller=db.go:1680 level=info component=tsdb msg="Deleting obsolete block" block=01JTAWV6JZ47W2X8RV0Q7EP15B
ts=2025-05-03T19:00:02.164Z caller=compact.go:576 level=info component=tsdb msg="write block" mint=1746288001732 maxt=1746295200000 ulid=01JTBRA3XQNW0KYTCCA651GJMR duration=60.55501ms ooo=false
ts=2025-05-03T19:00:02.165Z caller=db.go:1680 level=info component=tsdb msg="Deleting obsolete block" block=01JS5J2S9P929QCEHK8G0ZEY4H
ts=2025-05-03T19:00:02.168Z caller=head.go:1345 level=info component=tsdb msg="Head GC completed" caller=truncateMemory duration=2.814678ms
ts=2025-05-03T19:00:02.169Z caller=checkpoint.go:101 level=info component=tsdb msg="Creating checkpoint" from_segment=236 to_segment=237 mint=1746295200000
ts=2025-05-03T19:00:02.263Z caller=head.go:1307 level=info component=tsdb msg="WAL checkpoint complete" first=236 last=237 duration=93.87703ms
ts=2025-05-03T21:00:02.170Z caller=compact.go:576 level=info component=tsdb msg="write block" mint=1746295201736 maxt=1746302400000 ulid=01JTBZ5V5RGZX6HXJ4TDVAJFB5 duration=65.644271ms ooo=false
ts=2025-05-03T21:00:02.174Z caller=head.go:1345 level=info component=tsdb msg="Head GC completed" caller=truncateMemory duration=3.030637ms
ts=2025-05-03T23:00:01.810Z caller=compact.go:576 level=info component=tsdb msg="write block" mint=1746302401732 maxt=1746309600000 ulid=01JTC61J2VM2910PEZTZVG5V2M duration=54.314001ms ooo=false
ts=2025-05-03T23:00:01.813Z caller=head.go:1345 level=info component=tsdb msg="Head GC completed" caller=truncateMemory duration=2.531653ms
ts=2025-05-03T23:00:01.814Z caller=checkpoint.go:101 level=info component=tsdb msg="Creating checkpoint" from_segment=238 to_segment=239 mint=1746309600000
ts=2025-05-03T23:00:01.903Z caller=head.go:1307 level=info component=tsdb msg="WAL checkpoint complete" first=238 last=239 duration=89.300139ms
ts=2025-05-03T23:00:01.997Z caller=compact.go:514 level=info component=tsdb msg="compact blocks" count=3 mint=1746273601736 maxt=1746295200000 ulid=01JTC61J7GVSXKS86XTHX64S90 sources="[01JTBAJNDRYPJ02WF7194J6EN1 01JTBHECNS0XDQAWTS7BP3C69V 01JTBRA3XQNW0KYTCCA651GJMR]" duration=93.038144ms
ts=2025-05-03T23:00:01.999Z caller=db.go:1680 level=info component=tsdb msg="Deleting obsolete block" block=01JTBHECNS0XDQAWTS7BP3C69V
ts=2025-05-03T23:00:02.000Z caller=db.go:1680 level=info component=tsdb msg="Deleting obsolete block" block=01JTBAJNDRYPJ02WF7194J6EN1
ts=2025-05-03T23:00:02.001Z caller=db.go:1680 level=info component=tsdb msg="Deleting obsolete block" block=01JTBRA3XQNW0KYTCCA651GJMR
ts=2025-05-03T23:00:02.156Z caller=compact.go:514 level=info component=tsdb msg="compact blocks" count=3 mint=1746230401736 maxt=1746295200000 ulid=01JTC61JAJBHMY5KD66Q468E7R sources="[01JTAWV6QYC47F6VVNMYDG3S4Y 01JTBHECQQDWYG8PE7VNMN8A2V 01JTC61J7GVSXKS86XTHX64S90]" duration=154.855773ms
ts=2025-05-03T23:00:02.160Z caller=db.go:1680 level=info component=tsdb msg="Deleting obsolete block" block=01JTC61J7GVSXKS86XTHX64S90
ts=2025-05-03T23:00:02.162Z caller=db.go:1680 level=info component=tsdb msg="Deleting obsolete block" block=01JTBHECQQDWYG8PE7VNMN8A2V
ts=2025-05-03T23:00:02.164Z caller=db.go:1680 level=info component=tsdb msg="Deleting obsolete block" block=01JTAWV6QYC47F6VVNMYDG3S4Y
ts=2025-05-04T01:00:02.160Z caller=compact.go:576 level=info component=tsdb msg="write block" mint=1746309601737 maxt=1746316800000 ulid=01JTCCX9NTV2CT0HEFB34Y1D2A duration=53.455311ms ooo=false
ts=2025-05-04T01:00:02.163Z caller=head.go:1345 level=info component=tsdb msg="Head GC completed" caller=truncateMemory duration=2.562432ms
ts=2025-05-04T03:00:02.160Z caller=compact.go:576 level=info component=tsdb msg="write block" mint=1746316801732 maxt=1746324000000 ulid=01JTCKS0XSZ572K5PMA3CCD1TQ duration=55.193033ms ooo=false
ts=2025-05-04T03:00:02.164Z caller=head.go:1345 level=info component=tsdb msg="Head GC completed" caller=truncateMemory duration=2.705529ms
ts=2025-05-04T03:00:02.165Z caller=checkpoint.go:101 level=info component=tsdb msg="Creating checkpoint" from_segment=240 to_segment=241 mint=1746324000000
ts=2025-05-04T03:00:02.256Z caller=head.go:1307 level=info component=tsdb msg="WAL checkpoint complete" first=240 last=241 duration=91.678429ms
ts=2025-05-04T05:00:02.157Z caller=compact.go:576 level=info component=tsdb msg="write block" mint=1746324001737 maxt=1746331200000 ulid=01JTCTMR5RWC8E9AJWERAM9ZF9 duration=52.753398ms ooo=false
ts=2025-05-04T05:00:02.160Z caller=head.go:1345 level=info component=tsdb msg="Head GC completed" caller=truncateMemory duration=2.57094ms
ts=2025-05-04T05:00:02.251Z caller=compact.go:514 level=info component=tsdb msg="compact blocks" count=3 mint=1746295201736 maxt=1746316800000 ulid=01JTCTMR7JB2SGRY6DMV6NS178 sources="[01JTBZ5V5RGZX6HXJ4TDVAJFB5 01JTC61J2VM2910PEZTZVG5V2M 01JTCCX9NTV2CT0HEFB34Y1D2A]" duration=89.505477ms
ts=2025-05-04T05:00:02.254Z caller=db.go:1680 level=info component=tsdb msg="Deleting obsolete block" block=01JTCCX9NTV2CT0HEFB34Y1D2A
ts=2025-05-04T05:00:02.255Z caller=db.go:1680 level=info component=tsdb msg="Deleting obsolete block" block=01JTC61J2VM2910PEZTZVG5V2M
ts=2025-05-04T05:00:02.256Z caller=db.go:1680 level=info component=tsdb msg="Deleting obsolete block" block=01JTBZ5V5RGZX6HXJ4TDVAJFB5
ts=2025-05-04T07:00:01.807Z caller=compact.go:576 level=info component=tsdb msg="write block" mint=1746331201736 maxt=1746338400000 ulid=01JTD1GF2Y555E0NTX1XHTR010 duration=48.652515ms ooo=false
ts=2025-05-04T07:00:01.815Z caller=head.go:1345 level=info component=tsdb msg="Head GC completed" caller=truncateMemory duration=5.370032ms
ts=2025-05-04T07:00:01.816Z caller=checkpoint.go:101 level=info component=tsdb msg="Creating checkpoint" from_segment=242 to_segment=243 mint=1746338400000
ts=2025-05-04T07:00:01.904Z caller=head.go:1307 level=info component=tsdb msg="WAL checkpoint complete" first=242 last=243 duration=88.576897ms
ts=2025-05-04T09:00:01.813Z caller=compact.go:576 level=info component=tsdb msg="write block" mint=1746338401732 maxt=1746345600000 ulid=01JTD8C6AYSQTX11BFQWRAE2PP duration=54.529793ms ooo=false
ts=2025-05-04T09:00:01.817Z caller=head.go:1345 level=info component=tsdb msg="Head GC completed" caller=truncateMemory duration=3.084431ms
ts=2025-05-04T11:00:02.166Z caller=compact.go:576 level=info component=tsdb msg="write block" mint=1746345601736 maxt=1746352800000 ulid=01JTDF7XXTQRSF1DM36XYY5JNY duration=60.227044ms ooo=false
ts=2025-05-04T11:00:02.171Z caller=head.go:1345 level=info component=tsdb msg="Head GC completed" caller=truncateMemory duration=3.26621ms
ts=2025-05-04T11:00:02.171Z caller=checkpoint.go:101 level=info component=tsdb msg="Creating checkpoint" from_segment=244 to_segment=245 mint=1746352800000
ts=2025-05-04T11:00:02.292Z caller=head.go:1307 level=info component=tsdb msg="WAL checkpoint complete" first=244 last=245 duration=120.621028ms
ts=2025-05-04T11:00:02.364Z caller=compact.go:514 level=info component=tsdb msg="compact blocks" count=3 mint=1746316801732 maxt=1746338400000 ulid=01JTDF7Y3MDN1C5Y1B6M4TD3FE sources="[01JTCKS0XSZ572K5PMA3CCD1TQ 01JTCTMR5RWC8E9AJWERAM9ZF9 01JTD1GF2Y555E0NTX1XHTR010]" duration=71.259381ms
ts=2025-05-04T11:00:02.366Z caller=db.go:1680 level=info component=tsdb msg="Deleting obsolete block" block=01JTD1GF2Y555E0NTX1XHTR010
ts=2025-05-04T11:00:02.367Z caller=db.go:1680 level=info component=tsdb msg="Deleting obsolete block" block=01JTCKS0XSZ572K5PMA3CCD1TQ
ts=2025-05-04T11:00:02.368Z caller=db.go:1680 level=info component=tsdb msg="Deleting obsolete block" block=01JTCTMR5RWC8E9AJWERAM9ZF9
ts=2025-05-04T13:00:01.813Z caller=compact.go:576 level=info component=tsdb msg="write block" mint=1746352801732 maxt=1746360000000 ulid=01JTDP3MTWT3JX5R6E3DJZ0WTV duration=57.707318ms ooo=false
ts=2025-05-04T13:00:01.815Z caller=db.go:1680 level=info component=tsdb msg="Deleting obsolete block" block=01JS7FWAMCT2GWRRR1N6F31SYW
ts=2025-05-04T13:00:01.818Z caller=head.go:1345 level=info component=tsdb msg="Head GC completed" caller=truncateMemory duration=3.189083ms
ts=2025-05-04T15:00:02.169Z caller=compact.go:576 level=info component=tsdb msg="write block" mint=1746360001736 maxt=1746367200000 ulid=01JTDWZCDRE313BEW3PYSN8XXM duration=64.326071ms ooo=false
ts=2025-05-04T15:00:02.172Z caller=head.go:1345 level=info component=tsdb msg="Head GC completed" caller=truncateMemory duration=2.660079ms
ts=2025-05-04T15:00:02.173Z caller=checkpoint.go:101 level=info component=tsdb msg="Creating checkpoint" from_segment=246 to_segment=247 mint=1746367200000
ts=2025-05-04T15:00:02.265Z caller=head.go:1307 level=info component=tsdb msg="WAL checkpoint complete" first=246 last=247 duration=92.068487ms
ts=2025-05-04T17:00:02.163Z caller=compact.go:576 level=info component=tsdb msg="write block" mint=1746367201732 maxt=1746374400000 ulid=01JTE3V3NT2BBK3J7YWV4ZARE5 duration=57.628911ms ooo=false
ts=2025-05-04T17:00:02.167Z caller=head.go:1345 level=info component=tsdb msg="Head GC completed" caller=truncateMemory duration=2.587928ms
ts=2025-05-04T17:00:02.256Z caller=compact.go:514 level=info component=tsdb msg="compact blocks" count=3 mint=1746338401732 maxt=1746360000000 ulid=01JTE3V3QR385BBXE662BS9TJJ sources="[01JTD8C6AYSQTX11BFQWRAE2PP 01JTDF7XXTQRSF1DM36XYY5JNY 01JTDP3MTWT3JX5R6E3DJZ0WTV]" duration=88.009392ms
ts=2025-05-04T17:00:02.258Z caller=db.go:1680 level=info component=tsdb msg="Deleting obsolete block" block=01JTDP3MTWT3JX5R6E3DJZ0WTV
ts=2025-05-04T17:00:02.258Z caller=db.go:1680 level=info component=tsdb msg="Deleting obsolete block" block=01JTDF7XXTQRSF1DM36XYY5JNY
ts=2025-05-04T17:00:02.259Z caller=db.go:1680 level=info component=tsdb msg="Deleting obsolete block" block=01JTD8C6AYSQTX11BFQWRAE2PP
ts=2025-05-04T17:00:02.425Z caller=compact.go:514 level=info component=tsdb msg="compact blocks" count=3 mint=1746295201736 maxt=1746360000000 ulid=01JTE3V3TMTBQNWTA4SHZJSKJD sources="[01JTCTMR7JB2SGRY6DMV6NS178 01JTDF7Y3MDN1C5Y1B6M4TD3FE 01JTE3V3QR385BBXE662BS9TJJ]" duration=165.679644ms
ts=2025-05-04T17:00:02.429Z caller=db.go:1680 level=info component=tsdb msg="Deleting obsolete block" block=01JTDF7Y3MDN1C5Y1B6M4TD3FE
ts=2025-05-04T17:00:02.431Z caller=db.go:1680 level=info component=tsdb msg="Deleting obsolete block" block=01JTE3V3QR385BBXE662BS9TJJ
ts=2025-05-04T17:00:02.433Z caller=db.go:1680 level=info component=tsdb msg="Deleting obsolete block" block=01JTCTMR7JB2SGRY6DMV6NS178
ts=2025-05-04T19:00:01.819Z caller=compact.go:576 level=info component=tsdb msg="write block" mint=1746374401732 maxt=1746381600000 ulid=01JTEAPTJZESZXTJ403AZCPJTV duration=60.105701ms ooo=false
ts=2025-05-04T19:00:01.822Z caller=head.go:1345 level=info component=tsdb msg="Head GC completed" caller=truncateMemory duration=2.806209ms
ts=2025-05-04T19:00:01.823Z caller=checkpoint.go:101 level=info component=tsdb msg="Creating checkpoint" from_segment=248 to_segment=249 mint=1746381600000
ts=2025-05-04T19:00:01.914Z caller=head.go:1307 level=info component=tsdb msg="WAL checkpoint complete" first=248 last=249 duration=91.383592ms
ts=2025-05-04T21:00:02.162Z caller=compact.go:576 level=info component=tsdb msg="write block" mint=1746381601736 maxt=1746388800000 ulid=01JTEHJJ5RB9QBPXG51QCKXNVM duration=57.52466ms ooo=false
ts=2025-05-04T21:00:02.165Z caller=head.go:1345 level=info component=tsdb msg="Head GC completed" caller=truncateMemory duration=2.613015ms
ts=2025-05-04T23:00:02.160Z caller=compact.go:576 level=info component=tsdb msg="write block" mint=1746388801732 maxt=1746396000000 ulid=01JTERE9DRNB0D9CBE786CSV66 duration=55.434397ms ooo=false
ts=2025-05-04T23:00:02.164Z caller=head.go:1345 level=info component=tsdb msg="Head GC completed" caller=truncateMemory duration=2.759857ms
ts=2025-05-04T23:00:02.164Z caller=checkpoint.go:101 level=info component=tsdb msg="Creating checkpoint" from_segment=250 to_segment=251 mint=1746396000000
ts=2025-05-04T23:00:02.255Z caller=head.go:1307 level=info component=tsdb msg="WAL checkpoint complete" first=250 last=251 duration=90.687817ms
ts=2025-05-04T23:00:02.329Z caller=compact.go:514 level=info component=tsdb msg="compact blocks" count=3 mint=1746360001736 maxt=1746381600000 ulid=01JTERE9JFMANHKESDCYCBR52J sources="[01JTDWZCDRE313BEW3PYSN8XXM 01JTE3V3NT2BBK3J7YWV4ZARE5 01JTEAPTJZESZXTJ403AZCPJTV]" duration=73.461377ms
ts=2025-05-04T23:00:02.331Z caller=db.go:1680 level=info component=tsdb msg="Deleting obsolete block" block=01JTE3V3NT2BBK3J7YWV4ZARE5
ts=2025-05-04T23:00:02.331Z caller=db.go:1680 level=info component=tsdb msg="Deleting obsolete block" block=01JTEAPTJZESZXTJ403AZCPJTV
ts=2025-05-04T23:00:02.332Z caller=db.go:1680 level=info component=tsdb msg="Deleting obsolete block" block=01JTDWZCDRE313BEW3PYSN8XXM
ts=2025-05-05T01:00:01.815Z caller=compact.go:576 level=info component=tsdb msg="write block" mint=1746396001736 maxt=1746403200000 ulid=01JTEZA0AX7T9JEAMN8G0PWPFT duration=58.393364ms ooo=false
ts=2025-05-05T01:00:01.819Z caller=head.go:1345 level=info component=tsdb msg="Head GC completed" caller=truncateMemory duration=2.581638ms
ts=2025-05-05T03:00:02.164Z caller=compact.go:576 level=info component=tsdb msg="write block" mint=1746403201736 maxt=1746410400000 ulid=01JTF65QXT66ZSB0CSM0DAKY9R duration=58.465801ms ooo=false
ts=2025-05-05T03:00:02.168Z caller=head.go:1345 level=info component=tsdb msg="Head GC completed" caller=truncateMemory duration=2.72395ms
ts=2025-05-05T03:00:02.169Z caller=checkpoint.go:101 level=info component=tsdb msg="Creating checkpoint" from_segment=252 to_segment=253 mint=1746410400000
ts=2025-05-05T03:00:02.261Z caller=head.go:1307 level=info component=tsdb msg="WAL checkpoint complete" first=252 last=253 duration=91.928787ms
ts=2025-05-05T05:00:02.160Z caller=compact.go:576 level=info component=tsdb msg="write block" mint=1746410401736 maxt=1746417600000 ulid=01JTFD1F5MT5TN63NJD0RK0Y07 duration=59.534074ms ooo=false
ts=2025-05-05T05:00:02.164Z caller=head.go:1345 level=info component=tsdb msg="Head GC completed" caller=truncateMemory duration=2.697672ms
ts=2025-05-05T05:00:02.252Z caller=compact.go:514 level=info component=tsdb msg="compact blocks" count=3 mint=1746381601736 maxt=1746403200000 ulid=01JTFD1F7N4PMVM6HYSV0QP3EF sources="[01JTEHJJ5RB9QBPXG51QCKXNVM 01JTERE9DRNB0D9CBE786CSV66 01JTEZA0AX7T9JEAMN8G0PWPFT]" duration=86.576448ms
ts=2025-05-05T05:00:02.254Z caller=db.go:1680 level=info component=tsdb msg="Deleting obsolete block" block=01JTEZA0AX7T9JEAMN8G0PWPFT
ts=2025-05-05T05:00:02.254Z caller=db.go:1680 level=info component=tsdb msg="Deleting obsolete block" block=01JTEHJJ5RB9QBPXG51QCKXNVM
ts=2025-05-05T05:00:02.256Z caller=db.go:1680 level=info component=tsdb msg="Deleting obsolete block" block=01JTERE9DRNB0D9CBE786CSV66
ts=2025-05-05T07:00:02.169Z caller=compact.go:576 level=info component=tsdb msg="write block" mint=1746417601736 maxt=1746424800000 ulid=01JTFKX6DSNN355JPTH9TG32MT duration=64.817611ms ooo=false
ts=2025-05-05T07:00:02.171Z caller=db.go:1680 level=info component=tsdb msg="Deleting obsolete block" block=01JS9DNW33FFPZ0HH40SXSTS2P
ts=2025-05-05T07:00:02.174Z caller=head.go:1345 level=info component=tsdb msg="Head GC completed" caller=truncateMemory duration=2.781894ms
ts=2025-05-05T07:00:02.174Z caller=checkpoint.go:101 level=info component=tsdb msg="Creating checkpoint" from_segment=254 to_segment=255 mint=1746424800000
ts=2025-05-05T07:00:02.265Z caller=head.go:1307 level=info component=tsdb msg="WAL checkpoint complete" first=254 last=255 duration=90.254376ms
ts=2025-05-05T09:00:02.163Z caller=compact.go:576 level=info component=tsdb msg="write block" mint=1746424801737 maxt=1746432000000 ulid=01JTFTRXNSS94X5FAR7MAY196Q duration=58.631463ms ooo=false
ts=2025-05-05T09:00:02.167Z caller=head.go:1345 level=info component=tsdb msg="Head GC completed" caller=truncateMemory duration=2.764336ms
ts=2025-05-05T11:00:01.818Z caller=compact.go:576 level=info component=tsdb msg="write block" mint=1746432001732 maxt=1746439200000 ulid=01JTG1MMK0HCMVN50T7SNHEGYJ duration=57.384454ms ooo=false
ts=2025-05-05T11:00:01.821Z caller=head.go:1345 level=info component=tsdb msg="Head GC completed" caller=truncateMemory duration=2.793999ms
ts=2025-05-05T11:00:01.822Z caller=checkpoint.go:101 level=info component=tsdb msg="Creating checkpoint" from_segment=256 to_segment=257 mint=1746439200000
ts=2025-05-05T11:00:01.940Z caller=head.go:1307 level=info component=tsdb msg="WAL checkpoint complete" first=256 last=257 duration=117.840686ms
ts=2025-05-05T11:00:02.032Z caller=compact.go:514 level=info component=tsdb msg="compact blocks" count=3 mint=1746403201736 maxt=1746424800000 ulid=01JTG1MMRMFPBRF1XVNYPYH5RK sources="[01JTF65QXT66ZSB0CSM0DAKY9R 01JTFD1F5MT5TN63NJD0RK0Y07 01JTFKX6DSNN355JPTH9TG32MT]" duration=91.34943ms
ts=2025-05-05T11:00:02.034Z caller=db.go:1680 level=info component=tsdb msg="Deleting obsolete block" block=01JTF65QXT66ZSB0CSM0DAKY9R
ts=2025-05-05T11:00:02.035Z caller=db.go:1680 level=info component=tsdb msg="Deleting obsolete block" block=01JTFD1F5MT5TN63NJD0RK0Y07
ts=2025-05-05T11:00:02.036Z caller=db.go:1680 level=info component=tsdb msg="Deleting obsolete block" block=01JTFKX6DSNN355JPTH9TG32MT
ts=2025-05-05T11:00:02.194Z caller=compact.go:514 level=info component=tsdb msg="compact blocks" count=3 mint=1746360001736 maxt=1746424800000 ulid=01JTG1MMVM0SJRWA8EAS96Z4RS sources="[01JTERE9JFMANHKESDCYCBR52J 01JTFD1F7N4PMVM6HYSV0QP3EF 01JTG1MMRMFPBRF1XVNYPYH5RK]" duration=157.44472ms
ts=2025-05-05T11:00:02.201Z caller=db.go:1680 level=info component=tsdb msg="Deleting obsolete block" block=01JTERE9JFMANHKESDCYCBR52J
ts=2025-05-05T11:00:02.203Z caller=db.go:1680 level=info component=tsdb msg="Deleting obsolete block" block=01JTG1MMRMFPBRF1XVNYPYH5RK
ts=2025-05-05T11:00:02.206Z caller=db.go:1680 level=info component=tsdb msg="Deleting obsolete block" block=01JTFD1F7N4PMVM6HYSV0QP3EF
ts=2025-05-05T13:00:01.811Z caller=compact.go:576 level=info component=tsdb msg="write block" mint=1746439201735 maxt=1746446400000 ulid=01JTG8GBTW0SXJ8VR64V3Z44Z4 duration=55.385604ms ooo=false
ts=2025-05-05T13:00:01.815Z caller=head.go:1345 level=info component=tsdb msg="Head GC completed" caller=truncateMemory duration=2.625079ms
ts=2025-05-05T15:00:02.158Z caller=compact.go:576 level=info component=tsdb msg="write block" mint=1746446401736 maxt=1746453600000 ulid=01JTGFC3DRKKPM0AQZA5QT0R7C duration=53.256432ms ooo=false
ts=2025-05-05T15:00:02.161Z caller=head.go:1345 level=info component=tsdb msg="Head GC completed" caller=truncateMemory duration=2.602545ms
ts=2025-05-05T15:00:02.162Z caller=checkpoint.go:101 level=info component=tsdb msg="Creating checkpoint" from_segment=258 to_segment=259 mint=1746453600000
ts=2025-05-05T15:00:02.278Z caller=head.go:1307 level=info component=tsdb msg="WAL checkpoint complete" first=258 last=259 duration=116.802527ms
ts=2025-05-05T17:00:02.148Z caller=compact.go:576 level=info component=tsdb msg="write block" mint=1746453601737 maxt=1746460800000 ulid=01JTGP7TNQK3SNEDJEEAN8WWRS duration=45.518225ms ooo=false
ts=2025-05-05T17:00:02.151Z caller=head.go:1345 level=info component=tsdb msg="Head GC completed" caller=truncateMemory duration=1.866663ms
ts=2025-05-05T17:00:02.215Z caller=compact.go:514 level=info component=tsdb msg="compact blocks" count=3 mint=1746424801737 maxt=1746446400000 ulid=01JTGP7TQ86TBG0QZC8DGD64TC sources="[01JTFTRXNSS94X5FAR7MAY196Q 01JTG1MMK0HCMVN50T7SNHEGYJ 01JTG8GBTW0SXJ8VR64V3Z44Z4]" duration=62.349567ms
ts=2025-05-05T17:00:02.216Z caller=db.go:1680 level=info component=tsdb msg="Deleting obsolete block" block=01JTFTRXNSS94X5FAR7MAY196Q
ts=2025-05-05T17:00:02.217Z caller=db.go:1680 level=info component=tsdb msg="Deleting obsolete block" block=01JTG8GBTW0SXJ8VR64V3Z44Z4
ts=2025-05-05T17:00:02.218Z caller=db.go:1680 level=info component=tsdb msg="Deleting obsolete block" block=01JTG1MMK0HCMVN50T7SNHEGYJ
ts=2025-05-05T19:00:02.153Z caller=compact.go:576 level=info component=tsdb msg="write block" mint=1746460801732 maxt=1746468000000 ulid=01JTGX3HXRKZE85DHWFN50PFJ6 duration=49.048655ms ooo=false
ts=2025-05-05T19:00:02.156Z caller=head.go:1345 level=info component=tsdb msg="Head GC completed" caller=truncateMemory duration=1.9346ms
ts=2025-05-05T19:00:02.156Z caller=checkpoint.go:101 level=info component=tsdb msg="Creating checkpoint" from_segment=260 to_segment=261 mint=1746468000000
ts=2025-05-05T19:00:02.242Z caller=head.go:1307 level=info component=tsdb msg="WAL checkpoint complete" first=260 last=261 duration=85.666538ms
ts=2025-05-05T21:00:02.166Z caller=compact.go:576 level=info component=tsdb msg="write block" mint=1746468001736 maxt=1746475200000 ulid=01JTH3Z95S9CQM7ESH8XAC1RCR duration=60.669202ms ooo=false
ts=2025-05-05T21:00:02.170Z caller=head.go:1345 level=info component=tsdb msg="Head GC completed" caller=truncateMemory duration=2.849752ms
ts=2025-05-05T23:00:01.839Z caller=compact.go:576 level=info component=tsdb msg="write block" mint=1746475201735 maxt=1746482400000 ulid=01JTHAV02XDTX3SR8JP6FRV51X duration=81.531765ms ooo=false
ts=2025-05-05T23:00:01.843Z caller=head.go:1345 level=info component=tsdb msg="Head GC completed" caller=truncateMemory duration=3.206963ms
ts=2025-05-05T23:00:01.844Z caller=checkpoint.go:101 level=info component=tsdb msg="Creating checkpoint" from_segment=262 to_segment=263 mint=1746482400000
ts=2025-05-05T23:00:01.934Z caller=head.go:1307 level=info component=tsdb msg="WAL checkpoint complete" first=262 last=263 duration=90.232152ms
ts=2025-05-05T23:00:02.011Z caller=compact.go:514 level=info component=tsdb msg="compact blocks" count=3 mint=1746446401736 maxt=1746468000000 ulid=01JTHAV08FQX11MJRWKM8WF2JH sources="[01JTGFC3DRKKPM0AQZA5QT0R7C 01JTGP7TNQK3SNEDJEEAN8WWRS 01JTGX3HXRKZE85DHWFN50PFJ6]" duration=75.861065ms
ts=2025-05-05T23:00:02.013Z caller=db.go:1680 level=info component=tsdb msg="Deleting obsolete block" block=01JTGX3HXRKZE85DHWFN50PFJ6
ts=2025-05-05T23:00:02.013Z caller=db.go:1680 level=info component=tsdb msg="Deleting obsolete block" block=01JTGP7TNQK3SNEDJEEAN8WWRS
ts=2025-05-05T23:00:02.014Z caller=db.go:1680 level=info component=tsdb msg="Deleting obsolete block" block=01JTGFC3DRKKPM0AQZA5QT0R7C
ts=2025-05-06T01:00:01.820Z caller=compact.go:576 level=info component=tsdb msg="write block" mint=1746482401736 maxt=1746489600000 ulid=01JTHHPQAXBYXBP380E7CGCFHN duration=62.380572ms ooo=false
ts=2025-05-06T01:00:01.821Z caller=db.go:1680 level=info component=tsdb msg="Deleting obsolete block" block=01JSBBFDE65VK2F30WMVM2C50R
ts=2025-05-06T01:00:01.824Z caller=head.go:1345 level=info component=tsdb msg="Head GC completed" caller=truncateMemory duration=2.943201ms
ts=2025-05-06T01:46:42.094Z caller=wlog.go:289 level=error component=tsdb msg="Failed to calculate size of \"wal\" dir" err="lstat data/wal: no such file or directory"
ts=2025-05-06T01:46:42.095Z caller=head.go:553 level=error component=tsdb msg="Failed to calculate size of \"chunks_head\" dir" err="lstat data/chunks_head: no such file or directory"
ts=2025-05-06T01:46:47.094Z caller=wlog.go:289 level=error component=tsdb msg="Failed to calculate size of \"wal\" dir" err="lstat data/wal: no such file or directory"
ts=2025-05-06T01:46:47.096Z caller=head.go:553 level=error component=tsdb msg="Failed to calculate size of \"chunks_head\" dir" err="lstat data/chunks_head: no such file or directory"
ts=2025-05-06T01:46:52.094Z caller=wlog.go:289 level=error component=tsdb msg="Failed to calculate size of \"wal\" dir" err="lstat data/wal: no such file or directory"
ts=2025-05-06T01:46:52.095Z caller=head.go:553 level=error component=tsdb msg="Failed to calculate size of \"chunks_head\" dir" err="lstat data/chunks_head: no such file or directory"
ts=2025-05-06T01:46:57.093Z caller=head.go:553 level=error component=tsdb msg="Failed to calculate size of \"chunks_head\" dir" err="lstat data/chunks_head: no such file or directory"
ts=2025-05-06T01:46:57.095Z caller=wlog.go:289 level=error component=tsdb msg="Failed to calculate size of \"wal\" dir" err="lstat data/wal: no such file or directory"
ts=2025-05-06T01:47:02.094Z caller=head.go:553 level=error component=tsdb msg="Failed to calculate size of \"chunks_head\" dir" err="lstat data/chunks_head: no such file or directory"
ts=2025-05-06T01:47:02.095Z caller=wlog.go:289 level=error component=tsdb msg="Failed to calculate size of \"wal\" dir" err="lstat data/wal: no such file or directory"
ts=2025-05-06T01:47:02.116Z caller=db.go:998 level=error component=tsdb msg=reloadBlocks err="find blocks: open data/: no such file or directory"
ts=2025-05-06T01:47:02.117Z caller=db.go:1014 level=error component=tsdb msg="compaction failed" err="plan compaction: open data/: no such file or directory"
ts=2025-05-06T01:47:07.094Z caller=head.go:553 level=error component=tsdb msg="Failed to calculate size of \"chunks_head\" dir" err="lstat data/chunks_head: no such file or directory"
ts=2025-05-06T01:47:07.095Z caller=wlog.go:289 level=error component=tsdb msg="Failed to calculate size of \"wal\" dir" err="lstat data/wal: no such file or directory"
ts=2025-05-06T01:47:12.093Z caller=head.go:553 level=error component=tsdb msg="Failed to calculate size of \"chunks_head\" dir" err="lstat data/chunks_head: no such file or directory"
ts=2025-05-06T01:47:12.094Z caller=wlog.go:289 level=error component=tsdb msg="Failed to calculate size of \"wal\" dir" err="lstat data/wal: no such file or directory"
ts=2025-05-06T01:47:17.093Z caller=wlog.go:289 level=error component=tsdb msg="Failed to calculate size of \"wal\" dir" err="lstat data/wal: no such file or directory"
ts=2025-05-06T01:47:17.094Z caller=head.go:553 level=error component=tsdb msg="Failed to calculate size of \"chunks_head\" dir" err="lstat data/chunks_head: no such file or directory"
ts=2025-05-06T01:47:22.094Z caller=head.go:553 level=error component=tsdb msg="Failed to calculate size of \"chunks_head\" dir" err="lstat data/chunks_head: no such file or directory"
ts=2025-05-06T01:47:22.095Z caller=wlog.go:289 level=error component=tsdb msg="Failed to calculate size of \"wal\" dir" err="lstat data/wal: no such file or directory"
ts=2025-05-06T01:47:27.094Z caller=head.go:553 level=error component=tsdb msg="Failed to calculate size of \"chunks_head\" dir" err="lstat data/chunks_head: no such file or directory"
ts=2025-05-06T01:47:27.095Z caller=wlog.go:289 level=error component=tsdb msg="Failed to calculate size of \"wal\" dir" err="lstat data/wal: no such file or directory"
ts=2025-05-06T01:47:32.093Z caller=head.go:553 level=error component=tsdb msg="Failed to calculate size of \"chunks_head\" dir" err="lstat data/chunks_head: no such file or directory"
ts=2025-05-06T01:47:32.094Z caller=wlog.go:289 level=error component=tsdb msg="Failed to calculate size of \"wal\" dir" err="lstat data/wal: no such file or directory"
ts=2025-05-06T01:47:37.094Z caller=head.go:553 level=error component=tsdb msg="Failed to calculate size of \"chunks_head\" dir" err="lstat data/chunks_head: no such file or directory"
ts=2025-05-06T01:47:37.095Z caller=wlog.go:289 level=error component=tsdb msg="Failed to calculate size of \"wal\" dir" err="lstat data/wal: no such file or directory"
ts=2025-05-06T01:47:42.094Z caller=head.go:553 level=error component=tsdb msg="Failed to calculate size of \"chunks_head\" dir" err="lstat data/chunks_head: no such file or directory"
ts=2025-05-06T01:47:42.096Z caller=wlog.go:289 level=error component=tsdb msg="Failed to calculate size of \"wal\" dir" err="lstat data/wal: no such file or directory"
ts=2025-05-06T01:47:47.094Z caller=head.go:553 level=error component=tsdb msg="Failed to calculate size of \"chunks_head\" dir" err="lstat data/chunks_head: no such file or directory"
ts=2025-05-06T01:47:47.095Z caller=wlog.go:289 level=error component=tsdb msg="Failed to calculate size of \"wal\" dir" err="lstat data/wal: no such file or directory"
ts=2025-05-06T01:47:52.094Z caller=head.go:553 level=error component=tsdb msg="Failed to calculate size of \"chunks_head\" dir" err="lstat data/chunks_head: no such file or directory"
ts=2025-05-06T01:47:52.095Z caller=wlog.go:289 level=error component=tsdb msg="Failed to calculate size of \"wal\" dir" err="lstat data/wal: no such file or directory"
ts=2025-05-06T01:47:57.094Z caller=wlog.go:289 level=error component=tsdb msg="Failed to calculate size of \"wal\" dir" err="lstat data/wal: no such file or directory"
ts=2025-05-06T01:47:57.095Z caller=head.go:553 level=error component=tsdb msg="Failed to calculate size of \"chunks_head\" dir" err="lstat data/chunks_head: no such file or directory"
ts=2025-05-06T01:48:02.093Z caller=head.go:553 level=error component=tsdb msg="Failed to calculate size of \"chunks_head\" dir" err="lstat data/chunks_head: no such file or directory"
ts=2025-05-06T01:48:02.094Z caller=wlog.go:289 level=error component=tsdb msg="Failed to calculate size of \"wal\" dir" err="lstat data/wal: no such file or directory"
ts=2025-05-06T01:48:03.118Z caller=db.go:998 level=error component=tsdb msg=reloadBlocks err="find blocks: open data/: no such file or directory"
ts=2025-05-06T01:48:04.120Z caller=db.go:1014 level=error component=tsdb msg="compaction failed" err="plan compaction: open data/: no such file or directory"
ts=2025-05-06T01:48:07.094Z caller=head.go:553 level=error component=tsdb msg="Failed to calculate size of \"chunks_head\" dir" err="lstat data/chunks_head: no such file or directory"
ts=2025-05-06T01:48:07.095Z caller=wlog.go:289 level=error component=tsdb msg="Failed to calculate size of \"wal\" dir" err="lstat data/wal: no such file or directory"
ts=2025-05-06T01:48:12.093Z caller=head.go:553 level=error component=tsdb msg="Failed to calculate size of \"chunks_head\" dir" err="lstat data/chunks_head: no such file or directory"
ts=2025-05-06T01:48:12.094Z caller=wlog.go:289 level=error component=tsdb msg="Failed to calculate size of \"wal\" dir" err="lstat data/wal: no such file or directory"
ts=2025-05-06T01:48:17.094Z caller=head.go:553 level=error component=tsdb msg="Failed to calculate size of \"chunks_head\" dir" err="lstat data/chunks_head: no such file or directory"
ts=2025-05-06T01:48:17.095Z caller=wlog.go:289 level=error component=tsdb msg="Failed to calculate size of \"wal\" dir" err="lstat data/wal: no such file or directory"
ts=2025-05-06T01:48:22.094Z caller=head.go:553 level=error component=tsdb msg="Failed to calculate size of \"chunks_head\" dir" err="lstat data/chunks_head: no such file or directory"
ts=2025-05-06T01:48:22.096Z caller=wlog.go:289 level=error component=tsdb msg="Failed to calculate size of \"wal\" dir" err="lstat data/wal: no such file or directory"
ts=2025-05-06T01:48:27.094Z caller=wlog.go:289 level=error component=tsdb msg="Failed to calculate size of \"wal\" dir" err="lstat data/wal: no such file or directory"
ts=2025-05-06T01:48:27.095Z caller=head.go:553 level=error component=tsdb msg="Failed to calculate size of \"chunks_head\" dir" err="lstat data/chunks_head: no such file or directory"
ts=2025-05-06T01:48:32.093Z caller=wlog.go:289 level=error component=tsdb msg="Failed to calculate size of \"wal\" dir" err="lstat data/wal: no such file or directory"
ts=2025-05-06T01:48:32.094Z caller=head.go:553 level=error component=tsdb msg="Failed to calculate size of \"chunks_head\" dir" err="lstat data/chunks_head: no such file or directory"
ts=2025-05-06T01:48:37.093Z caller=head.go:553 level=error component=tsdb msg="Failed to calculate size of \"chunks_head\" dir" err="lstat data/chunks_head: no such file or directory"
ts=2025-05-06T01:48:37.094Z caller=wlog.go:289 level=error component=tsdb msg="Failed to calculate size of \"wal\" dir" err="lstat data/wal: no such file or directory"
ts=2025-05-06T01:48:42.094Z caller=head.go:553 level=error component=tsdb msg="Failed to calculate size of \"chunks_head\" dir" err="lstat data/chunks_head: no such file or directory"
ts=2025-05-06T01:48:42.095Z caller=wlog.go:289 level=error component=tsdb msg="Failed to calculate size of \"wal\" dir" err="lstat data/wal: no such file or directory"
ts=2025-05-06T01:48:47.094Z caller=head.go:553 level=error component=tsdb msg="Failed to calculate size of \"chunks_head\" dir" err="lstat data/chunks_head: no such file or directory"
ts=2025-05-06T01:48:47.096Z caller=wlog.go:289 level=error component=tsdb msg="Failed to calculate size of \"wal\" dir" err="lstat data/wal: no such file or directory"
ts=2025-05-06T01:48:52.094Z caller=head.go:553 level=error component=tsdb msg="Failed to calculate size of \"chunks_head\" dir" err="lstat data/chunks_head: no such file or directory"
ts=2025-05-06T01:48:52.095Z caller=wlog.go:289 level=error component=tsdb msg="Failed to calculate size of \"wal\" dir" err="lstat data/wal: no such file or directory"
ts=2025-05-06T01:48:57.093Z caller=wlog.go:289 level=error component=tsdb msg="Failed to calculate size of \"wal\" dir" err="lstat data/wal: no such file or directory"
ts=2025-05-06T01:48:57.094Z caller=head.go:553 level=error component=tsdb msg="Failed to calculate size of \"chunks_head\" dir" err="lstat data/chunks_head: no such file or directory"
ts=2025-05-06T01:49:02.093Z caller=wlog.go:289 level=error component=tsdb msg="Failed to calculate size of \"wal\" dir" err="lstat data/wal: no such file or directory"
ts=2025-05-06T01:49:02.094Z caller=head.go:553 level=error component=tsdb msg="Failed to calculate size of \"chunks_head\" dir" err="lstat data/chunks_head: no such file or directory"
ts=2025-05-06T01:49:06.122Z caller=db.go:998 level=error component=tsdb msg=reloadBlocks err="find blocks: open data/: no such file or directory"
ts=2025-05-06T01:49:07.093Z caller=wlog.go:289 level=error component=tsdb msg="Failed to calculate size of \"wal\" dir" err="lstat data/wal: no such file or directory"
ts=2025-05-06T01:49:07.094Z caller=head.go:553 level=error component=tsdb msg="Failed to calculate size of \"chunks_head\" dir" err="lstat data/chunks_head: no such file or directory"
ts=2025-05-06T01:49:08.124Z caller=db.go:1014 level=error component=tsdb msg="compaction failed" err="plan compaction: open data/: no such file or directory"
ts=2025-05-06T01:49:12.094Z caller=wlog.go:289 level=error component=tsdb msg="Failed to calculate size of \"wal\" dir" err="lstat data/wal: no such file or directory"
ts=2025-05-06T01:49:12.095Z caller=head.go:553 level=error component=tsdb msg="Failed to calculate size of \"chunks_head\" dir" err="lstat data/chunks_head: no such file or directory"
ts=2025-05-06T01:49:17.094Z caller=wlog.go:289 level=error component=tsdb msg="Failed to calculate size of \"wal\" dir" err="lstat data/wal: no such file or directory"
ts=2025-05-06T01:49:17.094Z caller=head.go:553 level=error component=tsdb msg="Failed to calculate size of \"chunks_head\" dir" err="lstat data/chunks_head: no such file or directory"
ts=2025-05-06T01:49:22.094Z caller=head.go:553 level=error component=tsdb msg="Failed to calculate size of \"chunks_head\" dir" err="lstat data/chunks_head: no such file or directory"
ts=2025-05-06T01:49:22.095Z caller=wlog.go:289 level=error component=tsdb msg="Failed to calculate size of \"wal\" dir" err="lstat data/wal: no such file or directory"
ts=2025-05-06T01:49:27.095Z caller=wlog.go:289 level=error component=tsdb msg="Failed to calculate size of \"wal\" dir" err="lstat data/wal: no such file or directory"
ts=2025-05-06T01:49:27.096Z caller=head.go:553 level=error component=tsdb msg="Failed to calculate size of \"chunks_head\" dir" err="lstat data/chunks_head: no such file or directory"
ts=2025-05-06T01:49:32.093Z caller=head.go:553 level=error component=tsdb msg="Failed to calculate size of \"chunks_head\" dir" err="lstat data/chunks_head: no such file or directory"
ts=2025-05-06T01:49:32.095Z caller=wlog.go:289 level=error component=tsdb msg="Failed to calculate size of \"wal\" dir" err="lstat data/wal: no such file or directory"
ts=2025-05-06T01:49:37.093Z caller=head.go:553 level=error component=tsdb msg="Failed to calculate size of \"chunks_head\" dir" err="lstat data/chunks_head: no such file or directory"
ts=2025-05-06T01:49:37.094Z caller=wlog.go:289 level=error component=tsdb msg="Failed to calculate size of \"wal\" dir" err="lstat data/wal: no such file or directory"
ts=2025-05-06T01:49:42.092Z caller=head.go:553 level=error component=tsdb msg="Failed to calculate size of \"chunks_head\" dir" err="lstat data/chunks_head: no such file or directory"
ts=2025-05-06T01:49:42.094Z caller=wlog.go:289 level=error component=tsdb msg="Failed to calculate size of \"wal\" dir" err="lstat data/wal: no such file or directory"
ts=2025-05-06T01:49:47.093Z caller=head.go:553 level=error component=tsdb msg="Failed to calculate size of \"chunks_head\" dir" err="lstat data/chunks_head: no such file or directory"
ts=2025-05-06T01:49:47.095Z caller=wlog.go:289 level=error component=tsdb msg="Failed to calculate size of \"wal\" dir" err="lstat data/wal: no such file or directory"
ts=2025-05-06T01:49:52.094Z caller=head.go:553 level=error component=tsdb msg="Failed to calculate size of \"chunks_head\" dir" err="lstat data/chunks_head: no such file or directory"
ts=2025-05-06T01:49:52.095Z caller=wlog.go:289 level=error component=tsdb msg="Failed to calculate size of \"wal\" dir" err="lstat data/wal: no such file or directory"
ts=2025-05-06T01:49:57.094Z caller=head.go:553 level=error component=tsdb msg="Failed to calculate size of \"chunks_head\" dir" err="lstat data/chunks_head: no such file or directory"
ts=2025-05-06T01:49:57.095Z caller=wlog.go:289 level=error component=tsdb msg="Failed to calculate size of \"wal\" dir" err="lstat data/wal: no such file or directory"
ts=2025-05-06T01:50:02.094Z caller=wlog.go:289 level=error component=tsdb msg="Failed to calculate size of \"wal\" dir" err="lstat data/wal: no such file or directory"
ts=2025-05-06T01:50:02.095Z caller=head.go:553 level=error component=tsdb msg="Failed to calculate size of \"chunks_head\" dir" err="lstat data/chunks_head: no such file or directory"
ts=2025-05-06T01:50:07.094Z caller=head.go:553 level=error component=tsdb msg="Failed to calculate size of \"chunks_head\" dir" err="lstat data/chunks_head: no such file or directory"
ts=2025-05-06T01:50:07.095Z caller=wlog.go:289 level=error component=tsdb msg="Failed to calculate size of \"wal\" dir" err="lstat data/wal: no such file or directory"
ts=2025-05-06T01:50:12.094Z caller=head.go:553 level=error component=tsdb msg="Failed to calculate size of \"chunks_head\" dir" err="lstat data/chunks_head: no such file or directory"
ts=2025-05-06T01:50:12.095Z caller=wlog.go:289 level=error component=tsdb msg="Failed to calculate size of \"wal\" dir" err="lstat data/wal: no such file or directory"
ts=2025-05-06T01:50:12.126Z caller=db.go:998 level=error component=tsdb msg=reloadBlocks err="find blocks: open data/: no such file or directory"
ts=2025-05-06T01:50:16.130Z caller=db.go:1014 level=error component=tsdb msg="compaction failed" err="plan compaction: open data/: no such file or directory"
ts=2025-05-06T01:50:17.095Z caller=head.go:553 level=error component=tsdb msg="Failed to calculate size of \"chunks_head\" dir" err="lstat data/chunks_head: no such file or directory"
ts=2025-05-06T01:50:17.097Z caller=wlog.go:289 level=error component=tsdb msg="Failed to calculate size of \"wal\" dir" err="lstat data/wal: no such file or directory"
ts=2025-05-06T01:50:22.095Z caller=wlog.go:289 level=error component=tsdb msg="Failed to calculate size of \"wal\" dir" err="lstat data/wal: no such file or directory"
ts=2025-05-06T01:50:22.096Z caller=head.go:553 level=error component=tsdb msg="Failed to calculate size of \"chunks_head\" dir" err="lstat data/chunks_head: no such file or directory"
ts=2025-05-06T01:50:27.094Z caller=wlog.go:289 level=error component=tsdb msg="Failed to calculate size of \"wal\" dir" err="lstat data/wal: no such file or directory"
ts=2025-05-06T01:50:27.094Z caller=head.go:553 level=error component=tsdb msg="Failed to calculate size of \"chunks_head\" dir" err="lstat data/chunks_head: no such file or directory"
ts=2025-05-06T01:50:32.094Z caller=wlog.go:289 level=error component=tsdb msg="Failed to calculate size of \"wal\" dir" err="lstat data/wal: no such file or directory"
ts=2025-05-06T01:50:32.095Z caller=head.go:553 level=error component=tsdb msg="Failed to calculate size of \"chunks_head\" dir" err="lstat data/chunks_head: no such file or directory"
ts=2025-05-06T01:50:37.093Z caller=wlog.go:289 level=error component=tsdb msg="Failed to calculate size of \"wal\" dir" err="lstat data/wal: no such file or directory"
ts=2025-05-06T01:50:37.095Z caller=head.go:553 level=error component=tsdb msg="Failed to calculate size of \"chunks_head\" dir" err="lstat data/chunks_head: no such file or directory"
ts=2025-05-06T01:50:42.093Z caller=head.go:553 level=error component=tsdb msg="Failed to calculate size of \"chunks_head\" dir" err="lstat data/chunks_head: no such file or directory"
ts=2025-05-06T01:50:42.094Z caller=wlog.go:289 level=error component=tsdb msg="Failed to calculate size of \"wal\" dir" err="lstat data/wal: no such file or directory"
ts=2025-05-06T01:50:47.094Z caller=head.go:553 level=error component=tsdb msg="Failed to calculate size of \"chunks_head\" dir" err="lstat data/chunks_head: no such file or directory"
ts=2025-05-06T01:50:47.095Z caller=wlog.go:289 level=error component=tsdb msg="Failed to calculate size of \"wal\" dir" err="lstat data/wal: no such file or directory"
ts=2025-05-06T01:50:52.093Z caller=wlog.go:289 level=error component=tsdb msg="Failed to calculate size of \"wal\" dir" err="lstat data/wal: no such file or directory"
ts=2025-05-06T01:50:52.094Z caller=head.go:553 level=error component=tsdb msg="Failed to calculate size of \"chunks_head\" dir" err="lstat data/chunks_head: no such file or directory"
ts=2025-05-06T01:50:57.094Z caller=wlog.go:289 level=error component=tsdb msg="Failed to calculate size of \"wal\" dir" err="lstat data/wal: no such file or directory"
ts=2025-05-06T01:50:57.095Z caller=head.go:553 level=error component=tsdb msg="Failed to calculate size of \"chunks_head\" dir" err="lstat data/chunks_head: no such file or directory"
ts=2025-05-06T01:51:02.092Z caller=wlog.go:289 level=error component=tsdb msg="Failed to calculate size of \"wal\" dir" err="lstat data/wal: no such file or directory"
ts=2025-05-06T01:51:02.094Z caller=head.go:553 level=error component=tsdb msg="Failed to calculate size of \"chunks_head\" dir" err="lstat data/chunks_head: no such file or directory"
ts=2025-05-06T01:51:07.094Z caller=head.go:553 level=error component=tsdb msg="Failed to calculate size of \"chunks_head\" dir" err="lstat data/chunks_head: no such file or directory"
ts=2025-05-06T01:51:07.095Z caller=wlog.go:289 level=error component=tsdb msg="Failed to calculate size of \"wal\" dir" err="lstat data/wal: no such file or directory"
ts=2025-05-06T01:51:12.093Z caller=head.go:553 level=error component=tsdb msg="Failed to calculate size of \"chunks_head\" dir" err="lstat data/chunks_head: no such file or directory"
ts=2025-05-06T01:51:12.094Z caller=wlog.go:289 level=error component=tsdb msg="Failed to calculate size of \"wal\" dir" err="lstat data/wal: no such file or directory"
ts=2025-05-06T01:51:17.093Z caller=head.go:553 level=error component=tsdb msg="Failed to calculate size of \"chunks_head\" dir" err="lstat data/chunks_head: no such file or directory"
ts=2025-05-06T01:51:17.094Z caller=wlog.go:289 level=error component=tsdb msg="Failed to calculate size of \"wal\" dir" err="lstat data/wal: no such file or directory"
ts=2025-05-06T01:51:22.094Z caller=wlog.go:289 level=error component=tsdb msg="Failed to calculate size of \"wal\" dir" err="lstat data/wal: no such file or directory"
ts=2025-05-06T01:51:22.095Z caller=head.go:553 level=error component=tsdb msg="Failed to calculate size of \"chunks_head\" dir" err="lstat data/chunks_head: no such file or directory"
ts=2025-05-06T01:51:24.131Z caller=db.go:998 level=error component=tsdb msg=reloadBlocks err="find blocks: open data/: no such file or directory"
ts=2025-05-06T01:51:27.093Z caller=wlog.go:289 level=error component=tsdb msg="Failed to calculate size of \"wal\" dir" err="lstat data/wal: no such file or directory"
ts=2025-05-06T01:51:27.093Z caller=head.go:553 level=error component=tsdb msg="Failed to calculate size of \"chunks_head\" dir" err="lstat data/chunks_head: no such file or directory"
ts=2025-05-06T01:51:32.093Z caller=wlog.go:289 level=error component=tsdb msg="Failed to calculate size of \"wal\" dir" err="lstat data/wal: no such file or directory"
ts=2025-05-06T01:51:32.094Z caller=head.go:553 level=error component=tsdb msg="Failed to calculate size of \"chunks_head\" dir" err="lstat data/chunks_head: no such file or directory"
ts=2025-05-06T01:51:32.133Z caller=db.go:1014 level=error component=tsdb msg="compaction failed" err="plan compaction: open data/: no such file or directory"
ts=2025-05-06T01:51:37.092Z caller=head.go:553 level=error component=tsdb msg="Failed to calculate size of \"chunks_head\" dir" err="lstat data/chunks_head: no such file or directory"
ts=2025-05-06T01:51:37.093Z caller=wlog.go:289 level=error component=tsdb msg="Failed to calculate size of \"wal\" dir" err="lstat data/wal: no such file or directory"
ts=2025-05-06T01:51:42.094Z caller=head.go:553 level=error component=tsdb msg="Failed to calculate size of \"chunks_head\" dir" err="lstat data/chunks_head: no such file or directory"
ts=2025-05-06T01:51:42.095Z caller=wlog.go:289 level=error component=tsdb msg="Failed to calculate size of \"wal\" dir" err="lstat data/wal: no such file or directory"
ts=2025-05-06T01:51:47.093Z caller=head.go:553 level=error component=tsdb msg="Failed to calculate size of \"chunks_head\" dir" err="lstat data/chunks_head: no such file or directory"
ts=2025-05-06T01:51:47.093Z caller=wlog.go:289 level=error component=tsdb msg="Failed to calculate size of \"wal\" dir" err="lstat data/wal: no such file or directory"
ts=2025-05-06T01:51:52.093Z caller=head.go:553 level=error component=tsdb msg="Failed to calculate size of \"chunks_head\" dir" err="lstat data/chunks_head: no such file or directory"
ts=2025-05-06T01:51:52.094Z caller=wlog.go:289 level=error component=tsdb msg="Failed to calculate size of \"wal\" dir" err="lstat data/wal: no such file or directory"
ts=2025-05-06T01:51:57.093Z caller=wlog.go:289 level=error component=tsdb msg="Failed to calculate size of \"wal\" dir" err="lstat data/wal: no such file or directory"
ts=2025-05-06T01:51:57.094Z caller=head.go:553 level=error component=tsdb msg="Failed to calculate size of \"chunks_head\" dir" err="lstat data/chunks_head: no such file or directory"
ts=2025-05-06T01:52:02.094Z caller=wlog.go:289 level=error component=tsdb msg="Failed to calculate size of \"wal\" dir" err="lstat data/wal: no such file or directory"
ts=2025-05-06T01:52:02.095Z caller=head.go:553 level=error component=tsdb msg="Failed to calculate size of \"chunks_head\" dir" err="lstat data/chunks_head: no such file or directory"
ts=2025-05-06T01:52:07.094Z caller=head.go:553 level=error component=tsdb msg="Failed to calculate size of \"chunks_head\" dir" err="lstat data/chunks_head: no such file or directory"
ts=2025-05-06T01:52:07.095Z caller=wlog.go:289 level=error component=tsdb msg="Failed to calculate size of \"wal\" dir" err="lstat data/wal: no such file or directory"
ts=2025-05-06T01:52:12.093Z caller=head.go:553 level=error component=tsdb msg="Failed to calculate size of \"chunks_head\" dir" err="lstat data/chunks_head: no such file or directory"
ts=2025-05-06T01:52:12.094Z caller=wlog.go:289 level=error component=tsdb msg="Failed to calculate size of \"wal\" dir" err="lstat data/wal: no such file or directory"
ts=2025-05-06T01:52:17.094Z caller=head.go:553 level=error component=tsdb msg="Failed to calculate size of \"chunks_head\" dir" err="lstat data/chunks_head: no such file or directory"
ts=2025-05-06T01:52:17.095Z caller=wlog.go:289 level=error component=tsdb msg="Failed to calculate size of \"wal\" dir" err="lstat data/wal: no such file or directory"
ts=2025-05-06T01:52:22.094Z caller=wlog.go:289 level=error component=tsdb msg="Failed to calculate size of \"wal\" dir" err="lstat data/wal: no such file or directory"
ts=2025-05-06T01:52:22.094Z caller=head.go:553 level=error component=tsdb msg="Failed to calculate size of \"chunks_head\" dir" err="lstat data/chunks_head: no such file or directory"
ts=2025-05-06T01:52:27.093Z caller=head.go:553 level=error component=tsdb msg="Failed to calculate size of \"chunks_head\" dir" err="lstat data/chunks_head: no such file or directory"
ts=2025-05-06T01:52:27.095Z caller=wlog.go:289 level=error component=tsdb msg="Failed to calculate size of \"wal\" dir" err="lstat data/wal: no such file or directory"
ts=2025-05-06T01:52:32.096Z caller=wlog.go:289 level=error component=tsdb msg="Failed to calculate size of \"wal\" dir" err="lstat data/wal: no such file or directory"
ts=2025-05-06T01:52:32.096Z caller=head.go:553 level=error component=tsdb msg="Failed to calculate size of \"chunks_head\" dir" err="lstat data/chunks_head: no such file or directory"
ts=2025-05-06T01:52:37.094Z caller=head.go:553 level=error component=tsdb msg="Failed to calculate size of \"chunks_head\" dir" err="lstat data/chunks_head: no such file or directory"
ts=2025-05-06T01:52:37.095Z caller=wlog.go:289 level=error component=tsdb msg="Failed to calculate size of \"wal\" dir" err="lstat data/wal: no such file or directory"
ts=2025-05-06T01:52:42.093Z caller=wlog.go:289 level=error component=tsdb msg="Failed to calculate size of \"wal\" dir" err="lstat data/wal: no such file or directory"
ts=2025-05-06T01:52:42.094Z caller=head.go:553 level=error component=tsdb msg="Failed to calculate size of \"chunks_head\" dir" err="lstat data/chunks_head: no such file or directory"
ts=2025-05-06T01:52:47.094Z caller=head.go:553 level=error component=tsdb msg="Failed to calculate size of \"chunks_head\" dir" err="lstat data/chunks_head: no such file or directory"
ts=2025-05-06T01:52:47.095Z caller=wlog.go:289 level=error component=tsdb msg="Failed to calculate size of \"wal\" dir" err="lstat data/wal: no such file or directory"
ts=2025-05-06T01:52:48.133Z caller=db.go:998 level=error component=tsdb msg=reloadBlocks err="find blocks: open data/: no such file or directory"
ts=2025-05-06T01:52:52.093Z caller=head.go:553 level=error component=tsdb msg="Failed to calculate size of \"chunks_head\" dir" err="lstat data/chunks_head: no such file or directory"
ts=2025-05-06T01:52:52.094Z caller=wlog.go:289 level=error component=tsdb msg="Failed to calculate size of \"wal\" dir" err="lstat data/wal: no such file or directory"
ts=2025-05-06T01:52:57.093Z caller=wlog.go:289 level=error component=tsdb msg="Failed to calculate size of \"wal\" dir" err="lstat data/wal: no such file or directory"
ts=2025-05-06T01:52:57.094Z caller=head.go:553 level=error component=tsdb msg="Failed to calculate size of \"chunks_head\" dir" err="lstat data/chunks_head: no such file or directory"
ts=2025-05-06T01:53:02.094Z caller=head.go:553 level=error component=tsdb msg="Failed to calculate size of \"chunks_head\" dir" err="lstat data/chunks_head: no such file or directory"
ts=2025-05-06T01:53:02.095Z caller=wlog.go:289 level=error component=tsdb msg="Failed to calculate size of \"wal\" dir" err="lstat data/wal: no such file or directory"
ts=2025-05-06T01:53:04.137Z caller=db.go:1014 level=error component=tsdb msg="compaction failed" err="plan compaction: open data/: no such file or directory"
ts=2025-05-06T01:53:07.093Z caller=wlog.go:289 level=error component=tsdb msg="Failed to calculate size of \"wal\" dir" err="lstat data/wal: no such file or directory"
ts=2025-05-06T01:53:07.093Z caller=head.go:553 level=error component=tsdb msg="Failed to calculate size of \"chunks_head\" dir" err="lstat data/chunks_head: no such file or directory"
ts=2025-05-06T01:53:12.093Z caller=head.go:553 level=error component=tsdb msg="Failed to calculate size of \"chunks_head\" dir" err="lstat data/chunks_head: no such file or directory"
ts=2025-05-06T01:53:12.093Z caller=wlog.go:289 level=error component=tsdb msg="Failed to calculate size of \"wal\" dir" err="lstat data/wal: no such file or directory"
ts=2025-05-06T01:53:17.092Z caller=wlog.go:289 level=error component=tsdb msg="Failed to calculate size of \"wal\" dir" err="lstat data/wal: no such file or directory"
ts=2025-05-06T01:53:17.093Z caller=head.go:553 level=error component=tsdb msg="Failed to calculate size of \"chunks_head\" dir" err="lstat data/chunks_head: no such file or directory"
ts=2025-05-06T01:53:22.094Z caller=head.go:553 level=error component=tsdb msg="Failed to calculate size of \"chunks_head\" dir" err="lstat data/chunks_head: no such file or directory"
ts=2025-05-06T01:53:22.096Z caller=wlog.go:289 level=error component=tsdb msg="Failed to calculate size of \"wal\" dir" err="lstat data/wal: no such file or directory"
ts=2025-05-06T01:53:27.094Z caller=head.go:553 level=error component=tsdb msg="Failed to calculate size of \"chunks_head\" dir" err="lstat data/chunks_head: no such file or directory"
ts=2025-05-06T01:53:27.096Z caller=wlog.go:289 level=error component=tsdb msg="Failed to calculate size of \"wal\" dir" err="lstat data/wal: no such file or directory"
ts=2025-05-06T01:53:32.093Z caller=head.go:553 level=error component=tsdb msg="Failed to calculate size of \"chunks_head\" dir" err="lstat data/chunks_head: no such file or directory"
ts=2025-05-06T01:53:32.094Z caller=wlog.go:289 level=error component=tsdb msg="Failed to calculate size of \"wal\" dir" err="lstat data/wal: no such file or directory"
ts=2025-05-06T01:53:37.094Z caller=head.go:553 level=error component=tsdb msg="Failed to calculate size of \"chunks_head\" dir" err="lstat data/chunks_head: no such file or directory"
ts=2025-05-06T01:53:37.095Z caller=wlog.go:289 level=error component=tsdb msg="Failed to calculate size of \"wal\" dir" err="lstat data/wal: no such file or directory"
ts=2025-05-06T01:53:42.093Z caller=head.go:553 level=error component=tsdb msg="Failed to calculate size of \"chunks_head\" dir" err="lstat data/chunks_head: no such file or directory"
ts=2025-05-06T01:53:42.093Z caller=wlog.go:289 level=error component=tsdb msg="Failed to calculate size of \"wal\" dir" err="lstat data/wal: no such file or directory"
ts=2025-05-06T01:53:47.095Z caller=wlog.go:289 level=error component=tsdb msg="Failed to calculate size of \"wal\" dir" err="lstat data/wal: no such file or directory"
ts=2025-05-06T01:53:47.095Z caller=head.go:553 level=error component=tsdb msg="Failed to calculate size of \"chunks_head\" dir" err="lstat data/chunks_head: no such file or directory"
ts=2025-05-06T01:53:52.094Z caller=wlog.go:289 level=error component=tsdb msg="Failed to calculate size of \"wal\" dir" err="lstat data/wal: no such file or directory"
ts=2025-05-06T01:53:52.095Z caller=head.go:553 level=error component=tsdb msg="Failed to calculate size of \"chunks_head\" dir" err="lstat data/chunks_head: no such file or directory"
ts=2025-05-06T01:53:57.094Z caller=wlog.go:289 level=error component=tsdb msg="Failed to calculate size of \"wal\" dir" err="lstat data/wal: no such file or directory"
ts=2025-05-06T01:53:57.095Z caller=head.go:553 level=error component=tsdb msg="Failed to calculate size of \"chunks_head\" dir" err="lstat data/chunks_head: no such file or directory"
ts=2025-05-06T01:54:02.092Z caller=head.go:553 level=error component=tsdb msg="Failed to calculate size of \"chunks_head\" dir" err="lstat data/chunks_head: no such file or directory"
ts=2025-05-06T01:54:02.093Z caller=wlog.go:289 level=error component=tsdb msg="Failed to calculate size of \"wal\" dir" err="lstat data/wal: no such file or directory"
ts=2025-05-06T01:54:07.093Z caller=wlog.go:289 level=error component=tsdb msg="Failed to calculate size of \"wal\" dir" err="lstat data/wal: no such file or directory"
ts=2025-05-06T01:54:07.093Z caller=head.go:553 level=error component=tsdb msg="Failed to calculate size of \"chunks_head\" dir" err="lstat data/chunks_head: no such file or directory"
ts=2025-05-06T01:54:12.094Z caller=head.go:553 level=error component=tsdb msg="Failed to calculate size of \"chunks_head\" dir" err="lstat data/chunks_head: no such file or directory"
ts=2025-05-06T01:54:12.095Z caller=wlog.go:289 level=error component=tsdb msg="Failed to calculate size of \"wal\" dir" err="lstat data/wal: no such file or directory"
ts=2025-05-06T01:54:17.093Z caller=wlog.go:289 level=error component=tsdb msg="Failed to calculate size of \"wal\" dir" err="lstat data/wal: no such file or directory"
ts=2025-05-06T01:54:17.093Z caller=head.go:553 level=error component=tsdb msg="Failed to calculate size of \"chunks_head\" dir" err="lstat data/chunks_head: no such file or directory"
ts=2025-05-06T01:54:22.092Z caller=head.go:553 level=error component=tsdb msg="Failed to calculate size of \"chunks_head\" dir" err="lstat data/chunks_head: no such file or directory"
ts=2025-05-06T01:54:22.092Z caller=wlog.go:289 level=error component=tsdb msg="Failed to calculate size of \"wal\" dir" err="lstat data/wal: no such file or directory"
ts=2025-05-06T01:54:27.093Z caller=wlog.go:289 level=error component=tsdb msg="Failed to calculate size of \"wal\" dir" err="lstat data/wal: no such file or directory"
ts=2025-05-06T01:54:27.094Z caller=head.go:553 level=error component=tsdb msg="Failed to calculate size of \"chunks_head\" dir" err="lstat data/chunks_head: no such file or directory"
ts=2025-05-06T01:54:32.093Z caller=wlog.go:289 level=error component=tsdb msg="Failed to calculate size of \"wal\" dir" err="lstat data/wal: no such file or directory"
ts=2025-05-06T01:54:32.093Z caller=head.go:553 level=error component=tsdb msg="Failed to calculate size of \"chunks_head\" dir" err="lstat data/chunks_head: no such file or directory"
ts=2025-05-06T01:54:36.138Z caller=db.go:998 level=error component=tsdb msg=reloadBlocks err="find blocks: open data/: no such file or directory"
ts=2025-05-06T01:54:37.092Z caller=head.go:553 level=error component=tsdb msg="Failed to calculate size of \"chunks_head\" dir" err="lstat data/chunks_head: no such file or directory"
ts=2025-05-06T01:54:37.092Z caller=wlog.go:289 level=error component=tsdb msg="Failed to calculate size of \"wal\" dir" err="lstat data/wal: no such file or directory"
ts=2025-05-06T01:54:42.093Z caller=wlog.go:289 level=error component=tsdb msg="Failed to calculate size of \"wal\" dir" err="lstat data/wal: no such file or directory"
ts=2025-05-06T01:54:42.094Z caller=head.go:553 level=error component=tsdb msg="Failed to calculate size of \"chunks_head\" dir" err="lstat data/chunks_head: no such file or directory"
ts=2025-05-06T01:54:47.094Z caller=wlog.go:289 level=error component=tsdb msg="Failed to calculate size of \"wal\" dir" err="lstat data/wal: no such file or directory"
ts=2025-05-06T01:54:47.095Z caller=head.go:553 level=error component=tsdb msg="Failed to calculate size of \"chunks_head\" dir" err="lstat data/chunks_head: no such file or directory"
ts=2025-05-06T01:54:52.093Z caller=wlog.go:289 level=error component=tsdb msg="Failed to calculate size of \"wal\" dir" err="lstat data/wal: no such file or directory"
ts=2025-05-06T01:54:52.093Z caller=head.go:553 level=error component=tsdb msg="Failed to calculate size of \"chunks_head\" dir" err="lstat data/chunks_head: no such file or directory"
ts=2025-05-06T01:54:57.094Z caller=wlog.go:289 level=error component=tsdb msg="Failed to calculate size of \"wal\" dir" err="lstat data/wal: no such file or directory"
ts=2025-05-06T01:54:57.095Z caller=head.go:553 level=error component=tsdb msg="Failed to calculate size of \"chunks_head\" dir" err="lstat data/chunks_head: no such file or directory"
ts=2025-05-06T01:55:02.093Z caller=head.go:553 level=error component=tsdb msg="Failed to calculate size of \"chunks_head\" dir" err="lstat data/chunks_head: no such file or directory"
ts=2025-05-06T01:55:02.095Z caller=wlog.go:289 level=error component=tsdb msg="Failed to calculate size of \"wal\" dir" err="lstat data/wal: no such file or directory"
ts=2025-05-06T01:55:07.094Z caller=wlog.go:289 level=error component=tsdb msg="Failed to calculate size of \"wal\" dir" err="lstat data/wal: no such file or directory"
ts=2025-05-06T01:55:07.095Z caller=head.go:553 level=error component=tsdb msg="Failed to calculate size of \"chunks_head\" dir" err="lstat data/chunks_head: no such file or directory"
ts=2025-05-06T01:55:08.140Z caller=db.go:1014 level=error component=tsdb msg="compaction failed" err="plan compaction: open data/: no such file or directory"
ts=2025-05-06T01:55:12.093Z caller=wlog.go:289 level=error component=tsdb msg="Failed to calculate size of \"wal\" dir" err="lstat data/wal: no such file or directory"
ts=2025-05-06T01:55:12.094Z caller=head.go:553 level=error component=tsdb msg="Failed to calculate size of \"chunks_head\" dir" err="lstat data/chunks_head: no such file or directory"
ts=2025-05-06T01:55:17.094Z caller=head.go:553 level=error component=tsdb msg="Failed to calculate size of \"chunks_head\" dir" err="lstat data/chunks_head: no such file or directory"
ts=2025-05-06T01:55:17.095Z caller=wlog.go:289 level=error component=tsdb msg="Failed to calculate size of \"wal\" dir" err="lstat data/wal: no such file or directory"
ts=2025-05-06T01:55:22.094Z caller=wlog.go:289 level=error component=tsdb msg="Failed to calculate size of \"wal\" dir" err="lstat data/wal: no such file or directory"
ts=2025-05-06T01:55:22.094Z caller=head.go:553 level=error component=tsdb msg="Failed to calculate size of \"chunks_head\" dir" err="lstat data/chunks_head: no such file or directory"
ts=2025-05-06T01:55:27.095Z caller=wlog.go:289 level=error component=tsdb msg="Failed to calculate size of \"wal\" dir" err="lstat data/wal: no such file or directory"
ts=2025-05-06T01:55:27.095Z caller=head.go:553 level=error component=tsdb msg="Failed to calculate size of \"chunks_head\" dir" err="lstat data/chunks_head: no such file or directory"
ts=2025-05-06T01:55:32.094Z caller=head.go:553 level=error component=tsdb msg="Failed to calculate size of \"chunks_head\" dir" err="lstat data/chunks_head: no such file or directory"
ts=2025-05-06T01:55:32.095Z caller=wlog.go:289 level=error component=tsdb msg="Failed to calculate size of \"wal\" dir" err="lstat data/wal: no such file or directory"
ts=2025-05-06T01:55:37.093Z caller=head.go:553 level=error component=tsdb msg="Failed to calculate size of \"chunks_head\" dir" err="lstat data/chunks_head: no such file or directory"
ts=2025-05-06T01:55:37.095Z caller=wlog.go:289 level=error component=tsdb msg="Failed to calculate size of \"wal\" dir" err="lstat data/wal: no such file or directory"
ts=2025-05-06T01:55:42.094Z caller=head.go:553 level=error component=tsdb msg="Failed to calculate size of \"chunks_head\" dir" err="lstat data/chunks_head: no such file or directory"
ts=2025-05-06T01:55:42.096Z caller=wlog.go:289 level=error component=tsdb msg="Failed to calculate size of \"wal\" dir" err="lstat data/wal: no such file or directory"
ts=2025-05-06T01:55:47.094Z caller=wlog.go:289 level=error component=tsdb msg="Failed to calculate size of \"wal\" dir" err="lstat data/wal: no such file or directory"
ts=2025-05-06T01:55:47.095Z caller=head.go:553 level=error component=tsdb msg="Failed to calculate size of \"chunks_head\" dir" err="lstat data/chunks_head: no such file or directory"
ts=2025-05-06T01:55:52.094Z caller=head.go:553 level=error component=tsdb msg="Failed to calculate size of \"chunks_head\" dir" err="lstat data/chunks_head: no such file or directory"
ts=2025-05-06T01:55:52.095Z caller=wlog.go:289 level=error component=tsdb msg="Failed to calculate size of \"wal\" dir" err="lstat data/wal: no such file or directory"
ts=2025-05-06T01:55:57.095Z caller=wlog.go:289 level=error component=tsdb msg="Failed to calculate size of \"wal\" dir" err="lstat data/wal: no such file or directory"
ts=2025-05-06T01:55:57.095Z caller=head.go:553 level=error component=tsdb msg="Failed to calculate size of \"chunks_head\" dir" err="lstat data/chunks_head: no such file or directory"
ts=2025-05-06T01:56:02.094Z caller=head.go:553 level=error component=tsdb msg="Failed to calculate size of \"chunks_head\" dir" err="lstat data/chunks_head: no such file or directory"
ts=2025-05-06T01:56:02.095Z caller=wlog.go:289 level=error component=tsdb msg="Failed to calculate size of \"wal\" dir" err="lstat data/wal: no such file or directory"
ts=2025-05-06T01:56:07.094Z caller=head.go:553 level=error component=tsdb msg="Failed to calculate size of \"chunks_head\" dir" err="lstat data/chunks_head: no such file or directory"
ts=2025-05-06T01:56:07.095Z caller=wlog.go:289 level=error component=tsdb msg="Failed to calculate size of \"wal\" dir" err="lstat data/wal: no such file or directory"
ts=2025-05-06T01:56:12.094Z caller=head.go:553 level=error component=tsdb msg="Failed to calculate size of \"chunks_head\" dir" err="lstat data/chunks_head: no such file or directory"
ts=2025-05-06T01:56:12.095Z caller=wlog.go:289 level=error component=tsdb msg="Failed to calculate size of \"wal\" dir" err="lstat data/wal: no such file or directory"
ts=2025-05-06T01:56:17.095Z caller=wlog.go:289 level=error component=tsdb msg="Failed to calculate size of \"wal\" dir" err="lstat data/wal: no such file or directory"
ts=2025-05-06T01:56:17.095Z caller=head.go:553 level=error component=tsdb msg="Failed to calculate size of \"chunks_head\" dir" err="lstat data/chunks_head: no such file or directory"
ts=2025-05-06T01:56:22.093Z caller=head.go:553 level=error component=tsdb msg="Failed to calculate size of \"chunks_head\" dir" err="lstat data/chunks_head: no such file or directory"
ts=2025-05-06T01:56:22.094Z caller=wlog.go:289 level=error component=tsdb msg="Failed to calculate size of \"wal\" dir" err="lstat data/wal: no such file or directory"
ts=2025-05-06T01:56:27.094Z caller=head.go:553 level=error component=tsdb msg="Failed to calculate size of \"chunks_head\" dir" err="lstat data/chunks_head: no such file or directory"
ts=2025-05-06T01:56:27.094Z caller=wlog.go:289 level=error component=tsdb msg="Failed to calculate size of \"wal\" dir" err="lstat data/wal: no such file or directory"
ts=2025-05-06T01:56:32.095Z caller=wlog.go:289 level=error component=tsdb msg="Failed to calculate size of \"wal\" dir" err="lstat data/wal: no such file or directory"
ts=2025-05-06T01:56:32.095Z caller=head.go:553 level=error component=tsdb msg="Failed to calculate size of \"chunks_head\" dir" err="lstat data/chunks_head: no such file or directory"
ts=2025-05-06T01:56:37.094Z caller=head.go:553 level=error component=tsdb msg="Failed to calculate size of \"chunks_head\" dir" err="lstat data/chunks_head: no such file or directory"
ts=2025-05-06T01:56:37.095Z caller=wlog.go:289 level=error component=tsdb msg="Failed to calculate size of \"wal\" dir" err="lstat data/wal: no such file or directory"
ts=2025-05-06T01:56:42.094Z caller=wlog.go:289 level=error component=tsdb msg="Failed to calculate size of \"wal\" dir" err="lstat data/wal: no such file or directory"
ts=2025-05-06T01:56:42.094Z caller=head.go:553 level=error component=tsdb msg="Failed to calculate size of \"chunks_head\" dir" err="lstat data/chunks_head: no such file or directory"
ts=2025-05-06T01:56:47.093Z caller=head.go:553 level=error component=tsdb msg="Failed to calculate size of \"chunks_head\" dir" err="lstat data/chunks_head: no such file or directory"
ts=2025-05-06T01:56:47.094Z caller=wlog.go:289 level=error component=tsdb msg="Failed to calculate size of \"wal\" dir" err="lstat data/wal: no such file or directory"
ts=2025-05-06T01:56:52.094Z caller=head.go:553 level=error component=tsdb msg="Failed to calculate size of \"chunks_head\" dir" err="lstat data/chunks_head: no such file or directory"
ts=2025-05-06T01:56:52.095Z caller=wlog.go:289 level=error component=tsdb msg="Failed to calculate size of \"wal\" dir" err="lstat data/wal: no such file or directory"
ts=2025-05-06T01:56:57.095Z caller=wlog.go:289 level=error component=tsdb msg="Failed to calculate size of \"wal\" dir" err="lstat data/wal: no such file or directory"
ts=2025-05-06T01:56:57.095Z caller=head.go:553 level=error component=tsdb msg="Failed to calculate size of \"chunks_head\" dir" err="lstat data/chunks_head: no such file or directory"
ts=2025-05-06T01:57:02.094Z caller=wlog.go:289 level=error component=tsdb msg="Failed to calculate size of \"wal\" dir" err="lstat data/wal: no such file or directory"
ts=2025-05-06T01:57:02.095Z caller=head.go:553 level=error component=tsdb msg="Failed to calculate size of \"chunks_head\" dir" err="lstat data/chunks_head: no such file or directory"
ts=2025-05-06T01:57:07.093Z caller=head.go:553 level=error component=tsdb msg="Failed to calculate size of \"chunks_head\" dir" err="lstat data/chunks_head: no such file or directory"
ts=2025-05-06T01:57:07.095Z caller=wlog.go:289 level=error component=tsdb msg="Failed to calculate size of \"wal\" dir" err="lstat data/wal: no such file or directory"
ts=2025-05-06T01:57:08.141Z caller=db.go:998 level=error component=tsdb msg=reloadBlocks err="find blocks: open data/: no such file or directory"
ts=2025-05-06T01:57:12.094Z caller=head.go:553 level=error component=tsdb msg="Failed to calculate size of \"chunks_head\" dir" err="lstat data/chunks_head: no such file or directory"
ts=2025-05-06T01:57:12.095Z caller=wlog.go:289 level=error component=tsdb msg="Failed to calculate size of \"wal\" dir" err="lstat data/wal: no such file or directory"
ts=2025-05-06T01:57:17.092Z caller=head.go:553 level=error component=tsdb msg="Failed to calculate size of \"chunks_head\" dir" err="lstat data/chunks_head: no such file or directory"
ts=2025-05-06T01:57:17.094Z caller=wlog.go:289 level=error component=tsdb msg="Failed to calculate size of \"wal\" dir" err="lstat data/wal: no such file or directory"
ts=2025-05-06T01:57:22.095Z caller=wlog.go:289 level=error component=tsdb msg="Failed to calculate size of \"wal\" dir" err="lstat data/wal: no such file or directory"
ts=2025-05-06T01:57:22.095Z caller=head.go:553 level=error component=tsdb msg="Failed to calculate size of \"chunks_head\" dir" err="lstat data/chunks_head: no such file or directory"
ts=2025-05-06T01:57:27.094Z caller=wlog.go:289 level=error component=tsdb msg="Failed to calculate size of \"wal\" dir" err="lstat data/wal: no such file or directory"
ts=2025-05-06T01:57:27.095Z caller=head.go:553 level=error component=tsdb msg="Failed to calculate size of \"chunks_head\" dir" err="lstat data/chunks_head: no such file or directory"
ts=2025-05-06T01:57:32.093Z caller=head.go:553 level=error component=tsdb msg="Failed to calculate size of \"chunks_head\" dir" err="lstat data/chunks_head: no such file or directory"
ts=2025-05-06T01:57:32.094Z caller=wlog.go:289 level=error component=tsdb msg="Failed to calculate size of \"wal\" dir" err="lstat data/wal: no such file or directory"
ts=2025-05-06T01:57:37.094Z caller=head.go:553 level=error component=tsdb msg="Failed to calculate size of \"chunks_head\" dir" err="lstat data/chunks_head: no such file or directory"
ts=2025-05-06T01:57:37.095Z caller=wlog.go:289 level=error component=tsdb msg="Failed to calculate size of \"wal\" dir" err="lstat data/wal: no such file or directory"
ts=2025-05-06T01:57:42.094Z caller=head.go:553 level=error component=tsdb msg="Failed to calculate size of \"chunks_head\" dir" err="lstat data/chunks_head: no such file or directory"
ts=2025-05-06T01:57:42.096Z caller=wlog.go:289 level=error component=tsdb msg="Failed to calculate size of \"wal\" dir" err="lstat data/wal: no such file or directory"
ts=2025-05-06T01:57:47.094Z caller=head.go:553 level=error component=tsdb msg="Failed to calculate size of \"chunks_head\" dir" err="lstat data/chunks_head: no such file or directory"
ts=2025-05-06T01:57:47.095Z caller=wlog.go:289 level=error component=tsdb msg="Failed to calculate size of \"wal\" dir" err="lstat data/wal: no such file or directory"
ts=2025-05-06T01:57:52.093Z caller=wlog.go:289 level=error component=tsdb msg="Failed to calculate size of \"wal\" dir" err="lstat data/wal: no such file or directory"
ts=2025-05-06T01:57:52.094Z caller=head.go:553 level=error component=tsdb msg="Failed to calculate size of \"chunks_head\" dir" err="lstat data/chunks_head: no such file or directory"
ts=2025-05-06T01:57:57.094Z caller=head.go:553 level=error component=tsdb msg="Failed to calculate size of \"chunks_head\" dir" err="lstat data/chunks_head: no such file or directory"
ts=2025-05-06T01:57:57.095Z caller=wlog.go:289 level=error component=tsdb msg="Failed to calculate size of \"wal\" dir" err="lstat data/wal: no such file or directory"
ts=2025-05-06T01:58:02.095Z caller=wlog.go:289 level=error component=tsdb msg="Failed to calculate size of \"wal\" dir" err="lstat data/wal: no such file or directory"
ts=2025-05-06T01:58:02.095Z caller=head.go:553 level=error component=tsdb msg="Failed to calculate size of \"chunks_head\" dir" err="lstat data/chunks_head: no such file or directory"
ts=2025-05-06T01:58:07.094Z caller=wlog.go:289 level=error component=tsdb msg="Failed to calculate size of \"wal\" dir" err="lstat data/wal: no such file or directory"
ts=2025-05-06T01:58:07.095Z caller=head.go:553 level=error component=tsdb msg="Failed to calculate size of \"chunks_head\" dir" err="lstat data/chunks_head: no such file or directory"
ts=2025-05-06T01:58:08.144Z caller=db.go:1014 level=error component=tsdb msg="compaction failed" err="plan compaction: open data/: no such file or directory"
ts=2025-05-06T01:58:12.094Z caller=wlog.go:289 level=error component=tsdb msg="Failed to calculate size of \"wal\" dir" err="lstat data/wal: no such file or directory"
ts=2025-05-06T01:58:12.094Z caller=head.go:553 level=error component=tsdb msg="Failed to calculate size of \"chunks_head\" dir" err="lstat data/chunks_head: no such file or directory"
ts=2025-05-06T01:58:17.093Z caller=head.go:553 level=error component=tsdb msg="Failed to calculate size of \"chunks_head\" dir" err="lstat data/chunks_head: no such file or directory"
ts=2025-05-06T01:58:17.094Z caller=wlog.go:289 level=error component=tsdb msg="Failed to calculate size of \"wal\" dir" err="lstat data/wal: no such file or directory"
ts=2025-05-06T01:58:22.094Z caller=head.go:553 level=error component=tsdb msg="Failed to calculate size of \"chunks_head\" dir" err="lstat data/chunks_head: no such file or directory"
ts=2025-05-06T01:58:22.095Z caller=wlog.go:289 level=error component=tsdb msg="Failed to calculate size of \"wal\" dir" err="lstat data/wal: no such file or directory"
ts=2025-05-06T01:58:27.094Z caller=head.go:553 level=error component=tsdb msg="Failed to calculate size of \"chunks_head\" dir" err="lstat data/chunks_head: no such file or directory"
ts=2025-05-06T01:58:27.095Z caller=wlog.go:289 level=error component=tsdb msg="Failed to calculate size of \"wal\" dir" err="lstat data/wal: no such file or directory"
ts=2025-05-06T01:58:32.094Z caller=wlog.go:289 level=error component=tsdb msg="Failed to calculate size of \"wal\" dir" err="lstat data/wal: no such file or directory"
ts=2025-05-06T01:58:32.095Z caller=head.go:553 level=error component=tsdb msg="Failed to calculate size of \"chunks_head\" dir" err="lstat data/chunks_head: no such file or directory"
ts=2025-05-06T01:58:37.093Z caller=head.go:553 level=error component=tsdb msg="Failed to calculate size of \"chunks_head\" dir" err="lstat data/chunks_head: no such file or directory"
ts=2025-05-06T01:58:37.095Z caller=wlog.go:289 level=error component=tsdb msg="Failed to calculate size of \"wal\" dir" err="lstat data/wal: no such file or directory"
ts=2025-05-06T01:58:42.093Z caller=head.go:553 level=error component=tsdb msg="Failed to calculate size of \"chunks_head\" dir" err="lstat data/chunks_head: no such file or directory"
ts=2025-05-06T01:58:42.094Z caller=wlog.go:289 level=error component=tsdb msg="Failed to calculate size of \"wal\" dir" err="lstat data/wal: no such file or directory"
ts=2025-05-06T01:58:47.094Z caller=wlog.go:289 level=error component=tsdb msg="Failed to calculate size of \"wal\" dir" err="lstat data/wal: no such file or directory"
ts=2025-05-06T01:58:47.095Z caller=head.go:553 level=error component=tsdb msg="Failed to calculate size of \"chunks_head\" dir" err="lstat data/chunks_head: no such file or directory"
ts=2025-05-06T01:58:52.094Z caller=wlog.go:289 level=error component=tsdb msg="Failed to calculate size of \"wal\" dir" err="lstat data/wal: no such file or directory"
ts=2025-05-06T01:58:52.095Z caller=head.go:553 level=error component=tsdb msg="Failed to calculate size of \"chunks_head\" dir" err="lstat data/chunks_head: no such file or directory"
ts=2025-05-06T01:58:57.093Z caller=head.go:553 level=error component=tsdb msg="Failed to calculate size of \"chunks_head\" dir" err="lstat data/chunks_head: no such file or directory"
ts=2025-05-06T01:58:57.095Z caller=wlog.go:289 level=error component=tsdb msg="Failed to calculate size of \"wal\" dir" err="lstat data/wal: no such file or directory"
ts=2025-05-06T01:59:02.093Z caller=head.go:553 level=error component=tsdb msg="Failed to calculate size of \"chunks_head\" dir" err="lstat data/chunks_head: no such file or directory"
ts=2025-05-06T01:59:02.095Z caller=wlog.go:289 level=error component=tsdb msg="Failed to calculate size of \"wal\" dir" err="lstat data/wal: no such file or directory"
ts=2025-05-06T01:59:07.093Z caller=head.go:553 level=error component=tsdb msg="Failed to calculate size of \"chunks_head\" dir" err="lstat data/chunks_head: no such file or directory"
ts=2025-05-06T01:59:07.094Z caller=wlog.go:289 level=error component=tsdb msg="Failed to calculate size of \"wal\" dir" err="lstat data/wal: no such file or directory"
ts=2025-05-06T01:59:12.094Z caller=wlog.go:289 level=error component=tsdb msg="Failed to calculate size of \"wal\" dir" err="lstat data/wal: no such file or directory"
ts=2025-05-06T01:59:12.095Z caller=head.go:553 level=error component=tsdb msg="Failed to calculate size of \"chunks_head\" dir" err="lstat data/chunks_head: no such file or directory"
ts=2025-05-06T01:59:17.093Z caller=head.go:553 level=error component=tsdb msg="Failed to calculate size of \"chunks_head\" dir" err="lstat data/chunks_head: no such file or directory"
ts=2025-05-06T01:59:17.094Z caller=wlog.go:289 level=error component=tsdb msg="Failed to calculate size of \"wal\" dir" err="lstat data/wal: no such file or directory"
ts=2025-05-06T01:59:22.093Z caller=wlog.go:289 level=error component=tsdb msg="Failed to calculate size of \"wal\" dir" err="lstat data/wal: no such file or directory"
ts=2025-05-06T01:59:22.094Z caller=head.go:553 level=error component=tsdb msg="Failed to calculate size of \"chunks_head\" dir" err="lstat data/chunks_head: no such file or directory"
ts=2025-05-06T01:59:27.094Z caller=wlog.go:289 level=error component=tsdb msg="Failed to calculate size of \"wal\" dir" err="lstat data/wal: no such file or directory"
ts=2025-05-06T01:59:27.095Z caller=head.go:553 level=error component=tsdb msg="Failed to calculate size of \"chunks_head\" dir" err="lstat data/chunks_head: no such file or directory"
ts=2025-05-06T01:59:32.094Z caller=wlog.go:289 level=error component=tsdb msg="Failed to calculate size of \"wal\" dir" err="lstat data/wal: no such file or directory"
ts=2025-05-06T01:59:32.095Z caller=head.go:553 level=error component=tsdb msg="Failed to calculate size of \"chunks_head\" dir" err="lstat data/chunks_head: no such file or directory"
ts=2025-05-06T01:59:37.094Z caller=wlog.go:289 level=error component=tsdb msg="Failed to calculate size of \"wal\" dir" err="lstat data/wal: no such file or directory"
ts=2025-05-06T01:59:37.094Z caller=head.go:553 level=error component=tsdb msg="Failed to calculate size of \"chunks_head\" dir" err="lstat data/chunks_head: no such file or directory"
ts=2025-05-06T01:59:42.093Z caller=wlog.go:289 level=error component=tsdb msg="Failed to calculate size of \"wal\" dir" err="lstat data/wal: no such file or directory"
ts=2025-05-06T01:59:42.095Z caller=head.go:553 level=error component=tsdb msg="Failed to calculate size of \"chunks_head\" dir" err="lstat data/chunks_head: no such file or directory"
ts=2025-05-06T01:59:47.093Z caller=head.go:553 level=error component=tsdb msg="Failed to calculate size of \"chunks_head\" dir" err="lstat data/chunks_head: no such file or directory"
ts=2025-05-06T01:59:47.094Z caller=wlog.go:289 level=error component=tsdb msg="Failed to calculate size of \"wal\" dir" err="lstat data/wal: no such file or directory"
ts=2025-05-06T01:59:52.094Z caller=wlog.go:289 level=error component=tsdb msg="Failed to calculate size of \"wal\" dir" err="lstat data/wal: no such file or directory"
ts=2025-05-06T01:59:52.095Z caller=head.go:553 level=error component=tsdb msg="Failed to calculate size of \"chunks_head\" dir" err="lstat data/chunks_head: no such file or directory"
ts=2025-05-06T01:59:57.094Z caller=head.go:553 level=error component=tsdb msg="Failed to calculate size of \"chunks_head\" dir" err="lstat data/chunks_head: no such file or directory"
ts=2025-05-06T01:59:57.095Z caller=wlog.go:289 level=error component=tsdb msg="Failed to calculate size of \"wal\" dir" err="lstat data/wal: no such file or directory"
ts=2025-05-06T02:00:02.094Z caller=wlog.go:289 level=error component=tsdb msg="Failed to calculate size of \"wal\" dir" err="lstat data/wal: no such file or directory"
ts=2025-05-06T02:00:02.095Z caller=head.go:553 level=error component=tsdb msg="Failed to calculate size of \"chunks_head\" dir" err="lstat data/chunks_head: no such file or directory"
ts=2025-05-06T02:00:07.093Z caller=wlog.go:289 level=error component=tsdb msg="Failed to calculate size of \"wal\" dir" err="lstat data/wal: no such file or directory"
ts=2025-05-06T02:00:07.094Z caller=head.go:553 level=error component=tsdb msg="Failed to calculate size of \"chunks_head\" dir" err="lstat data/chunks_head: no such file or directory"
ts=2025-05-06T02:00:08.145Z caller=db.go:998 level=error component=tsdb msg=reloadBlocks err="find blocks: open data/: no such file or directory"
ts=2025-05-06T02:00:12.094Z caller=head.go:553 level=error component=tsdb msg="Failed to calculate size of \"chunks_head\" dir" err="lstat data/chunks_head: no such file or directory"
ts=2025-05-06T02:00:12.095Z caller=wlog.go:289 level=error component=tsdb msg="Failed to calculate size of \"wal\" dir" err="lstat data/wal: no such file or directory"
ts=2025-05-06T02:00:17.094Z caller=head.go:553 level=error component=tsdb msg="Failed to calculate size of \"chunks_head\" dir" err="lstat data/chunks_head: no such file or directory"
ts=2025-05-06T02:00:17.095Z caller=wlog.go:289 level=error component=tsdb msg="Failed to calculate size of \"wal\" dir" err="lstat data/wal: no such file or directory"
ts=2025-05-06T02:00:22.094Z caller=head.go:553 level=error component=tsdb msg="Failed to calculate size of \"chunks_head\" dir" err="lstat data/chunks_head: no such file or directory"
ts=2025-05-06T02:00:22.095Z caller=wlog.go:289 level=error component=tsdb msg="Failed to calculate size of \"wal\" dir" err="lstat data/wal: no such file or directory"
ts=2025-05-06T02:00:27.093Z caller=head.go:553 level=error component=tsdb msg="Failed to calculate size of \"chunks_head\" dir" err="lstat data/chunks_head: no such file or directory"
ts=2025-05-06T02:00:27.094Z caller=wlog.go:289 level=error component=tsdb msg="Failed to calculate size of \"wal\" dir" err="lstat data/wal: no such file or directory"
ts=2025-05-06T02:00:32.094Z caller=head.go:553 level=error component=tsdb msg="Failed to calculate size of \"chunks_head\" dir" err="lstat data/chunks_head: no such file or directory"
ts=2025-05-06T02:00:32.095Z caller=wlog.go:289 level=error component=tsdb msg="Failed to calculate size of \"wal\" dir" err="lstat data/wal: no such file or directory"
ts=2025-05-06T02:00:37.093Z caller=wlog.go:289 level=error component=tsdb msg="Failed to calculate size of \"wal\" dir" err="lstat data/wal: no such file or directory"
ts=2025-05-06T02:00:37.094Z caller=head.go:553 level=error component=tsdb msg="Failed to calculate size of \"chunks_head\" dir" err="lstat data/chunks_head: no such file or directory"
ts=2025-05-06T02:00:42.094Z caller=head.go:553 level=error component=tsdb msg="Failed to calculate size of \"chunks_head\" dir" err="lstat data/chunks_head: no such file or directory"
ts=2025-05-06T02:00:42.095Z caller=wlog.go:289 level=error component=tsdb msg="Failed to calculate size of \"wal\" dir" err="lstat data/wal: no such file or directory"
ts=2025-05-06T02:00:47.094Z caller=head.go:553 level=error component=tsdb msg="Failed to calculate size of \"chunks_head\" dir" err="lstat data/chunks_head: no such file or directory"
ts=2025-05-06T02:00:47.095Z caller=wlog.go:289 level=error component=tsdb msg="Failed to calculate size of \"wal\" dir" err="lstat data/wal: no such file or directory"
ts=2025-05-06T02:00:52.094Z caller=wlog.go:289 level=error component=tsdb msg="Failed to calculate size of \"wal\" dir" err="lstat data/wal: no such file or directory"
ts=2025-05-06T02:00:52.094Z caller=head.go:553 level=error component=tsdb msg="Failed to calculate size of \"chunks_head\" dir" err="lstat data/chunks_head: no such file or directory"
ts=2025-05-06T02:00:57.094Z caller=wlog.go:289 level=error component=tsdb msg="Failed to calculate size of \"wal\" dir" err="lstat data/wal: no such file or directory"
ts=2025-05-06T02:00:57.095Z caller=head.go:553 level=error component=tsdb msg="Failed to calculate size of \"chunks_head\" dir" err="lstat data/chunks_head: no such file or directory"
ts=2025-05-06T02:01:02.094Z caller=wlog.go:289 level=error component=tsdb msg="Failed to calculate size of \"wal\" dir" err="lstat data/wal: no such file or directory"
ts=2025-05-06T02:01:02.094Z caller=head.go:553 level=error component=tsdb msg="Failed to calculate size of \"chunks_head\" dir" err="lstat data/chunks_head: no such file or directory"
ts=2025-05-06T02:01:07.094Z caller=head.go:553 level=error component=tsdb msg="Failed to calculate size of \"chunks_head\" dir" err="lstat data/chunks_head: no such file or directory"
ts=2025-05-06T02:01:07.095Z caller=wlog.go:289 level=error component=tsdb msg="Failed to calculate size of \"wal\" dir" err="lstat data/wal: no such file or directory"
ts=2025-05-06T02:01:08.150Z caller=db.go:1014 level=error component=tsdb msg="compaction failed" err="plan compaction: open data/: no such file or directory"
ts=2025-05-06T02:01:12.093Z caller=head.go:553 level=error component=tsdb msg="Failed to calculate size of \"chunks_head\" dir" err="lstat data/chunks_head: no such file or directory"
ts=2025-05-06T02:01:12.094Z caller=wlog.go:289 level=error component=tsdb msg="Failed to calculate size of \"wal\" dir" err="lstat data/wal: no such file or directory"
ts=2025-05-06T02:01:17.094Z caller=wlog.go:289 level=error component=tsdb msg="Failed to calculate size of \"wal\" dir" err="lstat data/wal: no such file or directory"
ts=2025-05-06T02:01:17.095Z caller=head.go:553 level=error component=tsdb msg="Failed to calculate size of \"chunks_head\" dir" err="lstat data/chunks_head: no such file or directory"
ts=2025-05-06T02:01:22.095Z caller=wlog.go:289 level=error component=tsdb msg="Failed to calculate size of \"wal\" dir" err="lstat data/wal: no such file or directory"
ts=2025-05-06T02:01:22.096Z caller=head.go:553 level=error component=tsdb msg="Failed to calculate size of \"chunks_head\" dir" err="lstat data/chunks_head: no such file or directory"
ts=2025-05-06T02:01:27.093Z caller=head.go:553 level=error component=tsdb msg="Failed to calculate size of \"chunks_head\" dir" err="lstat data/chunks_head: no such file or directory"
ts=2025-05-06T02:01:27.095Z caller=wlog.go:289 level=error component=tsdb msg="Failed to calculate size of \"wal\" dir" err="lstat data/wal: no such file or directory"
ts=2025-05-06T02:01:32.093Z caller=head.go:553 level=error component=tsdb msg="Failed to calculate size of \"chunks_head\" dir" err="lstat data/chunks_head: no such file or directory"
ts=2025-05-06T02:01:32.095Z caller=wlog.go:289 level=error component=tsdb msg="Failed to calculate size of \"wal\" dir" err="lstat data/wal: no such file or directory"
ts=2025-05-06T02:01:37.093Z caller=head.go:553 level=error component=tsdb msg="Failed to calculate size of \"chunks_head\" dir" err="lstat data/chunks_head: no such file or directory"
ts=2025-05-06T02:01:37.094Z caller=wlog.go:289 level=error component=tsdb msg="Failed to calculate size of \"wal\" dir" err="lstat data/wal: no such file or directory"
ts=2025-05-06T02:01:42.094Z caller=head.go:553 level=error component=tsdb msg="Failed to calculate size of \"chunks_head\" dir" err="lstat data/chunks_head: no such file or directory"
ts=2025-05-06T02:01:42.095Z caller=wlog.go:289 level=error component=tsdb msg="Failed to calculate size of \"wal\" dir" err="lstat data/wal: no such file or directory"
ts=2025-05-06T02:01:47.094Z caller=wlog.go:289 level=error component=tsdb msg="Failed to calculate size of \"wal\" dir" err="lstat data/wal: no such file or directory"
ts=2025-05-06T02:01:47.095Z caller=head.go:553 level=error component=tsdb msg="Failed to calculate size of \"chunks_head\" dir" err="lstat data/chunks_head: no such file or directory"
ts=2025-05-06T02:01:52.093Z caller=wlog.go:289 level=error component=tsdb msg="Failed to calculate size of \"wal\" dir" err="lstat data/wal: no such file or directory"
ts=2025-05-06T02:01:52.094Z caller=head.go:553 level=error component=tsdb msg="Failed to calculate size of \"chunks_head\" dir" err="lstat data/chunks_head: no such file or directory"
ts=2025-05-06T02:01:57.093Z caller=head.go:553 level=error component=tsdb msg="Failed to calculate size of \"chunks_head\" dir" err="lstat data/chunks_head: no such file or directory"
ts=2025-05-06T02:01:57.095Z caller=wlog.go:289 level=error component=tsdb msg="Failed to calculate size of \"wal\" dir" err="lstat data/wal: no such file or directory"
ts=2025-05-06T02:02:02.094Z caller=wlog.go:289 level=error component=tsdb msg="Failed to calculate size of \"wal\" dir" err="lstat data/wal: no such file or directory"
ts=2025-05-06T02:02:02.095Z caller=head.go:553 level=error component=tsdb msg="Failed to calculate size of \"chunks_head\" dir" err="lstat data/chunks_head: no such file or directory"
ts=2025-05-06T02:02:07.093Z caller=head.go:553 level=error component=tsdb msg="Failed to calculate size of \"chunks_head\" dir" err="lstat data/chunks_head: no such file or directory"
ts=2025-05-06T02:02:07.095Z caller=wlog.go:289 level=error component=tsdb msg="Failed to calculate size of \"wal\" dir" err="lstat data/wal: no such file or directory"
ts=2025-05-06T02:02:12.093Z caller=wlog.go:289 level=error component=tsdb msg="Failed to calculate size of \"wal\" dir" err="lstat data/wal: no such file or directory"
ts=2025-05-06T02:02:12.094Z caller=head.go:553 level=error component=tsdb msg="Failed to calculate size of \"chunks_head\" dir" err="lstat data/chunks_head: no such file or directory"
ts=2025-05-06T02:02:17.094Z caller=head.go:553 level=error component=tsdb msg="Failed to calculate size of \"chunks_head\" dir" err="lstat data/chunks_head: no such file or directory"
ts=2025-05-06T02:02:17.095Z caller=wlog.go:289 level=error component=tsdb msg="Failed to calculate size of \"wal\" dir" err="lstat data/wal: no such file or directory"
ts=2025-05-06T02:02:22.094Z caller=wlog.go:289 level=error component=tsdb msg="Failed to calculate size of \"wal\" dir" err="lstat data/wal: no such file or directory"
ts=2025-05-06T02:02:22.094Z caller=head.go:553 level=error component=tsdb msg="Failed to calculate size of \"chunks_head\" dir" err="lstat data/chunks_head: no such file or directory"
ts=2025-05-06T02:02:27.094Z caller=head.go:553 level=error component=tsdb msg="Failed to calculate size of \"chunks_head\" dir" err="lstat data/chunks_head: no such file or directory"
ts=2025-05-06T02:02:27.095Z caller=wlog.go:289 level=error component=tsdb msg="Failed to calculate size of \"wal\" dir" err="lstat data/wal: no such file or directory"
ts=2025-05-06T02:02:32.093Z caller=head.go:553 level=error component=tsdb msg="Failed to calculate size of \"chunks_head\" dir" err="lstat data/chunks_head: no such file or directory"
ts=2025-05-06T02:02:32.094Z caller=wlog.go:289 level=error component=tsdb msg="Failed to calculate size of \"wal\" dir" err="lstat data/wal: no such file or directory"
ts=2025-05-06T02:02:37.093Z caller=head.go:553 level=error component=tsdb msg="Failed to calculate size of \"chunks_head\" dir" err="lstat data/chunks_head: no such file or directory"
ts=2025-05-06T02:02:37.094Z caller=wlog.go:289 level=error component=tsdb msg="Failed to calculate size of \"wal\" dir" err="lstat data/wal: no such file or directory"
ts=2025-05-06T02:02:42.093Z caller=head.go:553 level=error component=tsdb msg="Failed to calculate size of \"chunks_head\" dir" err="lstat data/chunks_head: no such file or directory"
ts=2025-05-06T02:02:42.094Z caller=wlog.go:289 level=error component=tsdb msg="Failed to calculate size of \"wal\" dir" err="lstat data/wal: no such file or directory"
ts=2025-05-06T02:02:47.093Z caller=head.go:553 level=error component=tsdb msg="Failed to calculate size of \"chunks_head\" dir" err="lstat data/chunks_head: no such file or directory"
ts=2025-05-06T02:02:47.095Z caller=wlog.go:289 level=error component=tsdb msg="Failed to calculate size of \"wal\" dir" err="lstat data/wal: no such file or directory"
ts=2025-05-06T02:02:52.094Z caller=head.go:553 level=error component=tsdb msg="Failed to calculate size of \"chunks_head\" dir" err="lstat data/chunks_head: no such file or directory"
ts=2025-05-06T02:02:52.095Z caller=wlog.go:289 level=error component=tsdb msg="Failed to calculate size of \"wal\" dir" err="lstat data/wal: no such file or directory"
ts=2025-05-06T02:02:57.093Z caller=head.go:553 level=error component=tsdb msg="Failed to calculate size of \"chunks_head\" dir" err="lstat data/chunks_head: no such file or directory"
ts=2025-05-06T02:02:57.095Z caller=wlog.go:289 level=error component=tsdb msg="Failed to calculate size of \"wal\" dir" err="lstat data/wal: no such file or directory"
ts=2025-05-06T02:03:02.093Z caller=head.go:553 level=error component=tsdb msg="Failed to calculate size of \"chunks_head\" dir" err="lstat data/chunks_head: no such file or directory"
ts=2025-05-06T02:03:02.094Z caller=wlog.go:289 level=error component=tsdb msg="Failed to calculate size of \"wal\" dir" err="lstat data/wal: no such file or directory"
ts=2025-05-06T02:03:07.095Z caller=wlog.go:289 level=error component=tsdb msg="Failed to calculate size of \"wal\" dir" err="lstat data/wal: no such file or directory"
ts=2025-05-06T02:03:07.095Z caller=head.go:553 level=error component=tsdb msg="Failed to calculate size of \"chunks_head\" dir" err="lstat data/chunks_head: no such file or directory"
ts=2025-05-06T02:03:08.151Z caller=db.go:998 level=error component=tsdb msg=reloadBlocks err="find blocks: open data/: no such file or directory"
ts=2025-05-06T02:03:12.094Z caller=wlog.go:289 level=error component=tsdb msg="Failed to calculate size of \"wal\" dir" err="lstat data/wal: no such file or directory"
ts=2025-05-06T02:03:12.094Z caller=head.go:553 level=error component=tsdb msg="Failed to calculate size of \"chunks_head\" dir" err="lstat data/chunks_head: no such file or directory"
ts=2025-05-06T02:03:17.094Z caller=head.go:553 level=error component=tsdb msg="Failed to calculate size of \"chunks_head\" dir" err="lstat data/chunks_head: no such file or directory"
ts=2025-05-06T02:03:17.096Z caller=wlog.go:289 level=error component=tsdb msg="Failed to calculate size of \"wal\" dir" err="lstat data/wal: no such file or directory"
ts=2025-05-06T02:03:22.094Z caller=head.go:553 level=error component=tsdb msg="Failed to calculate size of \"chunks_head\" dir" err="lstat data/chunks_head: no such file or directory"
ts=2025-05-06T02:03:22.095Z caller=wlog.go:289 level=error component=tsdb msg="Failed to calculate size of \"wal\" dir" err="lstat data/wal: no such file or directory"
ts=2025-05-06T02:03:27.094Z caller=head.go:553 level=error component=tsdb msg="Failed to calculate size of \"chunks_head\" dir" err="lstat data/chunks_head: no such file or directory"
ts=2025-05-06T02:03:27.095Z caller=wlog.go:289 level=error component=tsdb msg="Failed to calculate size of \"wal\" dir" err="lstat data/wal: no such file or directory"
ts=2025-05-06T02:03:32.094Z caller=wlog.go:289 level=error component=tsdb msg="Failed to calculate size of \"wal\" dir" err="lstat data/wal: no such file or directory"
ts=2025-05-06T02:03:32.095Z caller=head.go:553 level=error component=tsdb msg="Failed to calculate size of \"chunks_head\" dir" err="lstat data/chunks_head: no such file or directory"
ts=2025-05-06T02:03:37.093Z caller=head.go:553 level=error component=tsdb msg="Failed to calculate size of \"chunks_head\" dir" err="lstat data/chunks_head: no such file or directory"
ts=2025-05-06T02:03:37.094Z caller=wlog.go:289 level=error component=tsdb msg="Failed to calculate size of \"wal\" dir" err="lstat data/wal: no such file or directory"
ts=2025-05-06T02:03:42.094Z caller=wlog.go:289 level=error component=tsdb msg="Failed to calculate size of \"wal\" dir" err="lstat data/wal: no such file or directory"
ts=2025-05-06T02:03:42.095Z caller=head.go:553 level=error component=tsdb msg="Failed to calculate size of \"chunks_head\" dir" err="lstat data/chunks_head: no such file or directory"
ts=2025-05-06T02:03:47.093Z caller=head.go:553 level=error component=tsdb msg="Failed to calculate size of \"chunks_head\" dir" err="lstat data/chunks_head: no such file or directory"
ts=2025-05-06T02:03:47.095Z caller=wlog.go:289 level=error component=tsdb msg="Failed to calculate size of \"wal\" dir" err="lstat data/wal: no such file or directory"
ts=2025-05-06T02:03:52.094Z caller=head.go:553 level=error component=tsdb msg="Failed to calculate size of \"chunks_head\" dir" err="lstat data/chunks_head: no such file or directory"
ts=2025-05-06T02:03:52.095Z caller=wlog.go:289 level=error component=tsdb msg="Failed to calculate size of \"wal\" dir" err="lstat data/wal: no such file or directory"
ts=2025-05-06T02:03:57.094Z caller=head.go:553 level=error component=tsdb msg="Failed to calculate size of \"chunks_head\" dir" err="lstat data/chunks_head: no such file or directory"
ts=2025-05-06T02:03:57.096Z caller=wlog.go:289 level=error component=tsdb msg="Failed to calculate size of \"wal\" dir" err="lstat data/wal: no such file or directory"
ts=2025-05-06T02:04:02.092Z caller=head.go:553 level=error component=tsdb msg="Failed to calculate size of \"chunks_head\" dir" err="lstat data/chunks_head: no such file or directory"
ts=2025-05-06T02:04:02.094Z caller=wlog.go:289 level=error component=tsdb msg="Failed to calculate size of \"wal\" dir" err="lstat data/wal: no such file or directory"
ts=2025-05-06T02:04:07.094Z caller=head.go:553 level=error component=tsdb msg="Failed to calculate size of \"chunks_head\" dir" err="lstat data/chunks_head: no such file or directory"
ts=2025-05-06T02:04:07.095Z caller=wlog.go:289 level=error component=tsdb msg="Failed to calculate size of \"wal\" dir" err="lstat data/wal: no such file or directory"
ts=2025-05-06T02:04:08.154Z caller=db.go:1014 level=error component=tsdb msg="compaction failed" err="plan compaction: open data/: no such file or directory"
ts=2025-05-06T02:04:12.094Z caller=head.go:553 level=error component=tsdb msg="Failed to calculate size of \"chunks_head\" dir" err="lstat data/chunks_head: no such file or directory"
ts=2025-05-06T02:04:12.095Z caller=wlog.go:289 level=error component=tsdb msg="Failed to calculate size of \"wal\" dir" err="lstat data/wal: no such file or directory"
ts=2025-05-06T02:04:17.094Z caller=head.go:553 level=error component=tsdb msg="Failed to calculate size of \"chunks_head\" dir" err="lstat data/chunks_head: no such file or directory"
ts=2025-05-06T02:04:17.095Z caller=wlog.go:289 level=error component=tsdb msg="Failed to calculate size of \"wal\" dir" err="lstat data/wal: no such file or directory"
ts=2025-05-06T02:04:22.094Z caller=wlog.go:289 level=error component=tsdb msg="Failed to calculate size of \"wal\" dir" err="lstat data/wal: no such file or directory"
ts=2025-05-06T02:04:22.095Z caller=head.go:553 level=error component=tsdb msg="Failed to calculate size of \"chunks_head\" dir" err="lstat data/chunks_head: no such file or directory"
ts=2025-05-06T02:04:27.094Z caller=wlog.go:289 level=error component=tsdb msg="Failed to calculate size of \"wal\" dir" err="lstat data/wal: no such file or directory"
ts=2025-05-06T02:04:27.094Z caller=head.go:553 level=error component=tsdb msg="Failed to calculate size of \"chunks_head\" dir" err="lstat data/chunks_head: no such file or directory"
ts=2025-05-06T02:04:32.094Z caller=head.go:553 level=error component=tsdb msg="Failed to calculate size of \"chunks_head\" dir" err="lstat data/chunks_head: no such file or directory"
ts=2025-05-06T02:04:32.095Z caller=wlog.go:289 level=error component=tsdb msg="Failed to calculate size of \"wal\" dir" err="lstat data/wal: no such file or directory"
ts=2025-05-06T02:04:37.094Z caller=head.go:553 level=error component=tsdb msg="Failed to calculate size of \"chunks_head\" dir" err="lstat data/chunks_head: no such file or directory"
ts=2025-05-06T02:04:37.095Z caller=wlog.go:289 level=error component=tsdb msg="Failed to calculate size of \"wal\" dir" err="lstat data/wal: no such file or directory"
ts=2025-05-06T02:04:42.094Z caller=wlog.go:289 level=error component=tsdb msg="Failed to calculate size of \"wal\" dir" err="lstat data/wal: no such file or directory"
ts=2025-05-06T02:04:42.094Z caller=head.go:553 level=error component=tsdb msg="Failed to calculate size of \"chunks_head\" dir" err="lstat data/chunks_head: no such file or directory"
ts=2025-05-06T02:04:47.094Z caller=head.go:553 level=error component=tsdb msg="Failed to calculate size of \"chunks_head\" dir" err="lstat data/chunks_head: no such file or directory"
ts=2025-05-06T02:04:47.095Z caller=wlog.go:289 level=error component=tsdb msg="Failed to calculate size of \"wal\" dir" err="lstat data/wal: no such file or directory"
ts=2025-05-06T02:04:52.094Z caller=wlog.go:289 level=error component=tsdb msg="Failed to calculate size of \"wal\" dir" err="lstat data/wal: no such file or directory"
ts=2025-05-06T02:04:52.095Z caller=head.go:553 level=error component=tsdb msg="Failed to calculate size of \"chunks_head\" dir" err="lstat data/chunks_head: no such file or directory"
ts=2025-05-06T02:04:57.093Z caller=head.go:553 level=error component=tsdb msg="Failed to calculate size of \"chunks_head\" dir" err="lstat data/chunks_head: no such file or directory"
ts=2025-05-06T02:04:57.094Z caller=wlog.go:289 level=error component=tsdb msg="Failed to calculate size of \"wal\" dir" err="lstat data/wal: no such file or directory"
ts=2025-05-06T02:05:02.095Z caller=head.go:553 level=error component=tsdb msg="Failed to calculate size of \"chunks_head\" dir" err="lstat data/chunks_head: no such file or directory"
ts=2025-05-06T02:05:02.096Z caller=wlog.go:289 level=error component=tsdb msg="Failed to calculate size of \"wal\" dir" err="lstat data/wal: no such file or directory"
ts=2025-05-06T02:05:07.094Z caller=head.go:553 level=error component=tsdb msg="Failed to calculate size of \"chunks_head\" dir" err="lstat data/chunks_head: no such file or directory"
ts=2025-05-06T02:05:07.095Z caller=wlog.go:289 level=error component=tsdb msg="Failed to calculate size of \"wal\" dir" err="lstat data/wal: no such file or directory"
ts=2025-05-06T02:05:12.093Z caller=head.go:553 level=error component=tsdb msg="Failed to calculate size of \"chunks_head\" dir" err="lstat data/chunks_head: no such file or directory"
ts=2025-05-06T02:05:12.095Z caller=wlog.go:289 level=error component=tsdb msg="Failed to calculate size of \"wal\" dir" err="lstat data/wal: no such file or directory"
ts=2025-05-06T02:05:17.093Z caller=wlog.go:289 level=error component=tsdb msg="Failed to calculate size of \"wal\" dir" err="lstat data/wal: no such file or directory"
ts=2025-05-06T02:05:17.094Z caller=head.go:553 level=error component=tsdb msg="Failed to calculate size of \"chunks_head\" dir" err="lstat data/chunks_head: no such file or directory"
ts=2025-05-06T02:05:22.093Z caller=wlog.go:289 level=error component=tsdb msg="Failed to calculate size of \"wal\" dir" err="lstat data/wal: no such file or directory"
ts=2025-05-06T02:05:22.094Z caller=head.go:553 level=error component=tsdb msg="Failed to calculate size of \"chunks_head\" dir" err="lstat data/chunks_head: no such file or directory"
ts=2025-05-06T02:05:27.094Z caller=wlog.go:289 level=error component=tsdb msg="Failed to calculate size of \"wal\" dir" err="lstat data/wal: no such file or directory"
ts=2025-05-06T02:05:27.095Z caller=head.go:553 level=error component=tsdb msg="Failed to calculate size of \"chunks_head\" dir" err="lstat data/chunks_head: no such file or directory"
ts=2025-05-06T02:05:32.094Z caller=head.go:553 level=error component=tsdb msg="Failed to calculate size of \"chunks_head\" dir" err="lstat data/chunks_head: no such file or directory"
ts=2025-05-06T02:05:32.095Z caller=wlog.go:289 level=error component=tsdb msg="Failed to calculate size of \"wal\" dir" err="lstat data/wal: no such file or directory"
ts=2025-05-06T02:05:37.094Z caller=wlog.go:289 level=error component=tsdb msg="Failed to calculate size of \"wal\" dir" err="lstat data/wal: no such file or directory"
ts=2025-05-06T02:05:37.095Z caller=head.go:553 level=error component=tsdb msg="Failed to calculate size of \"chunks_head\" dir" err="lstat data/chunks_head: no such file or directory"
ts=2025-05-06T02:05:42.093Z caller=head.go:553 level=error component=tsdb msg="Failed to calculate size of \"chunks_head\" dir" err="lstat data/chunks_head: no such file or directory"
ts=2025-05-06T02:05:42.094Z caller=wlog.go:289 level=error component=tsdb msg="Failed to calculate size of \"wal\" dir" err="lstat data/wal: no such file or directory"
ts=2025-05-06T02:05:47.095Z caller=head.go:553 level=error component=tsdb msg="Failed to calculate size of \"chunks_head\" dir" err="lstat data/chunks_head: no such file or directory"
ts=2025-05-06T02:05:47.097Z caller=wlog.go:289 level=error component=tsdb msg="Failed to calculate size of \"wal\" dir" err="lstat data/wal: no such file or directory"
ts=2025-05-06T02:05:52.094Z caller=wlog.go:289 level=error component=tsdb msg="Failed to calculate size of \"wal\" dir" err="lstat data/wal: no such file or directory"
ts=2025-05-06T02:05:52.095Z caller=head.go:553 level=error component=tsdb msg="Failed to calculate size of \"chunks_head\" dir" err="lstat data/chunks_head: no such file or directory"
ts=2025-05-06T02:05:57.094Z caller=wlog.go:289 level=error component=tsdb msg="Failed to calculate size of \"wal\" dir" err="lstat data/wal: no such file or directory"
ts=2025-05-06T02:05:57.094Z caller=head.go:553 level=error component=tsdb msg="Failed to calculate size of \"chunks_head\" dir" err="lstat data/chunks_head: no such file or directory"
ts=2025-05-06T02:06:02.094Z caller=wlog.go:289 level=error component=tsdb msg="Failed to calculate size of \"wal\" dir" err="lstat data/wal: no such file or directory"
ts=2025-05-06T02:06:02.094Z caller=head.go:553 level=error component=tsdb msg="Failed to calculate size of \"chunks_head\" dir" err="lstat data/chunks_head: no such file or directory"
ts=2025-05-06T02:06:07.094Z caller=wlog.go:289 level=error component=tsdb msg="Failed to calculate size of \"wal\" dir" err="lstat data/wal: no such file or directory"
ts=2025-05-06T02:06:07.095Z caller=head.go:553 level=error component=tsdb msg="Failed to calculate size of \"chunks_head\" dir" err="lstat data/chunks_head: no such file or directory"
ts=2025-05-06T02:06:08.155Z caller=db.go:998 level=error component=tsdb msg=reloadBlocks err="find blocks: open data/: no such file or directory"
ts=2025-05-06T02:06:12.094Z caller=wlog.go:289 level=error component=tsdb msg="Failed to calculate size of \"wal\" dir" err="lstat data/wal: no such file or directory"
ts=2025-05-06T02:06:12.094Z caller=head.go:553 level=error component=tsdb msg="Failed to calculate size of \"chunks_head\" dir" err="lstat data/chunks_head: no such file or directory"
ts=2025-05-06T02:06:17.094Z caller=head.go:553 level=error component=tsdb msg="Failed to calculate size of \"chunks_head\" dir" err="lstat data/chunks_head: no such file or directory"
ts=2025-05-06T02:06:17.095Z caller=wlog.go:289 level=error component=tsdb msg="Failed to calculate size of \"wal\" dir" err="lstat data/wal: no such file or directory"
ts=2025-05-06T02:06:22.093Z caller=head.go:553 level=error component=tsdb msg="Failed to calculate size of \"chunks_head\" dir" err="lstat data/chunks_head: no such file or directory"
ts=2025-05-06T02:06:22.095Z caller=wlog.go:289 level=error component=tsdb msg="Failed to calculate size of \"wal\" dir" err="lstat data/wal: no such file or directory"
ts=2025-05-06T02:06:27.094Z caller=wlog.go:289 level=error component=tsdb msg="Failed to calculate size of \"wal\" dir" err="lstat data/wal: no such file or directory"
ts=2025-05-06T02:06:27.096Z caller=head.go:553 level=error component=tsdb msg="Failed to calculate size of \"chunks_head\" dir" err="lstat data/chunks_head: no such file or directory"
ts=2025-05-06T02:06:32.095Z caller=wlog.go:289 level=error component=tsdb msg="Failed to calculate size of \"wal\" dir" err="lstat data/wal: no such file or directory"
ts=2025-05-06T02:06:32.096Z caller=head.go:553 level=error component=tsdb msg="Failed to calculate size of \"chunks_head\" dir" err="lstat data/chunks_head: no such file or directory"
ts=2025-05-06T02:06:37.093Z caller=head.go:553 level=error component=tsdb msg="Failed to calculate size of \"chunks_head\" dir" err="lstat data/chunks_head: no such file or directory"
ts=2025-05-06T02:06:37.095Z caller=wlog.go:289 level=error component=tsdb msg="Failed to calculate size of \"wal\" dir" err="lstat data/wal: no such file or directory"
ts=2025-05-06T02:06:42.094Z caller=head.go:553 level=error component=tsdb msg="Failed to calculate size of \"chunks_head\" dir" err="lstat data/chunks_head: no such file or directory"
ts=2025-05-06T02:06:42.096Z caller=wlog.go:289 level=error component=tsdb msg="Failed to calculate size of \"wal\" dir" err="lstat data/wal: no such file or directory"
ts=2025-05-06T02:06:47.094Z caller=head.go:553 level=error component=tsdb msg="Failed to calculate size of \"chunks_head\" dir" err="lstat data/chunks_head: no such file or directory"
ts=2025-05-06T02:06:47.096Z caller=wlog.go:289 level=error component=tsdb msg="Failed to calculate size of \"wal\" dir" err="lstat data/wal: no such file or directory"
ts=2025-05-06T02:06:52.093Z caller=head.go:553 level=error component=tsdb msg="Failed to calculate size of \"chunks_head\" dir" err="lstat data/chunks_head: no such file or directory"
ts=2025-05-06T02:06:52.095Z caller=wlog.go:289 level=error component=tsdb msg="Failed to calculate size of \"wal\" dir" err="lstat data/wal: no such file or directory"
ts=2025-05-06T02:06:57.093Z caller=head.go:553 level=error component=tsdb msg="Failed to calculate size of \"chunks_head\" dir" err="lstat data/chunks_head: no such file or directory"
ts=2025-05-06T02:06:57.094Z caller=wlog.go:289 level=error component=tsdb msg="Failed to calculate size of \"wal\" dir" err="lstat data/wal: no such file or directory"
ts=2025-05-06T02:07:02.093Z caller=head.go:553 level=error component=tsdb msg="Failed to calculate size of \"chunks_head\" dir" err="lstat data/chunks_head: no such file or directory"
ts=2025-05-06T02:07:02.095Z caller=wlog.go:289 level=error component=tsdb msg="Failed to calculate size of \"wal\" dir" err="lstat data/wal: no such file or directory"
ts=2025-05-06T02:07:07.094Z caller=head.go:553 level=error component=tsdb msg="Failed to calculate size of \"chunks_head\" dir" err="lstat data/chunks_head: no such file or directory"
ts=2025-05-06T02:07:07.096Z caller=wlog.go:289 level=error component=tsdb msg="Failed to calculate size of \"wal\" dir" err="lstat data/wal: no such file or directory"
ts=2025-05-06T02:07:08.158Z caller=db.go:1014 level=error component=tsdb msg="compaction failed" err="plan compaction: open data/: no such file or directory"
ts=2025-05-06T02:07:12.093Z caller=head.go:553 level=error component=tsdb msg="Failed to calculate size of \"chunks_head\" dir" err="lstat data/chunks_head: no such file or directory"
ts=2025-05-06T02:07:12.095Z caller=wlog.go:289 level=error component=tsdb msg="Failed to calculate size of \"wal\" dir" err="lstat data/wal: no such file or directory"
ts=2025-05-06T02:07:17.093Z caller=head.go:553 level=error component=tsdb msg="Failed to calculate size of \"chunks_head\" dir" err="lstat data/chunks_head: no such file or directory"
ts=2025-05-06T02:07:17.095Z caller=wlog.go:289 level=error component=tsdb msg="Failed to calculate size of \"wal\" dir" err="lstat data/wal: no such file or directory"
ts=2025-05-06T02:07:22.094Z caller=head.go:553 level=error component=tsdb msg="Failed to calculate size of \"chunks_head\" dir" err="lstat data/chunks_head: no such file or directory"
ts=2025-05-06T02:07:22.095Z caller=wlog.go:289 level=error component=tsdb msg="Failed to calculate size of \"wal\" dir" err="lstat data/wal: no such file or directory"
ts=2025-05-06T02:07:27.094Z caller=head.go:553 level=error component=tsdb msg="Failed to calculate size of \"chunks_head\" dir" err="lstat data/chunks_head: no such file or directory"
ts=2025-05-06T02:07:27.095Z caller=wlog.go:289 level=error component=tsdb msg="Failed to calculate size of \"wal\" dir" err="lstat data/wal: no such file or directory"
ts=2025-05-06T02:07:32.093Z caller=head.go:553 level=error component=tsdb msg="Failed to calculate size of \"chunks_head\" dir" err="lstat data/chunks_head: no such file or directory"
ts=2025-05-06T02:07:32.095Z caller=wlog.go:289 level=error component=tsdb msg="Failed to calculate size of \"wal\" dir" err="lstat data/wal: no such file or directory"
ts=2025-05-06T02:07:37.094Z caller=head.go:553 level=error component=tsdb msg="Failed to calculate size of \"chunks_head\" dir" err="lstat data/chunks_head: no such file or directory"
ts=2025-05-06T02:07:37.095Z caller=wlog.go:289 level=error component=tsdb msg="Failed to calculate size of \"wal\" dir" err="lstat data/wal: no such file or directory"
ts=2025-05-06T02:07:42.095Z caller=head.go:553 level=error component=tsdb msg="Failed to calculate size of \"chunks_head\" dir" err="lstat data/chunks_head: no such file or directory"
ts=2025-05-06T02:07:42.096Z caller=wlog.go:289 level=error component=tsdb msg="Failed to calculate size of \"wal\" dir" err="lstat data/wal: no such file or directory"
ts=2025-05-06T02:07:47.094Z caller=wlog.go:289 level=error component=tsdb msg="Failed to calculate size of \"wal\" dir" err="lstat data/wal: no such file or directory"
ts=2025-05-06T02:07:47.094Z caller=head.go:553 level=error component=tsdb msg="Failed to calculate size of \"chunks_head\" dir" err="lstat data/chunks_head: no such file or directory"
ts=2025-05-06T02:07:52.095Z caller=wlog.go:289 level=error component=tsdb msg="Failed to calculate size of \"wal\" dir" err="lstat data/wal: no such file or directory"
ts=2025-05-06T02:07:52.096Z caller=head.go:553 level=error component=tsdb msg="Failed to calculate size of \"chunks_head\" dir" err="lstat data/chunks_head: no such file or directory"
ts=2025-05-06T02:07:57.094Z caller=head.go:553 level=error component=tsdb msg="Failed to calculate size of \"chunks_head\" dir" err="lstat data/chunks_head: no such file or directory"
ts=2025-05-06T02:07:57.095Z caller=wlog.go:289 level=error component=tsdb msg="Failed to calculate size of \"wal\" dir" err="lstat data/wal: no such file or directory"
ts=2025-05-06T02:08:02.094Z caller=head.go:553 level=error component=tsdb msg="Failed to calculate size of \"chunks_head\" dir" err="lstat data/chunks_head: no such file or directory"
ts=2025-05-06T02:08:02.095Z caller=wlog.go:289 level=error component=tsdb msg="Failed to calculate size of \"wal\" dir" err="lstat data/wal: no such file or directory"
ts=2025-05-06T02:08:07.094Z caller=wlog.go:289 level=error component=tsdb msg="Failed to calculate size of \"wal\" dir" err="lstat data/wal: no such file or directory"
ts=2025-05-06T02:08:07.095Z caller=head.go:553 level=error component=tsdb msg="Failed to calculate size of \"chunks_head\" dir" err="lstat data/chunks_head: no such file or directory"
ts=2025-05-06T02:08:12.093Z caller=head.go:553 level=error component=tsdb msg="Failed to calculate size of \"chunks_head\" dir" err="lstat data/chunks_head: no such file or directory"
ts=2025-05-06T02:08:12.094Z caller=wlog.go:289 level=error component=tsdb msg="Failed to calculate size of \"wal\" dir" err="lstat data/wal: no such file or directory"
ts=2025-05-06T02:08:17.095Z caller=wlog.go:289 level=error component=tsdb msg="Failed to calculate size of \"wal\" dir" err="lstat data/wal: no such file or directory"
ts=2025-05-06T02:08:17.095Z caller=head.go:553 level=error component=tsdb msg="Failed to calculate size of \"chunks_head\" dir" err="lstat data/chunks_head: no such file or directory"
ts=2025-05-06T02:08:22.094Z caller=wlog.go:289 level=error component=tsdb msg="Failed to calculate size of \"wal\" dir" err="lstat data/wal: no such file or directory"
ts=2025-05-06T02:08:22.095Z caller=head.go:553 level=error component=tsdb msg="Failed to calculate size of \"chunks_head\" dir" err="lstat data/chunks_head: no such file or directory"
ts=2025-05-06T02:08:27.095Z caller=wlog.go:289 level=error component=tsdb msg="Failed to calculate size of \"wal\" dir" err="lstat data/wal: no such file or directory"
ts=2025-05-06T02:08:27.095Z caller=head.go:553 level=error component=tsdb msg="Failed to calculate size of \"chunks_head\" dir" err="lstat data/chunks_head: no such file or directory"
ts=2025-05-06T02:08:32.094Z caller=head.go:553 level=error component=tsdb msg="Failed to calculate size of \"chunks_head\" dir" err="lstat data/chunks_head: no such file or directory"
ts=2025-05-06T02:08:32.095Z caller=wlog.go:289 level=error component=tsdb msg="Failed to calculate size of \"wal\" dir" err="lstat data/wal: no such file or directory"
ts=2025-05-06T02:08:37.093Z caller=head.go:553 level=error component=tsdb msg="Failed to calculate size of \"chunks_head\" dir" err="lstat data/chunks_head: no such file or directory"
ts=2025-05-06T02:08:37.095Z caller=wlog.go:289 level=error component=tsdb msg="Failed to calculate size of \"wal\" dir" err="lstat data/wal: no such file or directory"
ts=2025-05-06T02:08:42.093Z caller=head.go:553 level=error component=tsdb msg="Failed to calculate size of \"chunks_head\" dir" err="lstat data/chunks_head: no such file or directory"
ts=2025-05-06T02:08:42.095Z caller=wlog.go:289 level=error component=tsdb msg="Failed to calculate size of \"wal\" dir" err="lstat data/wal: no such file or directory"
ts=2025-05-06T02:08:47.094Z caller=head.go:553 level=error component=tsdb msg="Failed to calculate size of \"chunks_head\" dir" err="lstat data/chunks_head: no such file or directory"
ts=2025-05-06T02:08:47.095Z caller=wlog.go:289 level=error component=tsdb msg="Failed to calculate size of \"wal\" dir" err="lstat data/wal: no such file or directory"
ts=2025-05-06T02:08:52.094Z caller=wlog.go:289 level=error component=tsdb msg="Failed to calculate size of \"wal\" dir" err="lstat data/wal: no such file or directory"
ts=2025-05-06T02:08:52.094Z caller=head.go:553 level=error component=tsdb msg="Failed to calculate size of \"chunks_head\" dir" err="lstat data/chunks_head: no such file or directory"
ts=2025-05-06T02:08:57.094Z caller=wlog.go:289 level=error component=tsdb msg="Failed to calculate size of \"wal\" dir" err="lstat data/wal: no such file or directory"
ts=2025-05-06T02:08:57.095Z caller=head.go:553 level=error component=tsdb msg="Failed to calculate size of \"chunks_head\" dir" err="lstat data/chunks_head: no such file or directory"
ts=2025-05-06T02:09:02.093Z caller=head.go:553 level=error component=tsdb msg="Failed to calculate size of \"chunks_head\" dir" err="lstat data/chunks_head: no such file or directory"
ts=2025-05-06T02:09:02.093Z caller=wlog.go:289 level=error component=tsdb msg="Failed to calculate size of \"wal\" dir" err="lstat data/wal: no such file or directory"
ts=2025-05-06T02:09:07.093Z caller=wlog.go:289 level=error component=tsdb msg="Failed to calculate size of \"wal\" dir" err="lstat data/wal: no such file or directory"
ts=2025-05-06T02:09:07.094Z caller=head.go:553 level=error component=tsdb msg="Failed to calculate size of \"chunks_head\" dir" err="lstat data/chunks_head: no such file or directory"
ts=2025-05-06T02:09:08.159Z caller=db.go:998 level=error component=tsdb msg=reloadBlocks err="find blocks: open data/: no such file or directory"
ts=2025-05-06T02:09:12.094Z caller=head.go:553 level=error component=tsdb msg="Failed to calculate size of \"chunks_head\" dir" err="lstat data/chunks_head: no such file or directory"
ts=2025-05-06T02:09:12.095Z caller=wlog.go:289 level=error component=tsdb msg="Failed to calculate size of \"wal\" dir" err="lstat data/wal: no such file or directory"
ts=2025-05-06T02:09:17.093Z caller=head.go:553 level=error component=tsdb msg="Failed to calculate size of \"chunks_head\" dir" err="lstat data/chunks_head: no such file or directory"
ts=2025-05-06T02:09:17.094Z caller=wlog.go:289 level=error component=tsdb msg="Failed to calculate size of \"wal\" dir" err="lstat data/wal: no such file or directory"
ts=2025-05-06T02:09:22.093Z caller=head.go:553 level=error component=tsdb msg="Failed to calculate size of \"chunks_head\" dir" err="lstat data/chunks_head: no such file or directory"
ts=2025-05-06T02:09:22.095Z caller=wlog.go:289 level=error component=tsdb msg="Failed to calculate size of \"wal\" dir" err="lstat data/wal: no such file or directory"
ts=2025-05-06T02:09:27.093Z caller=head.go:553 level=error component=tsdb msg="Failed to calculate size of \"chunks_head\" dir" err="lstat data/chunks_head: no such file or directory"
ts=2025-05-06T02:09:27.095Z caller=wlog.go:289 level=error component=tsdb msg="Failed to calculate size of \"wal\" dir" err="lstat data/wal: no such file or directory"
ts=2025-05-06T02:09:32.093Z caller=head.go:553 level=error component=tsdb msg="Failed to calculate size of \"chunks_head\" dir" err="lstat data/chunks_head: no such file or directory"
ts=2025-05-06T02:09:32.094Z caller=wlog.go:289 level=error component=tsdb msg="Failed to calculate size of \"wal\" dir" err="lstat data/wal: no such file or directory"
ts=2025-05-06T02:09:37.094Z caller=wlog.go:289 level=error component=tsdb msg="Failed to calculate size of \"wal\" dir" err="lstat data/wal: no such file or directory"
ts=2025-05-06T02:09:37.095Z caller=head.go:553 level=error component=tsdb msg="Failed to calculate size of \"chunks_head\" dir" err="lstat data/chunks_head: no such file or directory"
ts=2025-05-06T02:09:42.093Z caller=head.go:553 level=error component=tsdb msg="Failed to calculate size of \"chunks_head\" dir" err="lstat data/chunks_head: no such file or directory"
ts=2025-05-06T02:09:42.094Z caller=wlog.go:289 level=error component=tsdb msg="Failed to calculate size of \"wal\" dir" err="lstat data/wal: no such file or directory"
ts=2025-05-06T02:09:47.093Z caller=head.go:553 level=error component=tsdb msg="Failed to calculate size of \"chunks_head\" dir" err="lstat data/chunks_head: no such file or directory"
ts=2025-05-06T02:09:47.094Z caller=wlog.go:289 level=error component=tsdb msg="Failed to calculate size of \"wal\" dir" err="lstat data/wal: no such file or directory"
ts=2025-05-06T02:09:52.094Z caller=wlog.go:289 level=error component=tsdb msg="Failed to calculate size of \"wal\" dir" err="lstat data/wal: no such file or directory"
ts=2025-05-06T02:09:52.094Z caller=head.go:553 level=error component=tsdb msg="Failed to calculate size of \"chunks_head\" dir" err="lstat data/chunks_head: no such file or directory"
ts=2025-05-06T02:09:57.094Z caller=wlog.go:289 level=error component=tsdb msg="Failed to calculate size of \"wal\" dir" err="lstat data/wal: no such file or directory"
ts=2025-05-06T02:09:57.094Z caller=head.go:553 level=error component=tsdb msg="Failed to calculate size of \"chunks_head\" dir" err="lstat data/chunks_head: no such file or directory"
ts=2025-05-06T02:10:02.093Z caller=head.go:553 level=error component=tsdb msg="Failed to calculate size of \"chunks_head\" dir" err="lstat data/chunks_head: no such file or directory"
ts=2025-05-06T02:10:02.094Z caller=wlog.go:289 level=error component=tsdb msg="Failed to calculate size of \"wal\" dir" err="lstat data/wal: no such file or directory"
ts=2025-05-06T02:10:07.093Z caller=head.go:553 level=error component=tsdb msg="Failed to calculate size of \"chunks_head\" dir" err="lstat data/chunks_head: no such file or directory"
ts=2025-05-06T02:10:07.095Z caller=wlog.go:289 level=error component=tsdb msg="Failed to calculate size of \"wal\" dir" err="lstat data/wal: no such file or directory"
ts=2025-05-06T02:10:08.162Z caller=db.go:1014 level=error component=tsdb msg="compaction failed" err="plan compaction: open data/: no such file or directory"
ts=2025-05-06T02:10:12.094Z caller=head.go:553 level=error component=tsdb msg="Failed to calculate size of \"chunks_head\" dir" err="lstat data/chunks_head: no such file or directory"
ts=2025-05-06T02:10:12.096Z caller=wlog.go:289 level=error component=tsdb msg="Failed to calculate size of \"wal\" dir" err="lstat data/wal: no such file or directory"
ts=2025-05-06T02:10:17.094Z caller=head.go:553 level=error component=tsdb msg="Failed to calculate size of \"chunks_head\" dir" err="lstat data/chunks_head: no such file or directory"
ts=2025-05-06T02:10:17.095Z caller=wlog.go:289 level=error component=tsdb msg="Failed to calculate size of \"wal\" dir" err="lstat data/wal: no such file or directory"
ts=2025-05-06T02:10:22.094Z caller=wlog.go:289 level=error component=tsdb msg="Failed to calculate size of \"wal\" dir" err="lstat data/wal: no such file or directory"
ts=2025-05-06T02:10:22.095Z caller=head.go:553 level=error component=tsdb msg="Failed to calculate size of \"chunks_head\" dir" err="lstat data/chunks_head: no such file or directory"
ts=2025-05-06T02:10:27.095Z caller=wlog.go:289 level=error component=tsdb msg="Failed to calculate size of \"wal\" dir" err="lstat data/wal: no such file or directory"
ts=2025-05-06T02:10:27.095Z caller=head.go:553 level=error component=tsdb msg="Failed to calculate size of \"chunks_head\" dir" err="lstat data/chunks_head: no such file or directory"
ts=2025-05-06T02:10:32.094Z caller=head.go:553 level=error component=tsdb msg="Failed to calculate size of \"chunks_head\" dir" err="lstat data/chunks_head: no such file or directory"
ts=2025-05-06T02:10:32.095Z caller=wlog.go:289 level=error component=tsdb msg="Failed to calculate size of \"wal\" dir" err="lstat data/wal: no such file or directory"
ts=2025-05-06T02:10:37.094Z caller=head.go:553 level=error component=tsdb msg="Failed to calculate size of \"chunks_head\" dir" err="lstat data/chunks_head: no such file or directory"
ts=2025-05-06T02:10:37.095Z caller=wlog.go:289 level=error component=tsdb msg="Failed to calculate size of \"wal\" dir" err="lstat data/wal: no such file or directory"
ts=2025-05-06T02:10:42.093Z caller=wlog.go:289 level=error component=tsdb msg="Failed to calculate size of \"wal\" dir" err="lstat data/wal: no such file or directory"
ts=2025-05-06T02:10:42.094Z caller=head.go:553 level=error component=tsdb msg="Failed to calculate size of \"chunks_head\" dir" err="lstat data/chunks_head: no such file or directory"
ts=2025-05-06T02:10:47.093Z caller=head.go:553 level=error component=tsdb msg="Failed to calculate size of \"chunks_head\" dir" err="lstat data/chunks_head: no such file or directory"
ts=2025-05-06T02:10:47.093Z caller=wlog.go:289 level=error component=tsdb msg="Failed to calculate size of \"wal\" dir" err="lstat data/wal: no such file or directory"
ts=2025-05-06T02:10:52.093Z caller=head.go:553 level=error component=tsdb msg="Failed to calculate size of \"chunks_head\" dir" err="lstat data/chunks_head: no such file or directory"
ts=2025-05-06T02:10:52.094Z caller=wlog.go:289 level=error component=tsdb msg="Failed to calculate size of \"wal\" dir" err="lstat data/wal: no such file or directory"
ts=2025-05-06T02:10:57.093Z caller=head.go:553 level=error component=tsdb msg="Failed to calculate size of \"chunks_head\" dir" err="lstat data/chunks_head: no such file or directory"
ts=2025-05-06T02:10:57.094Z caller=wlog.go:289 level=error component=tsdb msg="Failed to calculate size of \"wal\" dir" err="lstat data/wal: no such file or directory"
ts=2025-05-06T02:11:02.094Z caller=wlog.go:289 level=error component=tsdb msg="Failed to calculate size of \"wal\" dir" err="lstat data/wal: no such file or directory"
ts=2025-05-06T02:11:02.095Z caller=head.go:553 level=error component=tsdb msg="Failed to calculate size of \"chunks_head\" dir" err="lstat data/chunks_head: no such file or directory"
ts=2025-05-06T02:11:07.093Z caller=head.go:553 level=error component=tsdb msg="Failed to calculate size of \"chunks_head\" dir" err="lstat data/chunks_head: no such file or directory"
ts=2025-05-06T02:11:07.094Z caller=wlog.go:289 level=error component=tsdb msg="Failed to calculate size of \"wal\" dir" err="lstat data/wal: no such file or directory"
ts=2025-05-06T02:11:12.094Z caller=head.go:553 level=error component=tsdb msg="Failed to calculate size of \"chunks_head\" dir" err="lstat data/chunks_head: no such file or directory"
ts=2025-05-06T02:11:12.095Z caller=wlog.go:289 level=error component=tsdb msg="Failed to calculate size of \"wal\" dir" err="lstat data/wal: no such file or directory"
ts=2025-05-06T02:11:17.092Z caller=wlog.go:289 level=error component=tsdb msg="Failed to calculate size of \"wal\" dir" err="lstat data/wal: no such file or directory"
ts=2025-05-06T02:11:17.094Z caller=head.go:553 level=error component=tsdb msg="Failed to calculate size of \"chunks_head\" dir" err="lstat data/chunks_head: no such file or directory"
ts=2025-05-06T02:11:22.095Z caller=wlog.go:289 level=error component=tsdb msg="Failed to calculate size of \"wal\" dir" err="lstat data/wal: no such file or directory"
ts=2025-05-06T02:11:22.095Z caller=head.go:553 level=error component=tsdb msg="Failed to calculate size of \"chunks_head\" dir" err="lstat data/chunks_head: no such file or directory"
ts=2025-05-06T02:11:27.093Z caller=head.go:553 level=error component=tsdb msg="Failed to calculate size of \"chunks_head\" dir" err="lstat data/chunks_head: no such file or directory"
ts=2025-05-06T02:11:27.095Z caller=wlog.go:289 level=error component=tsdb msg="Failed to calculate size of \"wal\" dir" err="lstat data/wal: no such file or directory"
ts=2025-05-06T02:11:32.093Z caller=head.go:553 level=error component=tsdb msg="Failed to calculate size of \"chunks_head\" dir" err="lstat data/chunks_head: no such file or directory"
ts=2025-05-06T02:11:32.095Z caller=wlog.go:289 level=error component=tsdb msg="Failed to calculate size of \"wal\" dir" err="lstat data/wal: no such file or directory"
ts=2025-05-06T02:11:37.094Z caller=head.go:553 level=error component=tsdb msg="Failed to calculate size of \"chunks_head\" dir" err="lstat data/chunks_head: no such file or directory"
ts=2025-05-06T02:11:37.095Z caller=wlog.go:289 level=error component=tsdb msg="Failed to calculate size of \"wal\" dir" err="lstat data/wal: no such file or directory"
ts=2025-05-06T02:11:42.094Z caller=head.go:553 level=error component=tsdb msg="Failed to calculate size of \"chunks_head\" dir" err="lstat data/chunks_head: no such file or directory"
ts=2025-05-06T02:11:42.095Z caller=wlog.go:289 level=error component=tsdb msg="Failed to calculate size of \"wal\" dir" err="lstat data/wal: no such file or directory"
ts=2025-05-06T02:11:47.094Z caller=head.go:553 level=error component=tsdb msg="Failed to calculate size of \"chunks_head\" dir" err="lstat data/chunks_head: no such file or directory"
ts=2025-05-06T02:11:47.096Z caller=wlog.go:289 level=error component=tsdb msg="Failed to calculate size of \"wal\" dir" err="lstat data/wal: no such file or directory"
ts=2025-05-06T02:11:52.094Z caller=head.go:553 level=error component=tsdb msg="Failed to calculate size of \"chunks_head\" dir" err="lstat data/chunks_head: no such file or directory"
ts=2025-05-06T02:11:52.095Z caller=wlog.go:289 level=error component=tsdb msg="Failed to calculate size of \"wal\" dir" err="lstat data/wal: no such file or directory"
ts=2025-05-06T02:11:57.094Z caller=head.go:553 level=error component=tsdb msg="Failed to calculate size of \"chunks_head\" dir" err="lstat data/chunks_head: no such file or directory"
ts=2025-05-06T02:11:57.095Z caller=wlog.go:289 level=error component=tsdb msg="Failed to calculate size of \"wal\" dir" err="lstat data/wal: no such file or directory"
ts=2025-05-06T02:12:02.094Z caller=head.go:553 level=error component=tsdb msg="Failed to calculate size of \"chunks_head\" dir" err="lstat data/chunks_head: no such file or directory"
ts=2025-05-06T02:12:02.095Z caller=wlog.go:289 level=error component=tsdb msg="Failed to calculate size of \"wal\" dir" err="lstat data/wal: no such file or directory"
ts=2025-05-06T02:12:07.094Z caller=wlog.go:289 level=error component=tsdb msg="Failed to calculate size of \"wal\" dir" err="lstat data/wal: no such file or directory"
ts=2025-05-06T02:12:07.095Z caller=head.go:553 level=error component=tsdb msg="Failed to calculate size of \"chunks_head\" dir" err="lstat data/chunks_head: no such file or directory"
ts=2025-05-06T02:12:08.163Z caller=db.go:998 level=error component=tsdb msg=reloadBlocks err="find blocks: open data/: no such file or directory"
ts=2025-05-06T02:12:12.095Z caller=wlog.go:289 level=error component=tsdb msg="Failed to calculate size of \"wal\" dir" err="lstat data/wal: no such file or directory"
ts=2025-05-06T02:12:12.095Z caller=head.go:553 level=error component=tsdb msg="Failed to calculate size of \"chunks_head\" dir" err="lstat data/chunks_head: no such file or directory"
ts=2025-05-06T02:12:17.094Z caller=wlog.go:289 level=error component=tsdb msg="Failed to calculate size of \"wal\" dir" err="lstat data/wal: no such file or directory"
ts=2025-05-06T02:12:17.095Z caller=head.go:553 level=error component=tsdb msg="Failed to calculate size of \"chunks_head\" dir" err="lstat data/chunks_head: no such file or directory"
ts=2025-05-06T02:12:22.094Z caller=wlog.go:289 level=error component=tsdb msg="Failed to calculate size of \"wal\" dir" err="lstat data/wal: no such file or directory"
ts=2025-05-06T02:12:22.095Z caller=head.go:553 level=error component=tsdb msg="Failed to calculate size of \"chunks_head\" dir" err="lstat data/chunks_head: no such file or directory"
ts=2025-05-06T02:12:27.094Z caller=head.go:553 level=error component=tsdb msg="Failed to calculate size of \"chunks_head\" dir" err="lstat data/chunks_head: no such file or directory"
ts=2025-05-06T02:12:27.095Z caller=wlog.go:289 level=error component=tsdb msg="Failed to calculate size of \"wal\" dir" err="lstat data/wal: no such file or directory"
ts=2025-05-06T02:12:32.093Z caller=head.go:553 level=error component=tsdb msg="Failed to calculate size of \"chunks_head\" dir" err="lstat data/chunks_head: no such file or directory"
ts=2025-05-06T02:12:32.095Z caller=wlog.go:289 level=error component=tsdb msg="Failed to calculate size of \"wal\" dir" err="lstat data/wal: no such file or directory"
ts=2025-05-06T02:12:37.094Z caller=head.go:553 level=error component=tsdb msg="Failed to calculate size of \"chunks_head\" dir" err="lstat data/chunks_head: no such file or directory"
ts=2025-05-06T02:12:37.095Z caller=wlog.go:289 level=error component=tsdb msg="Failed to calculate size of \"wal\" dir" err="lstat data/wal: no such file or directory"
ts=2025-05-06T02:12:42.095Z caller=wlog.go:289 level=error component=tsdb msg="Failed to calculate size of \"wal\" dir" err="lstat data/wal: no such file or directory"
ts=2025-05-06T02:12:42.095Z caller=head.go:553 level=error component=tsdb msg="Failed to calculate size of \"chunks_head\" dir" err="lstat data/chunks_head: no such file or directory"
ts=2025-05-06T02:12:47.093Z caller=head.go:553 level=error component=tsdb msg="Failed to calculate size of \"chunks_head\" dir" err="lstat data/chunks_head: no such file or directory"
ts=2025-05-06T02:12:47.094Z caller=wlog.go:289 level=error component=tsdb msg="Failed to calculate size of \"wal\" dir" err="lstat data/wal: no such file or directory"
ts=2025-05-06T02:12:52.094Z caller=head.go:553 level=error component=tsdb msg="Failed to calculate size of \"chunks_head\" dir" err="lstat data/chunks_head: no such file or directory"
ts=2025-05-06T02:12:52.095Z caller=wlog.go:289 level=error component=tsdb msg="Failed to calculate size of \"wal\" dir" err="lstat data/wal: no such file or directory"
ts=2025-05-06T02:12:57.093Z caller=head.go:553 level=error component=tsdb msg="Failed to calculate size of \"chunks_head\" dir" err="lstat data/chunks_head: no such file or directory"
ts=2025-05-06T02:12:57.095Z caller=wlog.go:289 level=error component=tsdb msg="Failed to calculate size of \"wal\" dir" err="lstat data/wal: no such file or directory"
ts=2025-05-06T02:13:02.093Z caller=head.go:553 level=error component=tsdb msg="Failed to calculate size of \"chunks_head\" dir" err="lstat data/chunks_head: no such file or directory"
ts=2025-05-06T02:13:02.094Z caller=wlog.go:289 level=error component=tsdb msg="Failed to calculate size of \"wal\" dir" err="lstat data/wal: no such file or directory"
ts=2025-05-06T02:13:07.094Z caller=head.go:553 level=error component=tsdb msg="Failed to calculate size of \"chunks_head\" dir" err="lstat data/chunks_head: no such file or directory"
ts=2025-05-06T02:13:07.095Z caller=wlog.go:289 level=error component=tsdb msg="Failed to calculate size of \"wal\" dir" err="lstat data/wal: no such file or directory"
ts=2025-05-06T02:13:08.169Z caller=db.go:1014 level=error component=tsdb msg="compaction failed" err="plan compaction: open data/: no such file or directory"
ts=2025-05-06T02:13:12.094Z caller=head.go:553 level=error component=tsdb msg="Failed to calculate size of \"chunks_head\" dir" err="lstat data/chunks_head: no such file or directory"
ts=2025-05-06T02:13:12.095Z caller=wlog.go:289 level=error component=tsdb msg="Failed to calculate size of \"wal\" dir" err="lstat data/wal: no such file or directory"
ts=2025-05-06T02:13:17.094Z caller=wlog.go:289 level=error component=tsdb msg="Failed to calculate size of \"wal\" dir" err="lstat data/wal: no such file or directory"
ts=2025-05-06T02:13:17.095Z caller=head.go:553 level=error component=tsdb msg="Failed to calculate size of \"chunks_head\" dir" err="lstat data/chunks_head: no such file or directory"
ts=2025-05-06T02:13:22.093Z caller=head.go:553 level=error component=tsdb msg="Failed to calculate size of \"chunks_head\" dir" err="lstat data/chunks_head: no such file or directory"
ts=2025-05-06T02:13:22.094Z caller=wlog.go:289 level=error component=tsdb msg="Failed to calculate size of \"wal\" dir" err="lstat data/wal: no such file or directory"
ts=2025-05-06T02:13:27.094Z caller=wlog.go:289 level=error component=tsdb msg="Failed to calculate size of \"wal\" dir" err="lstat data/wal: no such file or directory"
ts=2025-05-06T02:13:27.095Z caller=head.go:553 level=error component=tsdb msg="Failed to calculate size of \"chunks_head\" dir" err="lstat data/chunks_head: no such file or directory"
ts=2025-05-06T02:13:32.093Z caller=wlog.go:289 level=error component=tsdb msg="Failed to calculate size of \"wal\" dir" err="lstat data/wal: no such file or directory"
ts=2025-05-06T02:13:32.094Z caller=head.go:553 level=error component=tsdb msg="Failed to calculate size of \"chunks_head\" dir" err="lstat data/chunks_head: no such file or directory"
ts=2025-05-06T02:13:37.093Z caller=head.go:553 level=error component=tsdb msg="Failed to calculate size of \"chunks_head\" dir" err="lstat data/chunks_head: no such file or directory"
ts=2025-05-06T02:13:37.095Z caller=wlog.go:289 level=error component=tsdb msg="Failed to calculate size of \"wal\" dir" err="lstat data/wal: no such file or directory"
ts=2025-05-06T02:13:42.095Z caller=wlog.go:289 level=error component=tsdb msg="Failed to calculate size of \"wal\" dir" err="lstat data/wal: no such file or directory"
ts=2025-05-06T02:13:42.096Z caller=head.go:553 level=error component=tsdb msg="Failed to calculate size of \"chunks_head\" dir" err="lstat data/chunks_head: no such file or directory"
ts=2025-05-06T02:13:47.095Z caller=wlog.go:289 level=error component=tsdb msg="Failed to calculate size of \"wal\" dir" err="lstat data/wal: no such file or directory"
ts=2025-05-06T02:13:47.095Z caller=head.go:553 level=error component=tsdb msg="Failed to calculate size of \"chunks_head\" dir" err="lstat data/chunks_head: no such file or directory"
ts=2025-05-06T02:13:52.093Z caller=wlog.go:289 level=error component=tsdb msg="Failed to calculate size of \"wal\" dir" err="lstat data/wal: no such file or directory"
ts=2025-05-06T02:13:52.094Z caller=head.go:553 level=error component=tsdb msg="Failed to calculate size of \"chunks_head\" dir" err="lstat data/chunks_head: no such file or directory"
ts=2025-05-06T02:13:57.095Z caller=wlog.go:289 level=error component=tsdb msg="Failed to calculate size of \"wal\" dir" err="lstat data/wal: no such file or directory"
ts=2025-05-06T02:13:57.095Z caller=head.go:553 level=error component=tsdb msg="Failed to calculate size of \"chunks_head\" dir" err="lstat data/chunks_head: no such file or directory"
ts=2025-05-06T02:14:02.094Z caller=head.go:553 level=error component=tsdb msg="Failed to calculate size of \"chunks_head\" dir" err="lstat data/chunks_head: no such file or directory"
ts=2025-05-06T02:14:02.095Z caller=wlog.go:289 level=error component=tsdb msg="Failed to calculate size of \"wal\" dir" err="lstat data/wal: no such file or directory"
ts=2025-05-06T02:14:07.094Z caller=wlog.go:289 level=error component=tsdb msg="Failed to calculate size of \"wal\" dir" err="lstat data/wal: no such file or directory"
ts=2025-05-06T02:14:07.095Z caller=head.go:553 level=error component=tsdb msg="Failed to calculate size of \"chunks_head\" dir" err="lstat data/chunks_head: no such file or directory"
ts=2025-05-06T02:14:12.092Z caller=wlog.go:289 level=error component=tsdb msg="Failed to calculate size of \"wal\" dir" err="lstat data/wal: no such file or directory"
ts=2025-05-06T02:14:12.093Z caller=head.go:553 level=error component=tsdb msg="Failed to calculate size of \"chunks_head\" dir" err="lstat data/chunks_head: no such file or directory"
ts=2025-05-06T02:14:17.095Z caller=wlog.go:289 level=error component=tsdb msg="Failed to calculate size of \"wal\" dir" err="lstat data/wal: no such file or directory"
ts=2025-05-06T02:14:17.095Z caller=head.go:553 level=error component=tsdb msg="Failed to calculate size of \"chunks_head\" dir" err="lstat data/chunks_head: no such file or directory"
ts=2025-05-06T02:14:22.094Z caller=head.go:553 level=error component=tsdb msg="Failed to calculate size of \"chunks_head\" dir" err="lstat data/chunks_head: no such file or directory"
ts=2025-05-06T02:14:22.096Z caller=wlog.go:289 level=error component=tsdb msg="Failed to calculate size of \"wal\" dir" err="lstat data/wal: no such file or directory"
ts=2025-05-06T02:14:27.093Z caller=head.go:553 level=error component=tsdb msg="Failed to calculate size of \"chunks_head\" dir" err="lstat data/chunks_head: no such file or directory"
ts=2025-05-06T02:14:27.094Z caller=wlog.go:289 level=error component=tsdb msg="Failed to calculate size of \"wal\" dir" err="lstat data/wal: no such file or directory"
ts=2025-05-06T02:14:32.095Z caller=head.go:553 level=error component=tsdb msg="Failed to calculate size of \"chunks_head\" dir" err="lstat data/chunks_head: no such file or directory"
ts=2025-05-06T02:14:32.096Z caller=wlog.go:289 level=error component=tsdb msg="Failed to calculate size of \"wal\" dir" err="lstat data/wal: no such file or directory"
ts=2025-05-06T02:14:37.094Z caller=head.go:553 level=error component=tsdb msg="Failed to calculate size of \"chunks_head\" dir" err="lstat data/chunks_head: no such file or directory"
ts=2025-05-06T02:14:37.096Z caller=wlog.go:289 level=error component=tsdb msg="Failed to calculate size of \"wal\" dir" err="lstat data/wal: no such file or directory"
ts=2025-05-06T02:14:42.094Z caller=head.go:553 level=error component=tsdb msg="Failed to calculate size of \"chunks_head\" dir" err="lstat data/chunks_head: no such file or directory"
ts=2025-05-06T02:14:42.095Z caller=wlog.go:289 level=error component=tsdb msg="Failed to calculate size of \"wal\" dir" err="lstat data/wal: no such file or directory"
ts=2025-05-06T02:14:47.093Z caller=wlog.go:289 level=error component=tsdb msg="Failed to calculate size of \"wal\" dir" err="lstat data/wal: no such file or directory"
ts=2025-05-06T02:14:47.094Z caller=head.go:553 level=error component=tsdb msg="Failed to calculate size of \"chunks_head\" dir" err="lstat data/chunks_head: no such file or directory"
ts=2025-05-06T02:14:52.094Z caller=head.go:553 level=error component=tsdb msg="Failed to calculate size of \"chunks_head\" dir" err="lstat data/chunks_head: no such file or directory"
ts=2025-05-06T02:14:52.095Z caller=wlog.go:289 level=error component=tsdb msg="Failed to calculate size of \"wal\" dir" err="lstat data/wal: no such file or directory"
ts=2025-05-06T02:14:57.094Z caller=head.go:553 level=error component=tsdb msg="Failed to calculate size of \"chunks_head\" dir" err="lstat data/chunks_head: no such file or directory"
ts=2025-05-06T02:14:57.095Z caller=wlog.go:289 level=error component=tsdb msg="Failed to calculate size of \"wal\" dir" err="lstat data/wal: no such file or directory"
ts=2025-05-06T02:15:02.094Z caller=wlog.go:289 level=error component=tsdb msg="Failed to calculate size of \"wal\" dir" err="lstat data/wal: no such file or directory"
ts=2025-05-06T02:15:02.094Z caller=head.go:553 level=error component=tsdb msg="Failed to calculate size of \"chunks_head\" dir" err="lstat data/chunks_head: no such file or directory"
ts=2025-05-06T02:15:07.094Z caller=wlog.go:289 level=error component=tsdb msg="Failed to calculate size of \"wal\" dir" err="lstat data/wal: no such file or directory"
ts=2025-05-06T02:15:07.095Z caller=head.go:553 level=error component=tsdb msg="Failed to calculate size of \"chunks_head\" dir" err="lstat data/chunks_head: no such file or directory"
ts=2025-05-06T02:15:08.170Z caller=db.go:998 level=error component=tsdb msg=reloadBlocks err="find blocks: open data/: no such file or directory"
ts=2025-05-06T02:15:12.093Z caller=wlog.go:289 level=error component=tsdb msg="Failed to calculate size of \"wal\" dir" err="lstat data/wal: no such file or directory"
ts=2025-05-06T02:15:12.094Z caller=head.go:553 level=error component=tsdb msg="Failed to calculate size of \"chunks_head\" dir" err="lstat data/chunks_head: no such file or directory"
ts=2025-05-06T02:15:17.094Z caller=head.go:553 level=error component=tsdb msg="Failed to calculate size of \"chunks_head\" dir" err="lstat data/chunks_head: no such file or directory"
ts=2025-05-06T02:15:17.095Z caller=wlog.go:289 level=error component=tsdb msg="Failed to calculate size of \"wal\" dir" err="lstat data/wal: no such file or directory"
ts=2025-05-06T02:15:22.094Z caller=head.go:553 level=error component=tsdb msg="Failed to calculate size of \"chunks_head\" dir" err="lstat data/chunks_head: no such file or directory"
ts=2025-05-06T02:15:22.096Z caller=wlog.go:289 level=error component=tsdb msg="Failed to calculate size of \"wal\" dir" err="lstat data/wal: no such file or directory"
ts=2025-05-06T02:15:27.093Z caller=head.go:553 level=error component=tsdb msg="Failed to calculate size of \"chunks_head\" dir" err="lstat data/chunks_head: no such file or directory"
ts=2025-05-06T02:15:27.094Z caller=wlog.go:289 level=error component=tsdb msg="Failed to calculate size of \"wal\" dir" err="lstat data/wal: no such file or directory"
ts=2025-05-06T02:15:32.094Z caller=head.go:553 level=error component=tsdb msg="Failed to calculate size of \"chunks_head\" dir" err="lstat data/chunks_head: no such file or directory"
ts=2025-05-06T02:15:32.096Z caller=wlog.go:289 level=error component=tsdb msg="Failed to calculate size of \"wal\" dir" err="lstat data/wal: no such file or directory"
ts=2025-05-06T02:15:37.094Z caller=head.go:553 level=error component=tsdb msg="Failed to calculate size of \"chunks_head\" dir" err="lstat data/chunks_head: no such file or directory"
ts=2025-05-06T02:15:37.095Z caller=wlog.go:289 level=error component=tsdb msg="Failed to calculate size of \"wal\" dir" err="lstat data/wal: no such file or directory"
ts=2025-05-06T02:15:42.094Z caller=head.go:553 level=error component=tsdb msg="Failed to calculate size of \"chunks_head\" dir" err="lstat data/chunks_head: no such file or directory"
ts=2025-05-06T02:15:42.096Z caller=wlog.go:289 level=error component=tsdb msg="Failed to calculate size of \"wal\" dir" err="lstat data/wal: no such file or directory"
ts=2025-05-06T02:15:47.095Z caller=wlog.go:289 level=error component=tsdb msg="Failed to calculate size of \"wal\" dir" err="lstat data/wal: no such file or directory"
ts=2025-05-06T02:15:47.096Z caller=head.go:553 level=error component=tsdb msg="Failed to calculate size of \"chunks_head\" dir" err="lstat data/chunks_head: no such file or directory"
ts=2025-05-06T02:15:52.095Z caller=wlog.go:289 level=error component=tsdb msg="Failed to calculate size of \"wal\" dir" err="lstat data/wal: no such file or directory"
ts=2025-05-06T02:15:52.096Z caller=head.go:553 level=error component=tsdb msg="Failed to calculate size of \"chunks_head\" dir" err="lstat data/chunks_head: no such file or directory"
ts=2025-05-06T02:15:57.094Z caller=head.go:553 level=error component=tsdb msg="Failed to calculate size of \"chunks_head\" dir" err="lstat data/chunks_head: no such file or directory"
ts=2025-05-06T02:15:57.095Z caller=wlog.go:289 level=error component=tsdb msg="Failed to calculate size of \"wal\" dir" err="lstat data/wal: no such file or directory"
ts=2025-05-06T02:16:02.093Z caller=head.go:553 level=error component=tsdb msg="Failed to calculate size of \"chunks_head\" dir" err="lstat data/chunks_head: no such file or directory"
ts=2025-05-06T02:16:02.095Z caller=wlog.go:289 level=error component=tsdb msg="Failed to calculate size of \"wal\" dir" err="lstat data/wal: no such file or directory"
ts=2025-05-06T02:16:07.093Z caller=wlog.go:289 level=error component=tsdb msg="Failed to calculate size of \"wal\" dir" err="lstat data/wal: no such file or directory"
ts=2025-05-06T02:16:07.094Z caller=head.go:553 level=error component=tsdb msg="Failed to calculate size of \"chunks_head\" dir" err="lstat data/chunks_head: no such file or directory"
ts=2025-05-06T02:16:08.173Z caller=db.go:1014 level=error component=tsdb msg="compaction failed" err="plan compaction: open data/: no such file or directory"
ts=2025-05-06T02:16:12.093Z caller=head.go:553 level=error component=tsdb msg="Failed to calculate size of \"chunks_head\" dir" err="lstat data/chunks_head: no such file or directory"
ts=2025-05-06T02:16:12.094Z caller=wlog.go:289 level=error component=tsdb msg="Failed to calculate size of \"wal\" dir" err="lstat data/wal: no such file or directory"
ts=2025-05-06T02:16:17.094Z caller=head.go:553 level=error component=tsdb msg="Failed to calculate size of \"chunks_head\" dir" err="lstat data/chunks_head: no such file or directory"
ts=2025-05-06T02:16:17.095Z caller=wlog.go:289 level=error component=tsdb msg="Failed to calculate size of \"wal\" dir" err="lstat data/wal: no such file or directory"
ts=2025-05-06T02:16:22.095Z caller=wlog.go:289 level=error component=tsdb msg="Failed to calculate size of \"wal\" dir" err="lstat data/wal: no such file or directory"
ts=2025-05-06T02:16:22.095Z caller=head.go:553 level=error component=tsdb msg="Failed to calculate size of \"chunks_head\" dir" err="lstat data/chunks_head: no such file or directory"
ts=2025-05-06T02:16:27.093Z caller=head.go:553 level=error component=tsdb msg="Failed to calculate size of \"chunks_head\" dir" err="lstat data/chunks_head: no such file or directory"
ts=2025-05-06T02:16:27.095Z caller=wlog.go:289 level=error component=tsdb msg="Failed to calculate size of \"wal\" dir" err="lstat data/wal: no such file or directory"
ts=2025-05-06T02:16:32.094Z caller=head.go:553 level=error component=tsdb msg="Failed to calculate size of \"chunks_head\" dir" err="lstat data/chunks_head: no such file or directory"
ts=2025-05-06T02:16:32.095Z caller=wlog.go:289 level=error component=tsdb msg="Failed to calculate size of \"wal\" dir" err="lstat data/wal: no such file or directory"
ts=2025-05-06T02:16:37.093Z caller=head.go:553 level=error component=tsdb msg="Failed to calculate size of \"chunks_head\" dir" err="lstat data/chunks_head: no such file or directory"
ts=2025-05-06T02:16:37.094Z caller=wlog.go:289 level=error component=tsdb msg="Failed to calculate size of \"wal\" dir" err="lstat data/wal: no such file or directory"
ts=2025-05-06T02:16:42.095Z caller=wlog.go:289 level=error component=tsdb msg="Failed to calculate size of \"wal\" dir" err="lstat data/wal: no such file or directory"
ts=2025-05-06T02:16:42.095Z caller=head.go:553 level=error component=tsdb msg="Failed to calculate size of \"chunks_head\" dir" err="lstat data/chunks_head: no such file or directory"
ts=2025-05-06T02:16:47.094Z caller=head.go:553 level=error component=tsdb msg="Failed to calculate size of \"chunks_head\" dir" err="lstat data/chunks_head: no such file or directory"
ts=2025-05-06T02:16:47.095Z caller=wlog.go:289 level=error component=tsdb msg="Failed to calculate size of \"wal\" dir" err="lstat data/wal: no such file or directory"
ts=2025-05-06T02:16:52.095Z caller=wlog.go:289 level=error component=tsdb msg="Failed to calculate size of \"wal\" dir" err="lstat data/wal: no such file or directory"
ts=2025-05-06T02:16:52.096Z caller=head.go:553 level=error component=tsdb msg="Failed to calculate size of \"chunks_head\" dir" err="lstat data/chunks_head: no such file or directory"
ts=2025-05-06T02:16:57.093Z caller=head.go:553 level=error component=tsdb msg="Failed to calculate size of \"chunks_head\" dir" err="lstat data/chunks_head: no such file or directory"
ts=2025-05-06T02:16:57.095Z caller=wlog.go:289 level=error component=tsdb msg="Failed to calculate size of \"wal\" dir" err="lstat data/wal: no such file or directory"
ts=2025-05-06T02:17:02.095Z caller=wlog.go:289 level=error component=tsdb msg="Failed to calculate size of \"wal\" dir" err="lstat data/wal: no such file or directory"
ts=2025-05-06T02:17:02.096Z caller=head.go:553 level=error component=tsdb msg="Failed to calculate size of \"chunks_head\" dir" err="lstat data/chunks_head: no such file or directory"
ts=2025-05-06T02:17:07.094Z caller=wlog.go:289 level=error component=tsdb msg="Failed to calculate size of \"wal\" dir" err="lstat data/wal: no such file or directory"
ts=2025-05-06T02:17:07.095Z caller=head.go:553 level=error component=tsdb msg="Failed to calculate size of \"chunks_head\" dir" err="lstat data/chunks_head: no such file or directory"
ts=2025-05-06T02:17:12.094Z caller=wlog.go:289 level=error component=tsdb msg="Failed to calculate size of \"wal\" dir" err="lstat data/wal: no such file or directory"
ts=2025-05-06T02:17:12.095Z caller=head.go:553 level=error component=tsdb msg="Failed to calculate size of \"chunks_head\" dir" err="lstat data/chunks_head: no such file or directory"
ts=2025-05-06T02:17:17.094Z caller=head.go:553 level=error component=tsdb msg="Failed to calculate size of \"chunks_head\" dir" err="lstat data/chunks_head: no such file or directory"
ts=2025-05-06T02:17:17.095Z caller=wlog.go:289 level=error component=tsdb msg="Failed to calculate size of \"wal\" dir" err="lstat data/wal: no such file or directory"
ts=2025-05-06T02:17:22.095Z caller=wlog.go:289 level=error component=tsdb msg="Failed to calculate size of \"wal\" dir" err="lstat data/wal: no such file or directory"
ts=2025-05-06T02:17:22.096Z caller=head.go:553 level=error component=tsdb msg="Failed to calculate size of \"chunks_head\" dir" err="lstat data/chunks_head: no such file or directory"
ts=2025-05-06T02:17:27.093Z caller=head.go:553 level=error component=tsdb msg="Failed to calculate size of \"chunks_head\" dir" err="lstat data/chunks_head: no such file or directory"
ts=2025-05-06T02:17:27.094Z caller=wlog.go:289 level=error component=tsdb msg="Failed to calculate size of \"wal\" dir" err="lstat data/wal: no such file or directory"
ts=2025-05-06T02:17:32.093Z caller=head.go:553 level=error component=tsdb msg="Failed to calculate size of \"chunks_head\" dir" err="lstat data/chunks_head: no such file or directory"
ts=2025-05-06T02:17:32.095Z caller=wlog.go:289 level=error component=tsdb msg="Failed to calculate size of \"wal\" dir" err="lstat data/wal: no such file or directory"
ts=2025-05-06T02:17:37.094Z caller=wlog.go:289 level=error component=tsdb msg="Failed to calculate size of \"wal\" dir" err="lstat data/wal: no such file or directory"
ts=2025-05-06T02:17:37.095Z caller=head.go:553 level=error component=tsdb msg="Failed to calculate size of \"chunks_head\" dir" err="lstat data/chunks_head: no such file or directory"
ts=2025-05-06T02:17:42.094Z caller=head.go:553 level=error component=tsdb msg="Failed to calculate size of \"chunks_head\" dir" err="lstat data/chunks_head: no such file or directory"
ts=2025-05-06T02:17:42.095Z caller=wlog.go:289 level=error component=tsdb msg="Failed to calculate size of \"wal\" dir" err="lstat data/wal: no such file or directory"
ts=2025-05-06T02:17:47.093Z caller=head.go:553 level=error component=tsdb msg="Failed to calculate size of \"chunks_head\" dir" err="lstat data/chunks_head: no such file or directory"
ts=2025-05-06T02:17:47.097Z caller=wlog.go:289 level=error component=tsdb msg="Failed to calculate size of \"wal\" dir" err="lstat data/wal: no such file or directory"
ts=2025-05-06T02:17:52.093Z caller=head.go:553 level=error component=tsdb msg="Failed to calculate size of \"chunks_head\" dir" err="lstat data/chunks_head: no such file or directory"
ts=2025-05-06T02:17:52.094Z caller=wlog.go:289 level=error component=tsdb msg="Failed to calculate size of \"wal\" dir" err="lstat data/wal: no such file or directory"
ts=2025-05-06T02:17:57.094Z caller=wlog.go:289 level=error component=tsdb msg="Failed to calculate size of \"wal\" dir" err="lstat data/wal: no such file or directory"
ts=2025-05-06T02:17:57.095Z caller=head.go:553 level=error component=tsdb msg="Failed to calculate size of \"chunks_head\" dir" err="lstat data/chunks_head: no such file or directory"
ts=2025-05-06T02:18:02.094Z caller=wlog.go:289 level=error component=tsdb msg="Failed to calculate size of \"wal\" dir" err="lstat data/wal: no such file or directory"
ts=2025-05-06T02:18:02.095Z caller=head.go:553 level=error component=tsdb msg="Failed to calculate size of \"chunks_head\" dir" err="lstat data/chunks_head: no such file or directory"
ts=2025-05-06T02:18:07.094Z caller=head.go:553 level=error component=tsdb msg="Failed to calculate size of \"chunks_head\" dir" err="lstat data/chunks_head: no such file or directory"
ts=2025-05-06T02:18:07.095Z caller=wlog.go:289 level=error component=tsdb msg="Failed to calculate size of \"wal\" dir" err="lstat data/wal: no such file or directory"
ts=2025-05-06T02:18:08.175Z caller=db.go:998 level=error component=tsdb msg=reloadBlocks err="find blocks: open data/: no such file or directory"
ts=2025-05-06T02:18:12.094Z caller=head.go:553 level=error component=tsdb msg="Failed to calculate size of \"chunks_head\" dir" err="lstat data/chunks_head: no such file or directory"
ts=2025-05-06T02:18:12.095Z caller=wlog.go:289 level=error component=tsdb msg="Failed to calculate size of \"wal\" dir" err="lstat data/wal: no such file or directory"
ts=2025-05-06T02:18:17.094Z caller=head.go:553 level=error component=tsdb msg="Failed to calculate size of \"chunks_head\" dir" err="lstat data/chunks_head: no such file or directory"
ts=2025-05-06T02:18:17.095Z caller=wlog.go:289 level=error component=tsdb msg="Failed to calculate size of \"wal\" dir" err="lstat data/wal: no such file or directory"
ts=2025-05-06T02:18:22.094Z caller=head.go:553 level=error component=tsdb msg="Failed to calculate size of \"chunks_head\" dir" err="lstat data/chunks_head: no such file or directory"
ts=2025-05-06T02:18:22.095Z caller=wlog.go:289 level=error component=tsdb msg="Failed to calculate size of \"wal\" dir" err="lstat data/wal: no such file or directory"
ts=2025-05-06T02:18:27.092Z caller=head.go:553 level=error component=tsdb msg="Failed to calculate size of \"chunks_head\" dir" err="lstat data/chunks_head: no such file or directory"
ts=2025-05-06T02:18:27.093Z caller=wlog.go:289 level=error component=tsdb msg="Failed to calculate size of \"wal\" dir" err="lstat data/wal: no such file or directory"
ts=2025-05-06T02:18:32.093Z caller=wlog.go:289 level=error component=tsdb msg="Failed to calculate size of \"wal\" dir" err="lstat data/wal: no such file or directory"
ts=2025-05-06T02:18:32.093Z caller=head.go:553 level=error component=tsdb msg="Failed to calculate size of \"chunks_head\" dir" err="lstat data/chunks_head: no such file or directory"
ts=2025-05-06T02:18:37.093Z caller=wlog.go:289 level=error component=tsdb msg="Failed to calculate size of \"wal\" dir" err="lstat data/wal: no such file or directory"
ts=2025-05-06T02:18:37.094Z caller=head.go:553 level=error component=tsdb msg="Failed to calculate size of \"chunks_head\" dir" err="lstat data/chunks_head: no such file or directory"
ts=2025-05-06T02:18:42.093Z caller=head.go:553 level=error component=tsdb msg="Failed to calculate size of \"chunks_head\" dir" err="lstat data/chunks_head: no such file or directory"
ts=2025-05-06T02:18:42.094Z caller=wlog.go:289 level=error component=tsdb msg="Failed to calculate size of \"wal\" dir" err="lstat data/wal: no such file or directory"
ts=2025-05-06T02:18:47.093Z caller=head.go:553 level=error component=tsdb msg="Failed to calculate size of \"chunks_head\" dir" err="lstat data/chunks_head: no such file or directory"
ts=2025-05-06T02:18:47.093Z caller=wlog.go:289 level=error component=tsdb msg="Failed to calculate size of \"wal\" dir" err="lstat data/wal: no such file or directory"
ts=2025-05-06T02:18:52.093Z caller=head.go:553 level=error component=tsdb msg="Failed to calculate size of \"chunks_head\" dir" err="lstat data/chunks_head: no such file or directory"
ts=2025-05-06T02:18:52.093Z caller=wlog.go:289 level=error component=tsdb msg="Failed to calculate size of \"wal\" dir" err="lstat data/wal: no such file or directory"
ts=2025-05-06T02:18:57.094Z caller=wlog.go:289 level=error component=tsdb msg="Failed to calculate size of \"wal\" dir" err="lstat data/wal: no such file or directory"
ts=2025-05-06T02:18:57.095Z caller=head.go:553 level=error component=tsdb msg="Failed to calculate size of \"chunks_head\" dir" err="lstat data/chunks_head: no such file or directory"
ts=2025-05-06T02:19:02.094Z caller=head.go:553 level=error component=tsdb msg="Failed to calculate size of \"chunks_head\" dir" err="lstat data/chunks_head: no such file or directory"
ts=2025-05-06T02:19:02.095Z caller=wlog.go:289 level=error component=tsdb msg="Failed to calculate size of \"wal\" dir" err="lstat data/wal: no such file or directory"
ts=2025-05-06T02:19:07.093Z caller=head.go:553 level=error component=tsdb msg="Failed to calculate size of \"chunks_head\" dir" err="lstat data/chunks_head: no such file or directory"
ts=2025-05-06T02:19:07.093Z caller=wlog.go:289 level=error component=tsdb msg="Failed to calculate size of \"wal\" dir" err="lstat data/wal: no such file or directory"
ts=2025-05-06T02:19:08.176Z caller=db.go:1014 level=error component=tsdb msg="compaction failed" err="plan compaction: open data/: no such file or directory"
ts=2025-05-06T02:19:12.094Z caller=head.go:553 level=error component=tsdb msg="Failed to calculate size of \"chunks_head\" dir" err="lstat data/chunks_head: no such file or directory"
ts=2025-05-06T02:19:12.096Z caller=wlog.go:289 level=error component=tsdb msg="Failed to calculate size of \"wal\" dir" err="lstat data/wal: no such file or directory"
ts=2025-05-06T02:19:17.094Z caller=head.go:553 level=error component=tsdb msg="Failed to calculate size of \"chunks_head\" dir" err="lstat data/chunks_head: no such file or directory"
ts=2025-05-06T02:19:17.096Z caller=wlog.go:289 level=error component=tsdb msg="Failed to calculate size of \"wal\" dir" err="lstat data/wal: no such file or directory"
ts=2025-05-06T02:19:22.093Z caller=head.go:553 level=error component=tsdb msg="Failed to calculate size of \"chunks_head\" dir" err="lstat data/chunks_head: no such file or directory"
ts=2025-05-06T02:19:22.093Z caller=wlog.go:289 level=error component=tsdb msg="Failed to calculate size of \"wal\" dir" err="lstat data/wal: no such file or directory"
ts=2025-05-06T02:19:27.094Z caller=head.go:553 level=error component=tsdb msg="Failed to calculate size of \"chunks_head\" dir" err="lstat data/chunks_head: no such file or directory"
ts=2025-05-06T02:19:27.095Z caller=wlog.go:289 level=error component=tsdb msg="Failed to calculate size of \"wal\" dir" err="lstat data/wal: no such file or directory"
ts=2025-05-06T02:19:32.094Z caller=wlog.go:289 level=error component=tsdb msg="Failed to calculate size of \"wal\" dir" err="lstat data/wal: no such file or directory"
ts=2025-05-06T02:19:32.094Z caller=head.go:553 level=error component=tsdb msg="Failed to calculate size of \"chunks_head\" dir" err="lstat data/chunks_head: no such file or directory"
ts=2025-05-06T02:19:37.094Z caller=head.go:553 level=error component=tsdb msg="Failed to calculate size of \"chunks_head\" dir" err="lstat data/chunks_head: no such file or directory"
ts=2025-05-06T02:19:37.094Z caller=wlog.go:289 level=error component=tsdb msg="Failed to calculate size of \"wal\" dir" err="lstat data/wal: no such file or directory"
ts=2025-05-06T02:19:42.094Z caller=head.go:553 level=error component=tsdb msg="Failed to calculate size of \"chunks_head\" dir" err="lstat data/chunks_head: no such file or directory"
ts=2025-05-06T02:19:42.095Z caller=wlog.go:289 level=error component=tsdb msg="Failed to calculate size of \"wal\" dir" err="lstat data/wal: no such file or directory"
ts=2025-05-06T02:19:47.095Z caller=head.go:553 level=error component=tsdb msg="Failed to calculate size of \"chunks_head\" dir" err="lstat data/chunks_head: no such file or directory"
ts=2025-05-06T02:19:47.096Z caller=wlog.go:289 level=error component=tsdb msg="Failed to calculate size of \"wal\" dir" err="lstat data/wal: no such file or directory"
ts=2025-05-06T02:19:52.094Z caller=wlog.go:289 level=error component=tsdb msg="Failed to calculate size of \"wal\" dir" err="lstat data/wal: no such file or directory"
ts=2025-05-06T02:19:52.095Z caller=head.go:553 level=error component=tsdb msg="Failed to calculate size of \"chunks_head\" dir" err="lstat data/chunks_head: no such file or directory"
ts=2025-05-06T02:19:57.094Z caller=head.go:553 level=error component=tsdb msg="Failed to calculate size of \"chunks_head\" dir" err="lstat data/chunks_head: no such file or directory"
ts=2025-05-06T02:19:57.095Z caller=wlog.go:289 level=error component=tsdb msg="Failed to calculate size of \"wal\" dir" err="lstat data/wal: no such file or directory"
ts=2025-05-06T02:20:02.095Z caller=wlog.go:289 level=error component=tsdb msg="Failed to calculate size of \"wal\" dir" err="lstat data/wal: no such file or directory"
ts=2025-05-06T02:20:02.096Z caller=head.go:553 level=error component=tsdb msg="Failed to calculate size of \"chunks_head\" dir" err="lstat data/chunks_head: no such file or directory"
ts=2025-05-06T02:20:07.094Z caller=wlog.go:289 level=error component=tsdb msg="Failed to calculate size of \"wal\" dir" err="lstat data/wal: no such file or directory"
ts=2025-05-06T02:20:07.095Z caller=head.go:553 level=error component=tsdb msg="Failed to calculate size of \"chunks_head\" dir" err="lstat data/chunks_head: no such file or directory"
ts=2025-05-06T02:20:12.093Z caller=head.go:553 level=error component=tsdb msg="Failed to calculate size of \"chunks_head\" dir" err="lstat data/chunks_head: no such file or directory"
ts=2025-05-06T02:20:12.094Z caller=wlog.go:289 level=error component=tsdb msg="Failed to calculate size of \"wal\" dir" err="lstat data/wal: no such file or directory"
ts=2025-05-06T02:20:17.093Z caller=wlog.go:289 level=error component=tsdb msg="Failed to calculate size of \"wal\" dir" err="lstat data/wal: no such file or directory"
ts=2025-05-06T02:20:17.094Z caller=head.go:553 level=error component=tsdb msg="Failed to calculate size of \"chunks_head\" dir" err="lstat data/chunks_head: no such file or directory"
ts=2025-05-06T02:20:22.094Z caller=head.go:553 level=error component=tsdb msg="Failed to calculate size of \"chunks_head\" dir" err="lstat data/chunks_head: no such file or directory"
ts=2025-05-06T02:20:22.095Z caller=wlog.go:289 level=error component=tsdb msg="Failed to calculate size of \"wal\" dir" err="lstat data/wal: no such file or directory"
ts=2025-05-06T02:20:27.093Z caller=wlog.go:289 level=error component=tsdb msg="Failed to calculate size of \"wal\" dir" err="lstat data/wal: no such file or directory"
ts=2025-05-06T02:20:27.093Z caller=head.go:553 level=error component=tsdb msg="Failed to calculate size of \"chunks_head\" dir" err="lstat data/chunks_head: no such file or directory"
ts=2025-05-06T02:20:32.093Z caller=head.go:553 level=error component=tsdb msg="Failed to calculate size of \"chunks_head\" dir" err="lstat data/chunks_head: no such file or directory"
ts=2025-05-06T02:20:32.094Z caller=wlog.go:289 level=error component=tsdb msg="Failed to calculate size of \"wal\" dir" err="lstat data/wal: no such file or directory"
ts=2025-05-06T02:20:37.094Z caller=head.go:553 level=error component=tsdb msg="Failed to calculate size of \"chunks_head\" dir" err="lstat data/chunks_head: no such file or directory"
ts=2025-05-06T02:20:37.096Z caller=wlog.go:289 level=error component=tsdb msg="Failed to calculate size of \"wal\" dir" err="lstat data/wal: no such file or directory"
ts=2025-05-06T02:20:42.093Z caller=head.go:553 level=error component=tsdb msg="Failed to calculate size of \"chunks_head\" dir" err="lstat data/chunks_head: no such file or directory"
ts=2025-05-06T02:20:42.095Z caller=wlog.go:289 level=error component=tsdb msg="Failed to calculate size of \"wal\" dir" err="lstat data/wal: no such file or directory"
ts=2025-05-06T02:20:47.094Z caller=head.go:553 level=error component=tsdb msg="Failed to calculate size of \"chunks_head\" dir" err="lstat data/chunks_head: no such file or directory"
ts=2025-05-06T02:20:47.095Z caller=wlog.go:289 level=error component=tsdb msg="Failed to calculate size of \"wal\" dir" err="lstat data/wal: no such file or directory"
ts=2025-05-06T02:20:52.093Z caller=head.go:553 level=error component=tsdb msg="Failed to calculate size of \"chunks_head\" dir" err="lstat data/chunks_head: no such file or directory"
ts=2025-05-06T02:20:52.094Z caller=wlog.go:289 level=error component=tsdb msg="Failed to calculate size of \"wal\" dir" err="lstat data/wal: no such file or directory"
ts=2025-05-06T02:20:57.094Z caller=head.go:553 level=error component=tsdb msg="Failed to calculate size of \"chunks_head\" dir" err="lstat data/chunks_head: no such file or directory"
ts=2025-05-06T02:20:57.095Z caller=wlog.go:289 level=error component=tsdb msg="Failed to calculate size of \"wal\" dir" err="lstat data/wal: no such file or directory"
ts=2025-05-06T02:21:02.092Z caller=wlog.go:289 level=error component=tsdb msg="Failed to calculate size of \"wal\" dir" err="lstat data/wal: no such file or directory"
ts=2025-05-06T02:21:02.093Z caller=head.go:553 level=error component=tsdb msg="Failed to calculate size of \"chunks_head\" dir" err="lstat data/chunks_head: no such file or directory"
ts=2025-05-06T02:21:07.095Z caller=wlog.go:289 level=error component=tsdb msg="Failed to calculate size of \"wal\" dir" err="lstat data/wal: no such file or directory"
ts=2025-05-06T02:21:07.096Z caller=head.go:553 level=error component=tsdb msg="Failed to calculate size of \"chunks_head\" dir" err="lstat data/chunks_head: no such file or directory"
ts=2025-05-06T02:21:08.177Z caller=db.go:998 level=error component=tsdb msg=reloadBlocks err="find blocks: open data/: no such file or directory"
ts=2025-05-06T02:21:12.093Z caller=wlog.go:289 level=error component=tsdb msg="Failed to calculate size of \"wal\" dir" err="lstat data/wal: no such file or directory"
ts=2025-05-06T02:21:12.094Z caller=head.go:553 level=error component=tsdb msg="Failed to calculate size of \"chunks_head\" dir" err="lstat data/chunks_head: no such file or directory"
ts=2025-05-06T02:21:17.094Z caller=head.go:553 level=error component=tsdb msg="Failed to calculate size of \"chunks_head\" dir" err="lstat data/chunks_head: no such file or directory"
ts=2025-05-06T02:21:17.095Z caller=wlog.go:289 level=error component=tsdb msg="Failed to calculate size of \"wal\" dir" err="lstat data/wal: no such file or directory"
ts=2025-05-06T02:21:22.094Z caller=head.go:553 level=error component=tsdb msg="Failed to calculate size of \"chunks_head\" dir" err="lstat data/chunks_head: no such file or directory"
ts=2025-05-06T02:21:22.095Z caller=wlog.go:289 level=error component=tsdb msg="Failed to calculate size of \"wal\" dir" err="lstat data/wal: no such file or directory"
ts=2025-05-06T02:21:27.094Z caller=wlog.go:289 level=error component=tsdb msg="Failed to calculate size of \"wal\" dir" err="lstat data/wal: no such file or directory"
ts=2025-05-06T02:21:27.095Z caller=head.go:553 level=error component=tsdb msg="Failed to calculate size of \"chunks_head\" dir" err="lstat data/chunks_head: no such file or directory"
ts=2025-05-06T02:21:32.093Z caller=head.go:553 level=error component=tsdb msg="Failed to calculate size of \"chunks_head\" dir" err="lstat data/chunks_head: no such file or directory"
ts=2025-05-06T02:21:32.094Z caller=wlog.go:289 level=error component=tsdb msg="Failed to calculate size of \"wal\" dir" err="lstat data/wal: no such file or directory"
ts=2025-05-06T02:21:37.093Z caller=head.go:553 level=error component=tsdb msg="Failed to calculate size of \"chunks_head\" dir" err="lstat data/chunks_head: no such file or directory"
ts=2025-05-06T02:21:37.094Z caller=wlog.go:289 level=error component=tsdb msg="Failed to calculate size of \"wal\" dir" err="lstat data/wal: no such file or directory"
ts=2025-05-06T02:21:42.094Z caller=wlog.go:289 level=error component=tsdb msg="Failed to calculate size of \"wal\" dir" err="lstat data/wal: no such file or directory"
ts=2025-05-06T02:21:42.095Z caller=head.go:553 level=error component=tsdb msg="Failed to calculate size of \"chunks_head\" dir" err="lstat data/chunks_head: no such file or directory"
ts=2025-05-06T02:21:47.094Z caller=wlog.go:289 level=error component=tsdb msg="Failed to calculate size of \"wal\" dir" err="lstat data/wal: no such file or directory"
ts=2025-05-06T02:21:47.095Z caller=head.go:553 level=error component=tsdb msg="Failed to calculate size of \"chunks_head\" dir" err="lstat data/chunks_head: no such file or directory"
ts=2025-05-06T02:21:52.094Z caller=head.go:553 level=error component=tsdb msg="Failed to calculate size of \"chunks_head\" dir" err="lstat data/chunks_head: no such file or directory"
ts=2025-05-06T02:21:52.096Z caller=wlog.go:289 level=error component=tsdb msg="Failed to calculate size of \"wal\" dir" err="lstat data/wal: no such file or directory"
ts=2025-05-06T02:21:57.094Z caller=wlog.go:289 level=error component=tsdb msg="Failed to calculate size of \"wal\" dir" err="lstat data/wal: no such file or directory"
ts=2025-05-06T02:21:57.095Z caller=head.go:553 level=error component=tsdb msg="Failed to calculate size of \"chunks_head\" dir" err="lstat data/chunks_head: no such file or directory"
ts=2025-05-06T02:22:02.094Z caller=head.go:553 level=error component=tsdb msg="Failed to calculate size of \"chunks_head\" dir" err="lstat data/chunks_head: no such file or directory"
ts=2025-05-06T02:22:02.095Z caller=wlog.go:289 level=error component=tsdb msg="Failed to calculate size of \"wal\" dir" err="lstat data/wal: no such file or directory"
ts=2025-05-06T02:22:07.094Z caller=wlog.go:289 level=error component=tsdb msg="Failed to calculate size of \"wal\" dir" err="lstat data/wal: no such file or directory"
ts=2025-05-06T02:22:07.095Z caller=head.go:553 level=error component=tsdb msg="Failed to calculate size of \"chunks_head\" dir" err="lstat data/chunks_head: no such file or directory"
ts=2025-05-06T02:22:08.182Z caller=db.go:1014 level=error component=tsdb msg="compaction failed" err="plan compaction: open data/: no such file or directory"
ts=2025-05-06T02:22:12.093Z caller=wlog.go:289 level=error component=tsdb msg="Failed to calculate size of \"wal\" dir" err="lstat data/wal: no such file or directory"
ts=2025-05-06T02:22:12.094Z caller=head.go:553 level=error component=tsdb msg="Failed to calculate size of \"chunks_head\" dir" err="lstat data/chunks_head: no such file or directory"
ts=2025-05-06T02:22:17.094Z caller=head.go:553 level=error component=tsdb msg="Failed to calculate size of \"chunks_head\" dir" err="lstat data/chunks_head: no such file or directory"
ts=2025-05-06T02:22:17.095Z caller=wlog.go:289 level=error component=tsdb msg="Failed to calculate size of \"wal\" dir" err="lstat data/wal: no such file or directory"
ts=2025-05-06T02:22:22.094Z caller=head.go:553 level=error component=tsdb msg="Failed to calculate size of \"chunks_head\" dir" err="lstat data/chunks_head: no such file or directory"
ts=2025-05-06T02:22:22.095Z caller=wlog.go:289 level=error component=tsdb msg="Failed to calculate size of \"wal\" dir" err="lstat data/wal: no such file or directory"
ts=2025-05-06T02:22:27.093Z caller=wlog.go:289 level=error component=tsdb msg="Failed to calculate size of \"wal\" dir" err="lstat data/wal: no such file or directory"
ts=2025-05-06T02:22:27.094Z caller=head.go:553 level=error component=tsdb msg="Failed to calculate size of \"chunks_head\" dir" err="lstat data/chunks_head: no such file or directory"
ts=2025-05-06T02:22:32.094Z caller=wlog.go:289 level=error component=tsdb msg="Failed to calculate size of \"wal\" dir" err="lstat data/wal: no such file or directory"
ts=2025-05-06T02:22:32.095Z caller=head.go:553 level=error component=tsdb msg="Failed to calculate size of \"chunks_head\" dir" err="lstat data/chunks_head: no such file or directory"
ts=2025-05-06T02:22:37.095Z caller=head.go:553 level=error component=tsdb msg="Failed to calculate size of \"chunks_head\" dir" err="lstat data/chunks_head: no such file or directory"
ts=2025-05-06T02:22:37.096Z caller=wlog.go:289 level=error component=tsdb msg="Failed to calculate size of \"wal\" dir" err="lstat data/wal: no such file or directory"
ts=2025-05-06T02:22:42.093Z caller=wlog.go:289 level=error component=tsdb msg="Failed to calculate size of \"wal\" dir" err="lstat data/wal: no such file or directory"
ts=2025-05-06T02:22:42.094Z caller=head.go:553 level=error component=tsdb msg="Failed to calculate size of \"chunks_head\" dir" err="lstat data/chunks_head: no such file or directory"
ts=2025-05-06T02:22:47.093Z caller=head.go:553 level=error component=tsdb msg="Failed to calculate size of \"chunks_head\" dir" err="lstat data/chunks_head: no such file or directory"
ts=2025-05-06T02:22:47.095Z caller=wlog.go:289 level=error component=tsdb msg="Failed to calculate size of \"wal\" dir" err="lstat data/wal: no such file or directory"
ts=2025-05-06T02:22:52.094Z caller=wlog.go:289 level=error component=tsdb msg="Failed to calculate size of \"wal\" dir" err="lstat data/wal: no such file or directory"
ts=2025-05-06T02:22:52.095Z caller=head.go:553 level=error component=tsdb msg="Failed to calculate size of \"chunks_head\" dir" err="lstat data/chunks_head: no such file or directory"
ts=2025-05-06T02:22:57.093Z caller=head.go:553 level=error component=tsdb msg="Failed to calculate size of \"chunks_head\" dir" err="lstat data/chunks_head: no such file or directory"
ts=2025-05-06T02:22:57.094Z caller=wlog.go:289 level=error component=tsdb msg="Failed to calculate size of \"wal\" dir" err="lstat data/wal: no such file or directory"
ts=2025-05-06T02:23:02.094Z caller=head.go:553 level=error component=tsdb msg="Failed to calculate size of \"chunks_head\" dir" err="lstat data/chunks_head: no such file or directory"
ts=2025-05-06T02:23:02.096Z caller=wlog.go:289 level=error component=tsdb msg="Failed to calculate size of \"wal\" dir" err="lstat data/wal: no such file or directory"
ts=2025-05-06T02:23:07.094Z caller=head.go:553 level=error component=tsdb msg="Failed to calculate size of \"chunks_head\" dir" err="lstat data/chunks_head: no such file or directory"
ts=2025-05-06T02:23:07.095Z caller=wlog.go:289 level=error component=tsdb msg="Failed to calculate size of \"wal\" dir" err="lstat data/wal: no such file or directory"
